Track URI,Track Name,Album Name,Artist Name(s),Release Date,Duration (ms),Popularity,Explicit,Added By,Added At,Genres,Record Label,Danceability,Energy,Key,Loudness,Mode,Speechiness,Acousticness,Instrumentalness,Liveness,Valence,Tempo,Time Signature
spotify:track:44D7e3YJyCEECAL8EauXWG,"Hobbit Festival","Halflings and Hobbits","Derek Fiechter",2017-08-16,198488,18,false,dfiechter2,2017-08-20T02:25:43Z,"medieval,celtic","Various Artists",0.497,0.505,9,-14.122,1,0.0371,0.826,0.974,0.257,0.564,171.982,4
spotify:track:2W6zB2k41ubt8sTRoRAiYG,"Dance of the Fairy Folk","Treefolk","Derek Fiechter;Brandon Fiechter",2018-05-03,214903,44,false,dfiechter2,2018-12-02T00:31:30Z,"medieval,celtic","Derek Fiechter & Brandon Fiechter",0.613,0.322,9,-18.917,1,0.0298,0.99,0.905,0.105,0.518,133.955,4
spotify:track:2ZAVVCdMKBtnNoMJfrhNs4,"Barliman Butterbur","Middle Earth (The Shire)","Derek Fiechter;Brandon Fiechter",2025-02-20,291315,12,false,dfiechter2,2025-02-20T05:54:40Z,"medieval,celtic","Derek Fiechter & Brandon Fiechter",0.614,0.126,8,-19.867,1,0.0398,0.989,0.961,0.122,0.44,75.988,4
spotify:track:6j34HAsY9I6mbo1sVKVOTH,"Pirates of the Coast","Scotland","Derek Fiechter;Brandon Fiechter",2015-11-30,209230,20,false,dfiechter2,2015-12-05T17:41:32Z,"medieval,celtic","Various Artists",0.776,0.3,4,-13.989,0,0.0466,0.323,0.126,0.133,0.463,116.983,3
spotify:track:5jcxOBEJ9IAQGfpMRuigrW,"Tír na nÓg","Celtic Lands","Derek Fiechter;Brandon Fiechter",2022-06-15,185694,14,false,dfiechter2,2022-06-09T18:10:16Z,"medieval,celtic","Derek Fiechter",0.298,0.124,7,-16.306,1,0.0381,0.939,0.994,0.121,0.388,108.261,4
spotify:track:0fOI7f2VmIpBy6F0qUUMwL,"Samwise Gamgee","Middle Earth","Derek Fiechter;Brandon Fiechter",2021-09-09,236842,16,false,dfiechter2,2021-09-09T05:23:37Z,"medieval,celtic","Derek Fiechter & Brandon Fiechter",0.379,0.233,2,-15.152,1,0.0336,0.765,0.976,0.0603,0.148,114.117,3
spotify:track:3M2Cg9BfomgXlwDeP0ofYK,"William Wallace","Scotland","Derek Fiechter;Brandon Fiechter",2015-11-30,208392,38,false,dfiechter2,2015-12-05T17:41:32Z,"medieval,celtic","Various Artists",0.234,0.368,9,-13.109,0,0.0323,0.00949,0.376,0.689,0.199,168.017,3
spotify:track:2UGn6SNAc2Sw3N770KRxo1,"The Ol' watermill","Irish Folk","Derek Fiechter;Brandon Fiechter",2015-02-28,183125,12,false,dfiechter2,2016-03-16T19:32:04Z,"medieval,celtic","Various Artists",0.389,0.206,2,-13.578,1,0.0325,0.623,0.00243,0.128,0.433,95.999,4
spotify:track:3iQ5ffA2AvHDMyFhlQwHc8,"Dance of the Forest Fauns","Pan's Forest","Brandon Fiechter",2021-01-07,220952,19,false,dfiechter2,2021-01-07T05:35:02Z,"medieval,celtic","Derek Fiechter & Brandon Fiechter",0.539,0.406,9,-18.814,0,0.0766,0.97,0.927,0.105,0.509,188.881,3
spotify:track:6jONvkYYhCy6pZVI19UfgG,"Hoists up the Sails","Scotland","Derek Fiechter;Brandon Fiechter",2015-11-30,188709,14,false,dfiechter2,2015-12-05T17:41:32Z,"medieval,celtic","Various Artists",0.529,0.547,4,-14.307,0,0.0322,0.00598,0.905,0.11,0.573,123.982,3
spotify:track:2RfbuVwsh0SCHOmJrVaFJS,"Dwarven Legend","Eternal Guardians","Ean Grimm",2020-09-11,213818,0,false,dfiechter2,2021-02-15T18:38:35Z,"medieval,celtic,renaissance","Ean Grimm",0.377,0.743,2,-8.746,0,0.0403,0.177,0.84,0.286,0.424,109.963,4
spotify:track:0eht6rrmOCjkeUv590OXMv,"Hobbit Celebration","Middle Earth (The Shire)","Derek Fiechter;Brandon Fiechter",2025-02-20,222439,10,false,dfiechter2,2025-02-20T05:54:40Z,"medieval,celtic","Derek Fiechter & Brandon Fiechter",0.528,0.162,7,-17.779,1,0.0539,0.936,0.96,0.148,0.599,122.93,4
spotify:track:4vkJSYs6T6unoGItQHKkrZ,"Brown Faun Inn","Pan's Forest","Brandon Fiechter;Derek Fiechter",2021-01-07,222600,12,false,dfiechter2,2021-01-07T05:31:58Z,"medieval,celtic","Derek Fiechter & Brandon Fiechter",0.513,0.283,11,-18.947,0,0.0436,0.97,0.94,0.113,0.47,150.028,3
spotify:track:2uDqZnwjwolMLYTliZ9aBS,"Roseville Fair","Roseville Fair","Órla Fallon",2020-07-03,257022,10,false,dfiechter2,2020-07-03T18:05:24Z,"celtic","Green Hill Productions",0.606,0.293,0,-11.888,1,0.0299,0.841,0.0000621,0.119,0.35,127.9,4
spotify:track:03vuSZT5p4h3cFQHTKbcJj,"Scottish Clan","Scotland","Derek Fiechter;Brandon Fiechter",2015-11-30,200625,21,false,dfiechter2,2015-12-05T17:41:32Z,"medieval,celtic","Various Artists",0.249,0.485,9,-17.826,0,0.0396,0.0000113,0.966,0.273,0.52,111.982,4
spotify:track:26VtkaPUaWYW7iQH3SbSnZ,"Two Blades","Eternal Guardians","Ean Grimm",2020-09-11,215040,0,false,dfiechter2,2021-02-15T18:43:45Z,"medieval,celtic,renaissance","Ean Grimm",0.408,0.563,4,-10.275,0,0.0373,0.131,0.552,0.396,0.309,125.016,4
spotify:track:6dkCYwWsPCV0853qAwZ9MH,"Heawood’s Hills","Heawood’s Hills","Alessandro Penna;Hjalmun The Bard",2022-11-28,129062,41,false,dfiechter2,2025-03-27T20:57:35Z,"celtic,medieval,space music","984125 Records DK",0.488,0.0957,9,-25.446,0,0.031,0.239,0.662,0.217,0.176,79.984,4
spotify:track:49TRdj76rVB4fOyjLVzfoB,"Hill Fort","Scotland","Derek Fiechter;Brandon Fiechter",2015-11-30,204193,11,false,dfiechter2,2015-12-05T17:41:32Z,"medieval,celtic","Various Artists",0.477,0.53,4,-14.155,0,0.03,0.0659,0.617,0.465,0.513,61.998,4
spotify:track:6h993Akm8LklpggSwJu9uj,"Last Dance of the Maypole","Last Dance of the Maypole","Karen Biehl",2025-05-02,164000,21,false,dfiechter2,2025-05-02T08:35:59Z,"","MCX",0.515,0.201,7,-14.62,0,0.0321,0.881,0.852,0.303,0.474,97.144,3
spotify:track:4bJsWgvfzUuD5EohGRl2e1,"Aunt Maggie's Pie","Aunt Maggie's Pie","Torben Fugger",2024-12-13,135468,10,false,dfiechter2,2024-12-14T17:37:26Z,"celtic,space music","Artistfy Music",0.374,0.271,2,-11.219,1,0.0295,0.749,0.000815,0.187,0.331,168.515,3
spotify:track:6fOQmXGOFqeN6OCrciwf37,"Sunrise","Sunrise","Borja Feal;Edu Andérez;Highlanders",2025-04-18,307466,9,false,dfiechter2,2025-04-21T23:12:04Z,"celtic","Borja Feal, Edu Andérez and Highlanders",0.53,0.42,2,-8.658,1,0.0356,0.61,0.96,0.099,0.64,94.787,4
spotify:track:6q9YnCjXL2kTXSI3nhBuGd,"Lunar Celebration","A Weakness for the Moon","Roxane Genot",2020-10-23,201888,0,false,dfiechter2,2020-10-23T22:28:44Z,"medieval,celtic","2020 Roxane Genot",0.314,0.206,9,-12.669,0,0.0349,0.257,0.000778,0.0711,0.417,170.027,3
spotify:track:1gF7XU6v5JhfdjoypP6f0n,"Lands of Magic","Celtic Journey","Ean Grimm",2020-10-30,332598,0,false,dfiechter2,2021-02-15T18:44:49Z,"medieval,celtic,renaissance","Ean Grimm",0.616,0.265,7,-18.782,0,0.0353,0.979,0.973,0.111,0.757,126.96,4
spotify:track:1yfQcZvnS3KBesBOlBfMKn,"Adventurer","Moment in Time","The Gothard Sisters",2025-10-17,193986,39,false,dfiechter2,2025-11-11T03:34:50Z,"celtic","Independent",0.484,0.718,2,-6.653,1,0.0378,0.281,0.537,0.0536,0.637,123.02,4
spotify:track:6aMwbdDCPn0uoQyDLUK445,"The Hidden Land","The Hidden Land","Melantos",2023-12-15,278887,3,false,dfiechter2,2023-12-17T05:48:12Z,"medieval,celtic","Melantos",0.166,0.349,4,-9.739,0,0.0323,0.684,0.757,0.139,0.179,83.924,3
spotify:track:0ERMmU2SgFPk077eKje7qf,"Coalminer's Reel / Sonny Martin's Reel","A Notre Dame Experience","The O'Neill Brothers",2024-10-23,156827,13,false,dfiechter2,2025-03-05T23:46:45Z,"lullaby","Shamrock-n-Roll, Inc.",0.471,0.504,7,-10.453,1,0.0393,0.75,0.955,0.13,0.766,112.378,4
spotify:track:5QvmNyC94mSAgHtujRbomu,"The Gap of Dreams","The Gap of Dreams","Reverie Road;Winifred Horan;John Williams;Katie Grennan;Utsav Lal",2023-10-13,326299,6,false,dfiechter2,2023-12-17T05:43:47Z,"celtic,traditional folk","5648875 Records DK2",0.384,0.593,7,-6.421,1,0.0402,0.93,0.567,0.291,0.856,121.744,4
spotify:track:50ohRp8xMYznRn7rXTLkjr,"Wild Mountain Thyme - 2022 Remastered Version","Book of Zeal, Vol. 2 (2022 Remastered Version)","Bart Zeal;Rachel Hardy",2022-08-15,285818,10,false,dfiechter2,2024-04-30T20:35:21Z,"sea shanties,celtic","Bart Zeal",0.508,0.113,0,-14.346,1,0.0318,0.882,0.000475,0.109,0.269,109.825,3
spotify:track:1b9y1Cq8O5L5txvLjDXoPQ,"Bilbo Baggins","Middle Earth (The Shire)","Derek Fiechter;Brandon Fiechter",2025-02-20,272307,9,false,dfiechter2,2025-02-20T05:54:40Z,"medieval,celtic","Derek Fiechter & Brandon Fiechter",0.22,0.165,1,-17.83,0,0.0406,0.983,0.976,0.0824,0.246,78.986,4
spotify:track:11aoeksS4UDAdEBL8PbeYD,"County Down","Misty Morning Shore","Olivia Bradley;Dave Curley",2023-11-03,327610,15,false,dfiechter2,2025-03-19T02:34:15Z,"celtic","Olivia Bradley",0.616,0.221,10,-10.575,1,0.0304,0.908,0,0.104,0.258,126.019,4
spotify:track:5kdUCoU0xaKTAD7qIt7j6S,"Sorcerer's Secrets in Elaria","Tales of Secret Elven Groves","Alessandro Penna;Hjalmun The Bard",2023-11-23,118593,27,false,dfiechter2,2025-03-27T20:52:47Z,"celtic,medieval,space music","984125 Records DK",0.568,0.255,2,-15.117,0,0.0377,0.334,0.0086,0.333,0.492,147.927,3
spotify:track:0fO7sQln43noE5NBuutJSD,"Song of the Sea Dragon","Tales of the Sea","The Wandering Jester",2024-11-26,165516,4,false,dfiechter2,2024-11-26T23:05:39Z,"medieval","The Wandering Jester's Records",0.704,0.392,2,-9.888,0,0.0303,0.898,0.976,0.126,0.687,116.068,3
spotify:track:6iprjNaoI6J8h0akXQDEXv,"Clan's Dance","Sonata Celtica","Trinaluna",2025-08-07,237048,2,false,dfiechter2,2025-08-15T20:04:25Z,"celtic","Urban Records",0.435,0.723,4,-7.529,0,0.044,0.178,0.411,0.105,0.321,125.015,4
spotify:track:5kFANXwjUvenNNfsnlqpq2,"Sentiero Antico (Celtic Folk Rock)","Sentiero Antico (Celtic Folk Rock)","Claudio Patuto",2025-10-17,184882,5,false,dfiechter2,2025-10-21T10:01:53Z,"","CP",0.533,0.816,2,-11.713,1,0.0312,0.0206,0.0192,0.257,0.777,101.971,4
spotify:track:0IDxXhNHl8SbG5Gmx80wAg,"Azeriari","Azeriari","Tartalo Music;Ian Fontova",2021-10-28,237852,32,false,dfiechter2,2021-10-29T17:46:39Z,"celtic,medieval","Deruweid",0.393,0.569,2,-14.574,1,0.0833,0.95,0.947,0.132,0.468,124.957,3
spotify:track:0M5Bd7I6qEscE1HjJhEpb2,"Pretty girl Milking a cow","Pretty girl Milking a cow","Borja Feal;Edu Andérez;Highlanders",2025-05-02,290720,8,false,dfiechter2,2025-06-01T19:43:27Z,"celtic","Borja Feal, Edu Andérez and Highlanders",0.193,0.428,9,-7.836,0,0.0369,0.173,0.282,0.0752,0.318,51.705,4
spotify:track:4sfLKpmaxnPYSdPbR80Kkt,"Bag End","Middle Earth (The Shire)","Derek Fiechter;Brandon Fiechter",2025-02-20,206000,14,false,dfiechter2,2025-02-20T05:54:40Z,"medieval,celtic","Derek Fiechter & Brandon Fiechter",0.0674,0.0381,5,-18.479,1,0.0416,0.945,0.97,0.121,0.19,61.526,4
spotify:track:6MQ7kPC3JDHNfvvePASIXr,"Second Breakfast","Moment in Time","The Gothard Sisters",2025-10-17,204853,39,false,dfiechter2,2025-11-11T03:33:04Z,"celtic","Independent",0.479,0.613,2,-6.833,1,0.0357,0.565,0.0558,0.146,0.6,113.347,4
spotify:track:5rpWJ0ZW5QVx9kfUhOha2g,"The Isle of Innisfree","The Isle of Innisfree","Shere Fraser;John Hamilton",2024-09-27,137189,21,false,dfiechter2,2024-09-27T18:29:54Z,"neoclassical","Shere Fraser and John Hamilton",0.391,0.0612,7,-23.336,1,0.0636,0.991,0.848,0.101,0.185,59.198,3
spotify:track:7kxXdZvIWU5ek8PTBlwwah,"Magic Mist","World Heroes : Celts","Ihsan Dincer",2022-05-06,133874,4,false,dfiechter2,2022-10-18T05:28:16Z,"","776852 Records DK",0.332,0.605,7,-9.79,1,0.0287,0.691,0.781,0.242,0.522,179.87,3
spotify:track:21dCbmXzk3Y0QcLMnxt1aG,"Singing the Tradition","The Ginger Dancer","Joel Bezerra",2023-12-08,168239,19,false,dfiechter2,2024-08-28T20:43:34Z,"medieval","For Play",0.515,0.325,10,-8.166,1,0.0271,0.513,0.000266,0.164,0.31,140.017,3
spotify:track:1kruKXao8TxM4JNOlVpGTZ,"Wind Off the Sea","Wind Off the Sea","Open Road Folk Music",2023-07-21,190689,0,false,dfiechter2,2023-08-30T22:22:37Z,"indie folk","Tim Janis Ensemble",0.318,0.227,2,-19.049,1,0.0329,0.921,0.928,0.122,0.117,155.247,4
spotify:track:26DzHwr7HPG6GxuG4KmKGF,"Haelorian Athe (Bonus Track)","Legend","Tartalo Music",2018-12-20,178331,12,false,dfiechter2,2020-07-25T00:53:57Z,"celtic,medieval","Deruweid",0.0764,0.491,4,-12.61,0,0.0714,0.125,0.00429,0.115,0.204,179.35,3
spotify:track:72aqms0i8lvFztlhRw4SIK,"A Celtic Lullaby","The Celtic Collection, Vol. 1","OrigIn",2024-10-31,155863,3,false,dfiechter2,2024-11-03T17:34:50Z,"","8166140 Records DK",0.433,0.435,2,-8.09,0,0.0291,0.00748,0.873,0.151,0.037,144.041,3
spotify:track:5Q0SOhET5n2XOVegSz1u4U,"Naked and Bare","Naked and Bare","Reverie Road;Winifred Horan;John Williams;Katie Grennan;Utsav Lal",2024-02-06,244178,3,false,dfiechter2,2024-02-08T19:01:36Z,"celtic,traditional folk","5648875 Records DK2",0.244,0.224,4,-10.471,0,0.0409,0.981,0.183,0.105,0.189,149.406,3
spotify:track:23GYh7VN0Hxp5mlJa9gpOh,"La Fleur De L'orage","La Fleur De L'orage","Light of Vega",2024-02-15,269458,4,false,dfiechter2,2024-07-31T17:47:44Z,"celtic","Independent",0.5,0.528,5,-6.658,1,0.0305,0.874,0.215,0.124,0.193,119.985,4
spotify:track:4RGqFVS359KQyapnjz6Cw7,"Pibroch by the sea","Pibroch by the sea","Borja Feal;Edu Andérez;Highlanders",2025-04-04,352592,8,false,dfiechter2,2025-04-21T23:08:14Z,"celtic","Various Artists",0.285,0.617,9,-10.65,1,0.0383,0.018,0.302,0.067,0.192,123.811,4
spotify:track:1tSw3fj3oVG60hKv9hHSsM,"Meriadoc Brandybuck","Middle Earth (The Shire)","Derek Fiechter;Brandon Fiechter",2025-02-20,217005,10,false,dfiechter2,2025-02-20T05:54:40Z,"medieval,celtic","Derek Fiechter & Brandon Fiechter",0.322,0.106,5,-21.553,1,0.0341,0.946,0.988,0.109,0.506,110.158,4
spotify:track:6j1ks4Rqqp0C7hv8Xq7Fpm,"The Bard's Path","The Bard's Path","Mirko Mica",2024-05-03,202417,15,false,dfiechter2,2024-10-02T17:36:12Z,"","DK Records",0.235,0.292,0,-13.971,1,0.0308,0.33,0.599,0.128,0.227,135.052,4
spotify:track:4x4Fk437vJ80dGMvjiwsOl,"We Break at Dawn","The War of Wolves","The Last Retinue",2024-06-28,208175,6,false,dfiechter2,2024-08-15T22:40:48Z,"medieval,medieval metal","The Last Retinue",0.0847,0.826,0,-6.218,1,0.0663,0.0000232,0.644,0.102,0.0527,170.116,4
spotify:track:5OUwdCtwFis0aMqRqOimx8,"Fairy Glen","Celtic Lands","Tim Janis",2021-03-05,201000,0,false,dfiechter2,2023-02-24T19:26:03Z,"new age,celtic","Tim Janis Ensemble",0.431,0.445,2,-15.609,1,0.0524,0.0222,0.897,0.148,0.0334,123.091,4
spotify:track:2qVNXyuF48Mg9vcA8XqOvL,"Irish Dream","Celtic Journey","Ean Grimm",2020-10-30,133565,0,false,dfiechter2,2021-02-15T18:44:55Z,"medieval,celtic,renaissance","Ean Grimm",0.648,0.248,5,-13.303,1,0.0341,0.872,0.986,0.113,0.409,115.011,4
spotify:track:4NnPAEoMTG5gGSehoYqVWr,"Taranis","Trinux","Tartalo Music",2020-06-03,144000,24,false,dfiechter2,2020-07-25T00:48:00Z,"celtic,medieval","Deruweid",0.319,0.823,4,-9.18,0,0.045,0.0797,0.35,0.164,0.176,180.28,3
spotify:track:1imF89xKlMH4IQvrbS1QMG,"Éire","Éire","Alessandro Zangrando",2024-09-23,178730,22,false,dfiechter2,2024-09-25T17:49:44Z,"celtic","Magister Recording Area",0.368,0.449,5,-10.814,1,0.0389,0.719,0.892,0.388,0.41,125.962,4
spotify:track:5W6jGiDvXIWOutVCGIWyDb,"Peregrin Took","Middle Earth (The Shire)","Derek Fiechter;Brandon Fiechter",2025-02-20,199024,7,false,dfiechter2,2025-02-20T05:54:40Z,"medieval,celtic","Derek Fiechter & Brandon Fiechter",0.5,0.12,2,-20.223,1,0.0324,0.987,0.972,0.0713,0.651,163.967,3
spotify:track:1bm9XaoQMCYkD2GEge43bd,"Irish Sky","Celtic Journey","Ean Grimm",2020-10-30,132000,0,false,dfiechter2,2021-02-15T18:45:08Z,"medieval,celtic,renaissance","Ean Grimm",0.817,0.338,0,-11.034,1,0.0432,0.805,0.922,0.11,0.479,119.979,3
spotify:track:1YSvLxaJflgT2u4oa2hdFq,"May Dance","The Celtic Heart","David Arkenstone",2018-11-29,279946,0,false,dfiechter2,2020-08-13T05:33:31Z,"celtic,new age,medieval","QDV Productions, Inc.",0.342,0.252,2,-14.752,1,0.0376,0.611,0.832,0.0802,0.17,124.8,3
spotify:track:4f3RLhoOesSodLh5sPc2ZW,"The Shire","Middle Earth (The Shire)","Derek Fiechter;Brandon Fiechter",2025-02-20,488684,16,false,dfiechter2,2025-02-20T05:54:40Z,"medieval,celtic","Derek Fiechter & Brandon Fiechter",0.282,0.0466,9,-20.048,1,0.0388,0.987,0.883,0.092,0.207,76.086,4
spotify:track:6XTJep9p7LST0mBPmuZ9Ve,"Queen of the Celts","Dance of Iron","Ean Grimm",2020-07-10,209454,0,false,dfiechter2,2020-07-12T22:41:42Z,"medieval,celtic,renaissance","Ean Grimm",0.32,0.233,2,-12.216,0,0.0385,0.969,0.767,0.22,0.257,73.166,4
spotify:track:2KpPMm0KOHV3d9x8r5JLDa,"Night in Hobbiton","Middle Earth (The Shire)","Derek Fiechter;Brandon Fiechter",2025-02-20,490819,14,false,dfiechter2,2025-02-20T05:54:40Z,"medieval,celtic","Derek Fiechter & Brandon Fiechter",0.286,0.0585,6,-20.371,1,0.0374,0.991,0.948,0.12,0.182,61.056,4
spotify:track:2M41bqHgVaweEV45sKiOr7,"The Fields of Athenry","Misty Morning Shore","Olivia Bradley",2023-11-03,247266,14,false,dfiechter2,2025-03-19T02:34:45Z,"celtic","Olivia Bradley",0.351,0.286,5,-7.748,1,0.0334,0.854,0,0.109,0.35,110.493,4
spotify:track:4m5R7VAV69g69MK5MNiWdt,"Aersyr's Copse","Elseridge Academy","Borough Bound",2024-05-10,215470,25,false,dfiechter2,2024-05-10T18:30:41Z,"medieval","Mankis Stankis Records",0.476,0.344,9,-12.788,0,0.031,0.594,0.151,0.138,0.0994,91.943,3
spotify:track:4UddeNVFP2Hbo9EukxebVd,"The Green Dragon","Middle Earth (The Shire)","Derek Fiechter;Brandon Fiechter",2025-02-20,247105,9,false,dfiechter2,2025-02-20T05:54:40Z,"medieval,celtic","Derek Fiechter & Brandon Fiechter",0.28,0.176,8,-17.052,1,0.0465,0.976,0.893,0.189,0.553,152.635,3
spotify:track:72DEoSh0o3bE7zz6CLWZQg,"Children of the Moon - Instrumental","Tales of Olden, Vol. 2","Ian Fontova",2024-02-08,273066,25,false,dfiechter2,2024-02-11T20:04:48Z,"celtic,medieval","Ian Fontova",0.48,0.421,4,-12.439,0,0.0294,0.421,0.253,0.189,0.236,134.978,3
spotify:track:4IB1xSCkchLDGR9XPEYzjs,"Choices and Fates","Choices and Fates","Nicostrauss",2023-06-23,221647,4,false,dfiechter2,2023-06-27T17:22:03Z,"medieval,celtic","Nicostrauss",0.12,0.363,0,-12.004,1,0.0313,0.00485,0.895,0.105,0.135,83.431,4
spotify:track:0leRYqYcLoiReOa9MbmFyL,"Frodo Baggins","Middle Earth (The Shire)","Derek Fiechter;Brandon Fiechter",2025-02-20,269189,9,false,dfiechter2,2025-02-20T05:54:40Z,"medieval,celtic","Derek Fiechter & Brandon Fiechter",0.136,0.136,2,-19.707,1,0.042,0.973,0.981,0.109,0.165,147.465,4
spotify:track:5pUMq1GE0BiEbYrvoGgpaS,"Coolbanagher/The Middle Quay","The Orchard","Oisín Mac Cinnéide",2023-08-25,275113,2,false,dfiechter2,2024-01-02T03:56:37Z,"celtic","McKennedy Music",0.484,0.467,2,-9.545,1,0.041,0.63,0.894,0.335,0.865,115.285,4
spotify:track:5BzFQGJebg8b2p2utAmoes,"Calon Lân","Calon Lân","Ellen Williams",2022-02-25,210694,7,false,dfiechter2,2022-03-24T03:43:24Z,"classical crossover,opera","Vissi Records",0.316,0.413,9,-10.112,1,0.0343,0.957,0.0000384,0.0713,0.148,88.565,5
spotify:track:5EpneVYhJQfD8A8HBMTjLz,"Carrickfergus","Autumn","Traditional;Laura Auer;Michael McGoldrick",2022-11-25,204500,3,false,dfiechter2,2022-11-25T06:19:24Z,"bhajan,devotional,early music,gregorian chant,classical crossover,celtic,traditional folk,folk","Crossover Records",0.277,0.337,6,-8.929,0,0.0339,0.406,0.000032,0.201,0.207,114.864,4
spotify:track:3ZF5RUueJQRZ233I2YBN9F,"Celtic Waves","Celtic Waves","Bartlomiej Weglinski",2021-01-08,160000,23,false,dfiechter2,2021-03-06T20:44:05Z,"celtic,medieval","Weglinski Productions",0.427,0.419,7,-16.26,1,0.0446,0.934,0.856,0.398,0.412,86.958,4
spotify:track:7fUMeCWy8rOP1L6wjZakxR,"Coalminer's Reel / Sonny Martin's Reel (Instrumental Version)","Irish Melodies on Piano - Best of The O'Neill Brothers","The O'Neill Brothers",2018-06-19,156827,12,false,dfiechter2,2024-02-29T18:41:31Z,"lullaby","Shamrock-n-Roll, Inc.",0.471,0.504,7,-10.453,1,0.0393,0.75,0.955,0.13,0.766,112.378,4
spotify:track:5LtcNjzxycnFFyhc9rr00D,"Trust Thou in the Lord","Trust Thou in the Lord","MPK Christian Celtic Band;Yaron Cherniak",2024-03-01,297562,3,false,dfiechter2,2024-03-07T18:56:13Z,"celtic","MPK Christian Celtic Band",0.314,0.523,7,-7.044,1,0.0322,0.64,0,0.301,0.326,159.684,3
spotify:track:2gShX5vJ1l5NK8059wu7hd,"The Golden Thread","Dragonfly","The Gothard Sisters",2021-06-04,191480,25,false,dfiechter2,2021-06-04T18:31:10Z,"celtic","Gothard Sisters Music",0.199,0.458,11,-9.296,0,0.0333,0.165,0.574,0.307,0.327,125.846,4
spotify:track:1FV3f1VfCGMIyz9nq7fJYg,"Dragon Riders","Scotland","Derek Fiechter;Brandon Fiechter",2015-11-30,191785,16,false,dfiechter2,2015-12-05T17:41:32Z,"medieval,celtic","Various Artists",0.437,0.494,0,-14.111,1,0.038,0.000131,0.882,0.197,0.249,112.004,4
spotify:track:3UqpGhpTMqW5EonsTSxt5p,"New Horizons","New Horizons","The Gothard Sisters",2022-08-19,187918,33,false,dfiechter2,2022-08-19T04:49:54Z,"celtic","Independent",0.616,0.648,7,-5.9,1,0.0285,0.0419,0.712,0.0749,0.0862,126.012,4
spotify:track:0qZRf39fhZt5BNWdQTN3AL,"Eleanor","Just Truth","Scott Danger Bravo",2023-03-20,209500,3,false,dfiechter2,2023-04-23T18:09:10Z,"","Chinatown Records",0.191,0.41,3,-10.806,1,0.0357,0.917,0.929,0.123,0.372,83.303,4
spotify:track:6VE4sddYGu0ca7HpIwagJm,"Dance of Stones","Tales of Olden, Vol. 2","Ian Fontova",2024-02-08,200571,38,false,dfiechter2,2024-02-11T20:04:36Z,"celtic,medieval","Ian Fontova",0.655,0.532,9,-13.717,0,0.114,0.108,0.013,0.355,0.653,140.089,4
spotify:track:2If9dQixZQdMy0oXyxnGX5,"Traversing Humongous Mountains","Wildlands III","Brombaer",2023-02-16,212185,20,false,dfiechter2,2023-02-16T18:43:47Z,"celtic","Brombaer Records",0.208,0.0685,9,-22.991,0,0.0429,0.978,0.965,0.0567,0.0359,101.957,4
spotify:track:4A5k7t9UhORF9AHamFpm5n,"128 South","The Coast Road","Elizabeth Davidson-Blythe;Daniel Quayle",2022-09-30,247253,5,false,dfiechter2,2022-11-03T17:26:37Z,"celtic,medieval","Scarleod Records",0.219,0.371,2,-9.083,1,0.03,0.936,0.000141,0.285,0.415,108,4
spotify:track:5hXhmA7yiyTiY6mzWWzkP3,"Nemetona Eta Sixarbori","Legend","Tartalo Music",2018-12-20,193333,23,false,dfiechter2,2020-07-25T00:53:04Z,"celtic,medieval","Deruweid",0.326,0.727,4,-11.717,1,0.0492,0.00644,0.857,0.297,0.598,89.773,4
spotify:track:2GbUY7KSNf39C748pgvFyo,"Downton Abbey Theme 2022 Remastered","Downton Abbey Theme 2022 Remastered","John Lunn;Celtic World Orchestra",2019-07-09,247519,0,false,dfiechter2,2020-06-11T18:36:20Z,"celtic","Worldly Ent LLC",0.0882,0.378,4,-13.585,0,0.0369,0.093,0.776,0.353,0.0945,182.389,3
spotify:track:5foPNb5pet8fYSC8hC7rAw,"Teutates","Trinux","Tartalo Music",2020-06-03,170304,35,false,dfiechter2,2020-07-25T00:48:03Z,"celtic,medieval","Deruweid",0.465,0.93,5,-7.057,0,0.0515,0.0479,0.966,0.0865,0.633,66.66,4
spotify:track:2QKgngebK47yaZnG7rLDY2,"The Ferryman","The Ferryman","Patricks",2023-02-24,206026,4,false,dfiechter2,2023-03-10T18:37:02Z,"celtic,sea shanties","Maxy Sound",0.648,0.792,5,-6.661,1,0.0352,0.526,0.0000291,0.273,0.867,108.075,4
spotify:track:22HA99upOqGCSyys5bFn6v,"Masters of the Smithy","Eternal Guardians","Ean Grimm",2020-09-11,195555,0,false,dfiechter2,2021-02-15T18:41:38Z,"medieval,celtic,renaissance","Ean Grimm",0.473,0.585,4,-10.445,0,0.0308,0.615,0.12,0.622,0.373,107.967,4
spotify:track:7FDdEBjUzUG6XQv4voBX6V,"Crack the Walnut / Roger the Shrubber","Celtic Party Music: Upbeat Irish Tunes","Kennedy's Kitchen",2015-01-13,178065,7,false,dfiechter2,2023-03-06T21:43:16Z,"celtic,traditional folk","Shamrock-n-Roll, Inc.",0.508,0.451,2,-6.69,1,0.0366,0.476,0.0157,0.204,0.839,111.511,4
spotify:track:3i1AJqv6BMvAeGoVdiUBqy,"Chasing the Sun","Chasing the Sun","The Gothard Sisters",2020-09-18,215040,13,false,dfiechter2,2020-09-18T19:46:06Z,"celtic","The Gothard Sisters",0.682,0.699,4,-5.431,1,0.0304,0.512,0.703,0.111,0.491,123.987,4
spotify:track:6THOBE2Q8kWvEo5GtVUuNe,"Hermitage/The Orchard","The Orchard","Oisín Mac Cinnéide",2023-08-25,178427,2,false,dfiechter2,2024-01-02T03:56:28Z,"celtic","McKennedy Music",0.427,0.606,2,-7.153,1,0.0379,0.371,0.0115,0.115,0.892,127.013,4
spotify:track:0AnqCBiG9W7u6WtVymdToD,"Erin Go Bragh","Seven Irish Nights","Jimmy & Scots Folk Band",2023-02-24,201379,39,false,dfiechter2,2023-02-24T19:23:24Z,"sea shanties,celtic","Maxy Sound",0.51,0.567,11,-8.072,0,0.0328,0.804,0.00338,0.127,0.499,150.064,3
spotify:track:10jhD4YU51e3TcCTwTftT8,"Star of the County Down","Rebels in the Night","Sheridan Rúitín",2022-03-06,188250,16,false,dfiechter2,2022-12-26T23:18:35Z,"sea shanties,celtic,celtic punk,celtic rock","Sheridan Rúitín",0.48,0.769,4,-7.221,0,0.0578,0.409,0,0.0868,0.787,104.9,4
spotify:track:72LSUMJoDPTMEA8iiuw0py,"Gaueko","Legend","Tartalo Music",2018-12-20,355266,12,false,dfiechter2,2020-07-25T00:52:48Z,"celtic,medieval","Deruweid",0.284,0.539,9,-12.254,1,0.0523,0.00302,0.00298,0.211,0.0388,159.73,3
spotify:track:6mSi7SijkLqqKK5zpS2Ig7,"Celtic Warriors","Scotland","Brandon Fiechter",2015-11-30,196137,24,false,dfiechter2,2015-12-05T17:41:32Z,"medieval,celtic","Various Artists",0.43,0.364,5,-16.784,1,0.0263,0.134,0.243,0.258,0.217,62.008,4
spotify:track:1brXzlbUNJ9yRa9MoJqiIJ,"Wild Mountain Thyme","Wild Mountain Thyme","Órla Fallon",2020-06-12,188261,11,false,dfiechter2,2020-06-12T22:29:59Z,"celtic","Green Hill Productions",0.262,0.197,2,-11.504,1,0.0329,0.95,0.0000095,0.0813,0.314,169.408,3
spotify:track:4ci9xtRQb49bfhzGMNwkoE,"The Maid Of The Highlands","Celtic Tales","Ihsan Dincer",2022-09-23,285882,3,false,dfiechter2,2022-10-18T05:29:02Z,"","Ihsan Dincer",0.477,0.654,7,-8.541,0,0.0256,0.863,0.944,0.108,0.545,170.001,3
spotify:track:2LelnPwestOF5uwwvnELH5,"The Highland's Wind","The Highland's Wind","Phantasia Music",2021-05-18,196724,22,false,dfiechter2,2021-10-05T17:58:37Z,"medieval","2789685 Records DK",0.373,0.399,7,-15.538,1,0.0371,0.288,0.974,0.107,0.167,149.969,3
spotify:track:3l10QgOyPQmmLAxGmvbPiG,"Primal Forest","Magic of Music","Ean Grimm",2020-05-15,180512,0,false,dfiechter2,2020-06-03T17:59:20Z,"medieval,celtic,renaissance","Ean Grimm",0.12,0.477,2,-10.546,0,0.0413,0.627,0.207,0.318,0.366,175.162,3
spotify:track:60rBsDR3o55WXj5SPSbHYV,"Scottish Festival","Scotland","Brandon Fiechter",2015-11-30,202815,11,false,dfiechter2,2015-12-05T17:41:32Z,"medieval,celtic","Various Artists",0.444,0.7,9,-13.055,0,0.052,0.0577,0.533,0.154,0.28,119.009,4
spotify:track:7a7bLOIVRwE2exNV0lBpGs,"Captain Furocious / An Eye for Ezra Wolf / The Dancing Feet of Mr. Preston Wolf","Through the Wood, Laddie","Joanna Johnson",2020-10-02,232000,2,false,dfiechter2,2020-10-14T17:57:05Z,"celtic","Joanna Johnson",0.434,0.786,11,-10.525,0,0.0432,0.463,0.00000495,0.308,0.566,99.01,4
spotify:track:5ndmi3syavCk8XGHwoxeGW,"Danza das cacharelas","Danza das cacharelas","BellónMaceiras",2023-03-31,253500,4,false,dfiechter2,2023-04-01T22:33:31Z,"celtic","BellónMaceiras Música",0.193,0.399,0,-9.459,1,0.0386,0.267,0.963,0.0782,0.215,140.891,4
spotify:track:3fBMSKzCvF9zqy3m0sEuua,"Step It Out Mary","Step It Out Mary","Patricks",2022-02-25,209573,5,false,dfiechter2,2023-03-11T18:14:58Z,"celtic,sea shanties","Maxy Sound",0.712,0.8,9,-6.521,0,0.0733,0.351,0,0.105,0.856,116.88,4
spotify:track:6g1rz5WuKJIVQH3RRZzG5c,"The Green Hills Of Erin","From Medieval Chronicles","Joseph C. Phaze",2023-02-15,250200,4,false,dfiechter2,2023-02-17T19:20:14Z,"medieval","Opera Norici",0.133,0.518,9,-5.487,0,0.0313,0.321,0.219,0.151,0.0889,99.069,4
spotify:track:488zkkpLjuts70f2yHoKZO,"A Celtic Journey","Destination - Home","Will Marshall",2021-01-25,259333,3,false,dfiechter2,2021-02-16T21:49:37Z,"celtic,breakbeat","Will Marshall",0.236,0.468,2,-11.075,1,0.0351,0.327,0.109,0.102,0.0611,106.948,3
spotify:track:5peoj3XXRPYg3PVZRDJzSD,"Welsh Tunes: Forsake Me Not / University College Swansea / Captain Heapy's Hornpipe (feat. Juan Cabe & Oliver Wilson-Dickson)","Ten","BellónMaceiras;Juan Cabe;Oliver Wilson-Dickson",2015-12-01,294480,4,false,dfiechter2,2022-12-08T18:39:21Z,"celtic","BellónMaceiras Música",0.432,0.436,7,-8.399,1,0.0308,0.784,0.325,0.111,0.336,128.937,4
spotify:track:5oeUgN2MaC8RuVEAIYQFGq,"Don the Mask, Drink the Cordial","Ithivellia","Borough Bound",2023-05-05,144736,18,false,dfiechter2,2023-05-05T19:50:34Z,"medieval","Mankis Stankis Records",0.424,0.394,7,-11.122,1,0.0307,0.126,0.0285,0.183,0.507,137.3,4
spotify:track:2oL4F8Xp06I5j4CWqCs1sO,"Pixies of the Enchanted Marshes","Into the Swamp","Derek Fiechter;Brandon Fiechter",2021-06-24,207545,25,false,dfiechter2,2021-06-24T18:40:08Z,"medieval,celtic","Derek Fiechter & Brandon Fiechter",0.249,0.206,2,-17.627,0,0.0336,0.987,0.877,0.0825,0.398,54.415,4
spotify:track:65MA68yL0oBMxwuWcIFquG,"Feather, Bone & Ash: Ancient Colors","Feather, Bone & Ash: Ancient Colors","Celtic World Orchestra, New Age Celtic, New Age Celts",2020-06-01,298404,0,false,dfiechter2,2020-06-11T18:36:25Z,"","Worldly Ent LLC",0.123,0.255,9,-12.53,0,0.0344,0.233,0.0504,0.108,0.0775,173.372,4
spotify:track:3Apmn2N8iLqKhuNnA5PjZ1,"The Rattlin' Bog","Seven Irish Nights","Jimmy & Scots Folk Band",2023-02-24,192806,23,false,dfiechter2,2023-03-07T18:54:35Z,"sea shanties,celtic","Maxy Sound",0.336,0.511,7,-8.736,1,0.0597,0.829,0,0.107,0.618,170.91,4
spotify:track:5NTdjANybEKILqOc7hjkUF,"Warrior of Freedom","Warrior of Freedom","Manolo Fernandez",2020-10-30,246622,7,false,dfiechter2,2020-10-30T21:05:33Z,"celtic,new age","manumusic",0.55,0.384,3,-10.511,0,0.0274,0.985,0.9,0.119,0.36,186.023,3
spotify:track:1nq4eQ8ArtdOpMedTaYJB9,"Cedars House","March Through Storms","House of Hamill",2018-06-22,248893,15,false,dfiechter2,2021-10-07T05:10:28Z,"celtic,celtic rock","House of Hamill",0.64,0.832,9,-4.224,0,0.0343,0.107,0.000118,0.147,0.237,125.003,4
spotify:track:09Wb5lIMYCiK6zrA4eTbmC,"Tir Nan Og","Tir Nan Og","Logan Epic Canto",2020-01-12,160576,0,false,dfiechter2,2020-08-13T05:11:27Z,"celtic,medieval","Logan Epic Canto",0.444,0.856,9,-5.061,0,0.0481,0.00054,0.0891,0.327,0.525,130.015,4
spotify:track:3UsawM7BkKWtWwudYKB1gS,"Leprechaun Doctor","Healing Forest","Derek Fiechter;Brandon Fiechter",2021-12-02,211642,6,false,dfiechter2,2021-12-02T05:11:41Z,"medieval,celtic","Derek Fiechter & Brandon Fiechter",0.426,0.177,9,-18.425,1,0.0371,0.971,0.96,0.104,0.51,142.396,3
spotify:track:5CrD7kN72S8Y1UFePKkHyy,"Saint Patrick","Celtic Lands","Derek Fiechter;Brandon Fiechter",2022-06-15,221973,3,false,dfiechter2,2022-06-09T18:10:16Z,"medieval,celtic","Derek Fiechter",0.276,0.318,5,-14.784,0,0.0357,0.398,0.905,0.281,0.479,115.597,3
spotify:track:0Yb6ci9hsn5cVFzSAQaxm7,"Prince of Moonglade","Prince of Moonglade","Roxane Genot;Derek Fiechter;Brandon Fiechter",2022-04-15,192000,28,false,dfiechter2,2022-04-15T17:50:46Z,"medieval,celtic","Roxane Genot",0.293,0.239,5,-12.718,0,0.0408,0.897,0.862,0.104,0.0914,120.323,3
spotify:track:7vl02HWhv7EQgguiBu2Qsx,"Follow the Heron","Follow the Heron","The Lasses;Kathryn Claire",2021-05-28,197000,12,false,dfiechter2,2021-05-30T19:27:17Z,"celtic","Lonesome Robin",0.466,0.226,9,-9.248,1,0.0317,0.748,0,0.114,0.332,104.346,4
spotify:track:2QPok2nN0yGfkhxI6z8vQe,"Celtic Callings","Celtic Callings","Karen Biehl",2022-05-20,139000,24,false,dfiechter2,2022-05-20T17:26:09Z,"","MCX Distro",0.412,0.111,7,-18.521,0,0.0363,0.973,0.824,0.108,0.163,112.829,3
spotify:track:6sxvj4zNmueRA1KJ0Zwp04,"Fairies of the Wild Isles","Celtic Lands","Derek Fiechter;Brandon Fiechter",2022-06-15,188142,17,false,dfiechter2,2022-06-09T18:10:16Z,"medieval,celtic","Derek Fiechter",0.632,0.517,9,-15.187,0,0.0272,0.872,0.917,0.0942,0.217,140.018,4
spotify:track:1qrDdqvzXTzzCaMzFfVOwF,"Session Tunes","Session Tunes","MPK Christian Celtic Band",2022-02-04,214443,8,false,dfiechter2,2022-02-04T18:37:00Z,"celtic","MPK Christian Celtic Band",0.413,0.813,7,-9.896,1,0.061,0.231,0.000843,0.366,0.632,93.035,4
spotify:track:4HvJdQVwV2sMtmQGlUNnq1,"Haunted Scottish Castle","Scotland","Derek Fiechter",2015-11-30,209021,9,false,dfiechter2,2015-12-05T17:41:32Z,"medieval,celtic","Various Artists",0.429,0.496,9,-13.761,0,0.0296,0.044,0.102,0.344,0.108,91.986,4
spotify:track:0Gm39UWsm4gJ4QG0eaOT8m,"Marie's Wedding","Rebels in the Night","Sheridan Rúitín",2022-03-06,253750,30,false,dfiechter2,2022-12-26T23:21:59Z,"sea shanties,celtic,celtic punk,celtic rock","Sheridan Rúitín",0.519,0.622,7,-6.792,1,0.037,0.699,0,0.118,0.873,184.923,4
spotify:track:6zKiqDtOub3cYuFbNvkE7r,"Irish Vale","Celtic Lands","Derek Fiechter;Brandon Fiechter",2022-06-15,207692,6,false,dfiechter2,2022-06-09T18:10:16Z,"medieval,celtic","Derek Fiechter",0.281,0.149,0,-15.292,0,0.0349,0.977,0.916,0.146,0.164,77.974,4
spotify:track:7xC7i5MOsR6EQwG2aRYin1,"Ancient Reflections","Legend","Tartalo Music",2018-12-20,144411,18,false,dfiechter2,2020-07-25T00:51:46Z,"celtic,medieval","Deruweid",0.18,0.631,5,-12.117,0,0.0622,0.0000496,0.868,0.117,0.0886,98.62,3
spotify:track:2Y9ByKpcSTEGkncfKT96gv,"Barbarian Raid","Scotland","Derek Fiechter;Brandon Fiechter",2015-11-30,184218,8,false,dfiechter2,2015-12-05T17:41:32Z,"medieval,celtic","Various Artists",0.533,0.482,4,-15.11,0,0.0313,0.011,0.792,0.4,0.154,128.024,4
spotify:track:28lrEQlSgxVg3NGAMAylH7,"Skellig Islands","Celtic Lands","Derek Fiechter;Brandon Fiechter",2022-06-15,227142,3,false,dfiechter2,2022-06-09T18:10:16Z,"medieval,celtic","Derek Fiechter",0.4,0.112,7,-14.893,1,0.0311,0.989,0.661,0.139,0.422,83.928,4
spotify:track:2xLgRAMrP6UU75Vby2jSkX,"Gaelic Feast","Scotland","Derek Fiechter;Brandon Fiechter",2015-11-30,194704,7,false,dfiechter2,2015-12-05T17:41:32Z,"medieval,celtic","Various Artists",0.51,0.411,0,-10.84,1,0.0279,0.47,0.000441,0.193,0.442,109.937,4
spotify:track:47mhSP9LNUTyGqcZVS8VAW,"Celtic Harp (Enchanted)","Celtic Harp (Enchanted)","Georum",2021-08-07,166112,16,false,dfiechter2,2022-12-23T20:06:38Z,"celtic,medieval","3235544 Records DK",0.431,0.0825,0,-20.574,1,0.0784,0.957,0.00279,0.156,0.526,94.514,4
spotify:track:4JAlp922gdaFfiv1IFR4rj,"The Fox in the Town / The Turnpike / Devanny's Goat","Apples in Winter","Lucie Périer;Orwin Hébert",2019-12-09,215493,2,false,dfiechter2,2021-08-16T17:50:18Z,"celtic","Collectif Anémochore",0.554,0.425,4,-7.036,0,0.0447,0.985,0.159,0.234,0.973,110.155,4
spotify:track:0Fj4y1JCLzokL6ufy3qhiU,"Winter Unicorns","Unicorns","Derek Fiechter;Brandon Fiechter",2021-12-30,204571,14,false,dfiechter2,2021-12-30T06:40:02Z,"medieval,celtic","Derek Fiechter & Brandon Fiechter",0.102,0.205,2,-14.364,1,0.0404,0.9,0.893,0.131,0.109,85.725,3
spotify:track:0tGLPWeFnqQ0AvEV9eLZ16,"Titanic's Theme","Viral Reels (Vol. 2)","Jesús del Castillo",2021-09-23,123130,0,false,dfiechter2,2021-12-02T04:15:51Z,"celtic","BoltMusic distributed by Altafonte",0.17,0.287,4,-6.117,0,0.0389,0.555,0.000203,0.316,0.135,116.012,3
spotify:track:4Zq2uPJ16BJVSd57fNAUe5,"In Too Deep","Lost In Love","Natasha Hardy",2019-05-10,279537,0,false,dfiechter2,2019-10-31T17:58:33Z,"classical crossover,celtic","Peachie Recordings",0.295,0.52,6,-8.895,1,0.0346,0.849,0.000178,0.0766,0.224,124.891,4
spotify:track:2rhe1jE0hHHosmkjkOYinn,"The Highland Tavern","Scotland","Derek Fiechter;Brandon Fiechter",2015-11-30,192000,14,false,dfiechter2,2015-12-05T17:41:32Z,"medieval,celtic","Various Artists",0.479,0.409,0,-14.187,1,0.029,0.211,0.543,0.351,0.365,75,4
spotify:track:1vdchGvXjSPgtvzEdeHxtg,"Askival","Askival","Euan McLaughlin",2020-06-28,289209,6,false,dfiechter2,2020-12-07T23:34:21Z,"dub,celtic","Euan McLaughlin",0.368,0.563,7,-8.34,0,0.0504,0.807,0.46,0.338,0.11,149.607,4
spotify:track:4BOHTPcJkoVq58eFkfhQPj,"Pirate Ships","Light a Candle","Wendy Waldman;Julie Mae Hales",2020-08-21,214253,4,false,dfiechter2,2020-09-25T04:22:08Z,"singer-songwriter,classical crossover,celtic","Love & Light Records",0.445,0.264,3,-8.896,0,0.0324,0.969,0.00153,0.0879,0.246,78.361,4
spotify:track:2lCUbPmKmuQWnhA57NZfSA,"Celtic Ambience","Celtic Harp","Celestial Aeon Project",2018,383257,0,false,dfiechter2,2019-02-07T19:06:12Z,"medieval,celtic","Ouranio Recordings",0.0881,0.0234,5,-23.599,1,0.0414,0.984,0.95,0.0838,0.0527,54.782,4
spotify:track:0KV9VdLtjgLJAPAPKVukt2,"Forest Dance","Forestheart","Ean Grimm",2019-02-15,206786,0,false,dfiechter2,2019-05-10T03:11:50Z,"medieval,celtic,renaissance","Ean Grimm",0.733,0.539,0,-14.467,0,0.0357,0.684,0.67,0.108,0.267,129.928,4
spotify:track:4QCvlOmpZp7HAiYPBepUjF,"Game of Thrones Nuálach","Game of Thrones Nuálach","Celtic World Orchestra",2019-04-14,251562,0,false,dfiechter2,2019-04-21T23:08:09Z,"celtic","Worldly Ent LLC",0.191,0.571,4,-8.432,0,0.0381,0.0965,0.794,0.0996,0.0622,69.475,4
spotify:track:3HnI0tgWteYpqO2xOXZWTn,"Tonight We Ride","Magic of Music","Ean Grimm",2020-05-15,201290,0,false,dfiechter2,2020-06-03T20:56:06Z,"medieval,celtic,renaissance","Ean Grimm",0.548,0.246,2,-14.494,0,0.0366,0.968,0.956,0.178,0.539,123.937,4
spotify:track:4tISc0iuNRBfwDsnPsbsxP,"Hummingbird","Midnight Sun","The Gothard Sisters",2018-05-04,208186,45,false,dfiechter2,2019-01-13T18:54:48Z,"celtic","Independent",0.642,0.745,2,-8.599,1,0.0488,0.803,0.398,0.111,0.606,118.959,4
spotify:track:2d6Z5YiCDrreVgwsqveWKh,"Minstrel of the Misty Woods","Scotland","Derek Fiechter;Brandon Fiechter",2015-11-30,221495,12,false,dfiechter2,2015-12-05T17:41:32Z,"medieval,celtic","Various Artists",0.264,0.318,2,-13.261,1,0.0302,0.776,0.826,0.219,0.375,106.969,3
spotify:track:0VSA7lBq7FKLdg3KDef1Uz,"The Way Of The Heart","The Way Of The Heart","Roxane Genot",2021-05-14,198001,0,false,dfiechter2,2021-05-14T18:01:07Z,"medieval,celtic","Green Monster Records",0.174,0.283,9,-9.422,0,0.0364,0.681,0.691,0.109,0.217,140.746,4
spotify:track:4d4yILrnyPJjM7Av75gGH6,"Tinùviel","Tinùviel","Nicostrauss",2022-05-22,220250,9,false,dfiechter2,2022-05-22T17:39:17Z,"medieval,celtic","Nicostrauss",0.389,0.324,9,-10.599,0,0.0257,0.282,0.97,0.116,0.074,79.996,3
spotify:track:2iKNAAb9bveSAbXYrbN5iz,"Dawn of the Fairies","Scotland","Derek Fiechter;Brandon Fiechter",2015-11-30,218400,14,false,dfiechter2,2015-12-05T17:41:32Z,"medieval,celtic","Various Artists",0.222,0.364,11,-15.116,0,0.0298,0.791,0.905,0.145,0.341,100.028,3
spotify:track:3sCyjYz70wj0T3Bo0R38lA,"Headford Junction and Fisherman's Island","Headford Junction and Fisherman's Island","Kennedy's Kitchen",2021-03-05,253066,6,false,dfiechter2,2021-03-05T18:44:22Z,"celtic,traditional folk","Shamrock-n-Roll, Inc.",0.352,0.619,2,-12.668,1,0.0556,0.168,0.59,0.979,0.928,96.501,4
spotify:track:5cGi2HwbqBn62PqMdyeBKY,"Wolfshark Ocean","Magic of Music","Ean Grimm",2020-05-15,195254,0,false,dfiechter2,2020-06-03T20:57:26Z,"medieval,celtic,renaissance","Ean Grimm",0.761,0.104,7,-21.725,1,0.0523,0.969,0.917,0.102,0.43,118.014,4
spotify:track:0RWj9BlV71niJ4QrAlDsZq,"Thomas Burke","Celtic Gold - Turlough O' Carolan","Jürg Kindle",2021-03-05,59267,5,false,dfiechter2,2021-03-05T18:51:06Z,"celtic","Jürg Kindle",0.423,0.394,3,-11.84,1,0.0416,0.88,0.899,0.122,0.9,143.585,4
spotify:track:2dnh5cNoFATDkx7kvK0KfL,"A Tavern, A Maiden, A Crook","Flute and Lute","Unapologetically Melodic",2022-09-30,106778,20,false,dfiechter2,2022-10-06T01:42:45Z,"medieval,celtic","Unapologetic",0.654,0.528,2,-11.933,1,0.0298,0.619,0.913,0.153,0.41,120.516,4
spotify:track:453eB4csb6GvVOGq1FyHOf,"Ocean Maiden","Irish Folk","Derek Fiechter;Brandon Fiechter",2015-02-28,195600,11,false,dfiechter2,2016-03-16T19:32:04Z,"medieval,celtic","Various Artists",0.565,0.286,4,-17.289,0,0.036,0.889,0.707,0.11,0.405,100.015,3
spotify:track:4c0bJ8ap9bVdrjQKT8CFYO,"Dance of the Leprechauns","Halflings and Hobbits","Derek Fiechter;Brandon Fiechter",2017-08-16,214477,3,false,dfiechter2,2017-08-20T02:25:43Z,"medieval,celtic","Various Artists",0.402,0.309,7,-15.378,1,0.0323,0.935,0.269,0.349,0.719,67.093,4
spotify:track:7Il9Azc166YcBnuTuJnm5D,"Long Road","Dragonfly","The Gothard Sisters",2021-06-04,266905,21,false,dfiechter2,2021-06-04T18:29:19Z,"celtic","Gothard Sisters Music",0.556,0.429,3,-10.342,1,0.0243,0.718,0.0124,0.114,0.468,86.007,4
spotify:track:0iJxx3xmf1f9cWHRj7eeBs,"Scottish Fen","Scotland","Derek Fiechter;Brandon Fiechter",2015-11-30,203906,17,false,dfiechter2,2015-12-05T17:41:32Z,"medieval,celtic","Various Artists",0.642,0.129,0,-15.159,0,0.0309,0.959,0.95,0.152,0.42,127.997,3
spotify:track:1FnKmjJBmWYqD9FJIsBC3m,"O Danny Boy","What You'd Call a Dream","John Riesen;Traditional;Neill Campbell",2019-12-09,230109,0,false,dfiechter2,2020-02-13T06:55:22Z,"classical crossover,neoclassical,bhajan,devotional,early music,gregorian chant","Blue Griffin Recording",0.294,0.133,5,-13.933,1,0.0422,0.988,0,0.111,0.0939,170.468,4
spotify:track:4ksFjYmz9CSfAy1ylXngtg,"Magic Glen","Scotland","Derek Fiechter;Brandon Fiechter",2015-11-30,194000,15,false,dfiechter2,2015-12-05T17:41:32Z,"medieval,celtic","Various Artists",0.173,0.16,0,-12.699,1,0.0336,0.904,0.947,0.0781,0.162,180,3
spotify:track:0JeJ6zKk4iBocGYxAgekSQ,"She Lives","Music d20: Vol. 4","Will Savino",2021-01-15,175764,12,false,dfiechter2,2021-01-15T22:33:13Z,"medieval","Mankis Stankis Records",0.529,0.663,3,-13.24,0,0.0319,0.0793,0.936,0.109,0.603,102.047,3
spotify:track:7jHxGD8rALVsnvSDB2krBd,"Sunrise at Bealtaine","The Seven Suns","John McSherry",2016-11-04,204412,15,false,dfiechter2,2021-04-20T18:46:18Z,"celtic,traditional folk,traditional music","Compass Records",0.375,0.488,7,-5.507,1,0.0329,0.738,0.00012,0.111,0.6,126.17,3
spotify:track:066TSqiwa2biq42uK5IMXd,"A Celtic Dream","Forestheart","Ean Grimm",2019-02-15,281392,0,false,dfiechter2,2019-05-10T03:10:05Z,"medieval,celtic,renaissance","Ean Grimm",0.595,0.164,4,-21.035,0,0.0525,0.991,0.917,0.107,0.241,173.971,3
spotify:track:5pjDgYkFllYiGXJyXKxwYt,"The Trip to Durrow / The Curlew / Frank's Reel","Whiskey of Truth","Kennedy's Kitchen",2019-10-04,300095,1,false,dfiechter2,2021-03-04T18:46:54Z,"celtic,traditional folk","Shamrock-n-Roll, Inc.",0.557,0.445,2,-12.07,1,0.0341,0.678,0.948,0.0978,0.667,122.102,4
spotify:track:0f7DCTKFfgg4SiCob8UoxL,"Lullaby","Original Piano Sounds for Background Scenes","The O'Neill Brothers Group",2018-08-24,194899,17,false,dfiechter2,2020-09-11T20:52:17Z,"hymns","Shamrock-n-Roll, Inc.",0.436,0.0755,9,-24.058,1,0.0402,0.985,0.955,0.0896,0.199,170.108,4
spotify:track:3n0IDGLU9zTAEZQYcr87f4,"Fields Of Gold","Fields Of Gold","Ellen Williams",2022-02-11,268605,7,false,dfiechter2,2022-03-24T03:43:47Z,"classical crossover,opera","Vissi Records",0.323,0.286,1,-13.481,1,0.0386,0.968,0.000135,0.0968,0.203,82.569,4
spotify:track:2C1crZJXun1VpII2dBOVkJ,"Vale of Wishes","Scotland","Derek Fiechter;Brandon Fiechter",2015-11-30,186272,15,false,dfiechter2,2015-12-05T17:41:32Z,"medieval,celtic","Various Artists",0.382,0.383,5,-14.556,1,0.0338,0.267,0.025,0.104,0.0805,109.957,3
spotify:track:2kB3thudjpvtjY8or4PrZd,"The Parting Glass - Cello Version","The Parting Glass (Cello Version)","Open Blue Sky",2020-06-10,113214,25,false,dfiechter2,2020-08-07T20:04:57Z,"hymns","Open Blue Sky",0.267,0.016,3,-24.7,0,0.0345,0.992,0.893,0.112,0.239,69.679,4
spotify:track:69e3TDUcdoACEfG6a7DSIQ,"Brigit's Feast","The Mysts of Time","Aine Minogue",2016-10-24,166800,27,false,dfiechter2,2020-01-08T21:34:34Z,"celtic","Little Miller Music",0.46,0.123,7,-18.6,0,0.0309,0.962,0.894,0.109,0.207,80.282,4
spotify:track:2xiw5uIOq3XDzr1eVLw7Lj,"Isle of Skye","Scotland","Brandon Fiechter",2015-11-30,223000,13,false,dfiechter2,2015-12-05T17:41:32Z,"medieval,celtic","Various Artists",0.182,0.454,9,-12.067,0,0.0313,0.293,0.448,0.837,0.164,180.132,3
spotify:track:71xH9RwseuOuNACA9MGHps,"Resurrection","The Hunt for the Ring","Nicostrauss",2020-05-15,152571,6,false,dfiechter2,2020-05-16T17:57:44Z,"medieval,celtic","la bottega di Jubal",0.246,0.705,0,-6.325,1,0.0732,0.011,0.846,0.147,0.32,179.684,3
spotify:track:2pCNgBnp16BmA3namuZ79f,"Nightdream Meadow","Scotland","Derek Fiechter;Brandon Fiechter",2015-11-30,210319,13,false,dfiechter2,2015-12-05T17:41:32Z,"medieval,celtic","Various Artists",0.422,0.205,11,-15.614,0,0.0286,0.886,0.801,0.171,0.217,94.059,3
spotify:track:4ZIDLMGommO1GZX6IVQELA,"Eleanor Plunkett","Rise Up","The Outside Track",2018-12-01,357582,17,false,dfiechter2,2019-06-06T03:56:40Z,"celtic","Lorimer",0.218,0.0767,7,-15.449,1,0.0385,0.895,0.00253,0.0891,0.0709,171.532,3
spotify:track:5wNLRs8zqpPBjdgG1zD3WB,"Shanagolden","Wolf & Clover","Wolf & Clover",2018-01-23,290946,0,false,dfiechter2,2018-11-12T18:44:51Z,"celtic","Wolf & Clover",0.339,0.219,1,-10.003,1,0.0311,0.625,0.000107,0.15,0.179,140.994,5
spotify:track:5yH8jrr1JU6VRykJvgY28T,"The Arrival","The Arrival","Karen Biehl",2020-02-01,144010,24,false,dfiechter2,2020-02-01T19:07:19Z,"","Karen Biehl",0.469,0.211,7,-11.743,0,0.0366,0.96,0.805,0.118,0.465,121.472,4
spotify:track:5dhXqT2RkbAEzss3jb4rtg,"Daybreak","Daybreak","Elizabeth Davidson-Blythe;Daniel Quayle",2021-11-01,298386,20,false,dfiechter2,2021-12-01T02:47:24Z,"celtic,medieval","Scarleod Records",0.334,0.56,7,-5.713,1,0.039,0.8,0.215,0.149,0.82,98.987,3
spotify:track:7brL73KJSx4OPlWBkxB3XS,"Celtic Spell","Celtic Spell","Ryan Stewart",2019-03-15,393174,16,false,dfiechter2,2019-12-12T18:58:36Z,"celtic,new age","Ryan Stewart Music",0.193,0.256,9,-15.737,0,0.0332,0.959,0.902,0.0591,0.0692,112.868,4
spotify:track:0ZLp4JiCPKezxYHyit8rr1,"Midnight Dance","Celtic Journey","Filip Lackovic",2018-12-15,144003,10,false,dfiechter2,2021-09-11T22:33:55Z,"celtic,medieval","1083523 Records DK",0.479,0.438,4,-11.629,1,0.0375,0.25,0.914,0.0999,0.596,180.269,4
spotify:track:45zcvc1kFxWE56GltuEk4J,"Tir N'aill","Sentinel","SYR",2022-01-14,288333,39,false,dfiechter2,2022-01-14T18:36:41Z,"celtic,celtic rock,medieval","Syr",0.591,0.754,0,-7.228,1,0.0307,0.65,0.757,0.0911,0.587,101.036,4
spotify:track:2V9LVmZ0hfI5cEeZ8QdPLS,"Sí bheag, sí mhór","A Celtic Tradition","Ceol Sona",2005-04-14,99634,0,false,dfiechter2,2020-05-28T17:57:18Z,"celtic","Ceol Sona",0.317,0.111,2,-10.635,1,0.033,0.938,0,0.141,0.462,99.491,3
spotify:track:2o9uGxmdI20hO8UEC7P8Be,"Forever More","A Timeless Space","Giuseppe Corcella",2021-02-28,243345,0,false,dfiechter2,2021-12-21T02:34:58Z,"","Attic Studio",0.293,0.123,9,-13.934,0,0.0352,0.865,0.94,0.107,0.0788,79.966,4
spotify:track:6egEis34wrHTs4J0IV78WX,"Celtic Riders","Tales of Olden, Vol. 1","Ian Fontova",2021-04-29,263000,36,false,dfiechter2,2021-05-03T00:44:02Z,"celtic,medieval","Ian Fontova",0.404,0.752,4,-12.986,0,0.0502,0.213,0.107,0.159,0.501,180.22,3
spotify:track:3iJ3ZBtdJYRNMgliyGkGLo,"Gaelic Kingdom","Irish Folk","Derek Fiechter",2015-02-28,183962,7,false,dfiechter2,2015-07-04T02:00:16Z,"medieval,celtic","Various Artists",0.375,0.22,11,-11.653,0,0.0321,0.465,0.273,0.247,0.42,159.025,3
spotify:track:2KPlZNZVXrVYN9oHPjcdZW,"We Will Go Home","We Will Go Home","Leah",2013-12-21,290939,32,false,dfiechter2,2019-04-21T03:42:59Z,"symphonic metal,gothic metal,celtic,folk metal,power metal,celtic rock","Ex Cathedra Records",0.507,0.144,7,-16.8,1,0.0341,0.974,0.000426,0.0901,0.12,111.971,3
spotify:track:194KUvqcqHLqL9ocx6VMlp,"Halfling Hills","Halflings and Hobbits","Derek Fiechter",2017-08-16,274534,9,false,dfiechter2,2017-08-20T02:25:43Z,"medieval,celtic","Various Artists",0.339,0.326,10,-17.09,1,0.0302,0.963,0.984,0.0824,0.564,171.861,4
spotify:track:5Qj4j1RopDgFRTOtMkyKSW,"Luck of the Irish","Irish Folk","Brandon Fiechter",2015-02-28,199500,5,false,dfiechter2,2016-03-16T19:32:04Z,"medieval,celtic","Various Artists",0.774,0.575,2,-11.58,1,0.0327,0.545,0.576,0.059,0.462,120.025,4
spotify:track:5NNQAoxxDZT2nnpozEQmsB,"River Dance","River Dance","Nova Arcadia",2021-04-24,142105,4,false,dfiechter2,2021-05-06T17:52:00Z,"medieval","Nova Arcadia",0.521,0.212,9,-17.503,0,0.0327,0.959,0.895,0.11,0.234,153.009,4
spotify:track:21t06oDTz6qwuoMGA4QDhn,"Celtic Fantasy","Celtic Fantasy","Jürg Kindle",2020-05-08,229805,0,false,dfiechter2,2020-05-08T17:53:25Z,"celtic","Jürg Kindle",0.255,0.275,7,-17.346,1,0.0361,0.924,0.831,0.207,0.532,76.796,4
spotify:track:54xkG5t00yn7qSA6xOOmrW,"Bonnie George Campbell","Undone","The Lasses",2019-10-18,196624,17,false,dfiechter2,2020-05-05T18:15:46Z,"celtic","The Lasses",0.41,0.15,6,-10.325,1,0.0327,0.901,0,0.108,0.283,180.801,3
spotify:track:3r4Xo45x0sSrBuSu9t4Yy2,"Fairy Dance Jig","Compass","The Gothard Sisters",2013-08-14,144146,31,false,dfiechter2,2020-05-18T19:16:33Z,"celtic","The Gothard Sisters",0.404,0.568,9,-8.652,1,0.0369,0.817,0.00553,0.0763,0.493,131.853,4
spotify:track:0YxuLoDgPkWUGGcff5pLcP,"Mushroom Woods","Ancient Legends","Derek Fiechter",2013-10-09,270600,29,false,dfiechter2,2015-07-04T01:58:56Z,"medieval,celtic","Various Artists",0.64,0.433,2,-15.017,1,0.0255,0.95,0.568,0.0765,0.497,99.999,4
spotify:track:0qvSz5xKH3mwCHcUudkmzW,"Pot O' gold","Irish Folk","Derek Fiechter;Brandon Fiechter",2015-02-28,190434,3,false,dfiechter2,2016-03-16T19:32:04Z,"medieval,celtic","Various Artists",0.732,0.265,1,-19.468,0,0.067,0.227,0.893,0.111,0.804,114.997,4
spotify:track:1beDFQgA9KavuTCUFONsvE,"Albion II","Sentinel","SYR",2022-01-14,274853,34,false,dfiechter2,2022-01-14T18:37:14Z,"celtic,celtic rock,medieval","Syr",0.629,0.88,0,-5.584,1,0.03,0.0207,0.0133,0.354,0.584,125.992,4
spotify:track:3kcIaVLsbIdrWdlE4Wy8e8,"Land of Ireland","Irish Folk","Derek Fiechter;Brandon Fiechter",2015-02-28,226250,3,false,dfiechter2,2015-07-04T02:00:12Z,"medieval,celtic","Various Artists",0.359,0.329,0,-16.516,1,0.0289,0.188,0.916,0.328,0.25,96.012,4
spotify:track:6KwZnJfmv3NoYGEUUU49Nk,"Will-O'-Wisps","Ancient Legends","Brandon Fiechter",2013-10-09,240639,33,false,dfiechter2,2015-07-04T01:58:50Z,"medieval,celtic","Various Artists",0.653,0.317,9,-18.734,0,0.0257,0.9,0.899,0.139,0.28,95.039,4
spotify:track:51bzctanylUAxmCo9AyILd,"Celtic Bard","Irish Folk","Derek Fiechter;Brandon Fiechter",2015-02-28,220571,4,false,dfiechter2,2015-07-04T02:00:24Z,"medieval,celtic","Various Artists",0.717,0.345,7,-13.055,0,0.0405,0.895,0.938,0.312,0.649,104.984,3
spotify:track:58DIKT5URur4qtlIcsFcHA,"Celtic Mists","World Travel","Derek Fiechter",2014-09-04,208775,24,false,dfiechter2,2015-07-04T01:59:54Z,"medieval,celtic","Various Artists",0.743,0.325,4,-13.626,0,0.0609,0.987,0.935,0.0908,0.474,97.999,3
spotify:track:0xw4WS1M5zbp22QUfyvLsS,"Wild Woods","Irish Folk","Brandon Fiechter",2015-02-28,218901,8,false,dfiechter2,2015-07-04T02:00:53Z,"medieval,celtic","Various Artists",0.648,0.0555,9,-21.946,0,0.0321,0.994,0.939,0.0937,0.0389,91.012,4
spotify:track:2bn30lE4MsKovfLsAIe67W,"The Forgotten Forest","Fantasy Realm","Brandon Fiechter",2013-08-06,210507,23,false,dfiechter2,2015-07-04T01:59:22Z,"medieval,celtic","Various Artists",0.526,0.222,5,-20.332,1,0.0364,0.916,0.884,0.137,0.0965,115.191,4
spotify:track:2L2f25OZJ3dZJPasbGC8oY,"Irish Jig","Europe","Derek Fiechter;Brandon Fiechter",2015-08-21,166853,10,false,dfiechter2,2015-09-03T17:16:24Z,"medieval,celtic","Various Artists",0.731,0.239,4,-14.693,0,0.041,0.859,0.0298,0.128,0.598,118.723,4
spotify:track:4c57pFCw6BhkSyDOgmUQ9I,"Song of the Merrows","Irish Folk","Derek Fiechter;Brandon Fiechter",2015-02-28,208941,7,false,dfiechter2,2016-03-16T19:32:04Z,"medieval,celtic","Various Artists",0.513,0.161,9,-23.839,0,0.0331,0.979,0.92,0.0855,0.0413,169.973,4
spotify:track:75DrEvqlvnk5U643P5VR69,"Land of the Celts","Minstrel's Tales","Derek Fiechter",2014-05-14,216470,12,false,dfiechter2,2015-07-04T01:56:25Z,"medieval,celtic","Various Artists",0.314,0.289,2,-13.669,0,0.031,0.974,0.897,0.104,0.163,68.027,5
spotify:track:179muA09tpBOCE85221Zn5,"Welsh Fairies","Europe","Derek Fiechter;Brandon Fiechter",2015-08-21,185294,25,false,dfiechter2,2015-09-03T17:16:21Z,"medieval,celtic","Various Artists",0.53,0.126,7,-14.544,0,0.0305,0.958,0.626,0.125,0.4,102.044,4
spotify:track:4y6kDvXf649V9fyw40ZIDd,"Pirate Tavern","Irish Folk","Derek Fiechter;Brandon Fiechter",2015-02-28,207272,10,false,dfiechter2,2016-03-16T19:32:04Z,"medieval,celtic","Various Artists",0.747,0.48,4,-14.409,0,0.0279,0.701,0.17,0.316,0.787,99.018,4
spotify:track:27MqOENfrWYxE1X5frfSFC,"Celtic Summer","Elven Tower Melodies","Ean Grimm",2020-06-12,197647,0,false,dfiechter2,2020-06-15T04:48:30Z,"medieval,celtic,renaissance","Ean Grimm",0.229,0.262,5,-10.429,1,0.0338,0.972,0.00000659,0.218,0.285,152.871,3
spotify:track:36BxDTVt3StfVSPCGxpIy0,"Dance for the Flower's Innocence","Celtic Collection","Martin Czerny",2020-03-15,246967,0,false,dfiechter2,2020-05-19T18:01:04Z,"","Martin Czerny",0.388,0.142,0,-15.579,0,0.0328,0.886,0.754,0.181,0.0476,155.039,3
spotify:track:6uBGSyKhVMAVIbabCfYMQ8,"Rowdy Sailors","Irish Folk","Derek Fiechter;Brandon Fiechter",2015-02-28,187200,9,false,dfiechter2,2016-03-16T19:32:04Z,"medieval,celtic","Various Artists",0.62,0.392,2,-11.69,0,0.04,0.381,0.751,0.527,0.865,125.019,4
spotify:track:1czVlWRPrYFQgG5BNdibaw,"Passed Too Soon-Reprise","Whispering Woods (Celtic Harp Solos)","Nadia Birkenstock",2019-10-25,139293,31,false,dfiechter2,2020-03-22T19:57:55Z,"celtic,medieval","Laika Records",0.627,0.305,2,-14.779,0,0.0508,0.972,0.891,0.124,0.523,136.955,4
spotify:track:17nRD88w06uoUcLUZFBnQZ,"Leaving the Shire","A Stormcrow Journey","Nicostrauss",2020-01-13,106285,29,false,dfiechter2,2020-01-30T04:43:10Z,"medieval,celtic","la bottega di Jubal",0.537,0.331,9,-9.021,0,0.0397,0.779,0.965,0.118,0.514,120.024,3
spotify:track:7JqAjLCPStPCUOSYxW9oLU,"Gäbelbachiana","Gäbelbachiana","An Lar",2019-11-08,350655,5,false,dfiechter2,2019-11-18T21:43:07Z,"celtic","speedchill",0.388,0.536,4,-8.196,1,0.0453,0.44,0,0.0748,0.394,127.5,4
spotify:track:1ShwVkXMzhEwIgjzRU7x5b,"Astridin","Ardennia","Sons of Sirius",2020-03-24,227866,2,false,dfiechter2,2020-06-03T03:34:20Z,"medieval,celtic","Sons of Sirius",0.168,0.425,9,-8.977,0,0.0343,0.515,0.0057,0.122,0.592,170.291,3
spotify:track:24GfIv4qsjHw8jxphBTsEE,"Royal Nord - Fahy's - Exmoor","Sunbox","Hot Griselda",2018-07-15,273614,5,false,dfiechter2,2020-02-24T04:10:50Z,"celtic,traditional folk,folk","Trad Records",0.255,0.751,2,-9.073,1,0.0345,0.123,0.0000948,0.361,0.519,99.003,3
spotify:track:6kY7Tthln7Mvo1zk1ShXqp,"Irish Folk Dance","Irish Folk","Derek Fiechter;Brandon Fiechter",2015-02-28,181762,6,false,dfiechter2,2016-03-16T19:32:04Z,"medieval,celtic","Various Artists",0.501,0.777,2,-10.143,1,0.0322,0.349,0.941,0.724,0.728,140.062,4
spotify:track:63JidtEM5JadXA6SApXe9C,"The Fiddling Gun","Cap sur l'Irlande","The Irish Fever",2018-03-19,82312,8,false,dfiechter2,2019-08-17T18:06:45Z,"sea shanties,celtic","iM THE IRISH FEVER",0.843,0.562,9,-13.737,0,0.0511,0.0462,0.561,0.0988,0.87,104.89,4
spotify:track:1Nn3J7uKY4h2f3bGsC1hfz,"Nyth Y Gwcw (The Cuckoo's Nest)","Instrumentals One","The Irish Fever",2020-05-15,112432,2,false,dfiechter2,2020-05-16T17:53:15Z,"sea shanties,celtic","The Irish Fever",0.382,0.325,9,-13.54,0,0.0297,0.0704,0.118,0.304,0.579,143.786,4
spotify:track:3CKp1uZ9pzkCZUluU8qD7m,"Heaven's Legacy","Fantasy Journey: Celtic Collection","BrunuhVille",2014-02-03,178285,20,false,dfiechter2,2015-07-04T01:37:38Z,"celtic,medieval","BrunuhVille",0.123,0.356,9,-9.982,0,0.0346,0.935,0.906,0.319,0.0398,84.659,4
spotify:track:4uGljrFOmVPpOKekbqtUGP,"Tale of the Fisherman","Irish Folk","Derek Fiechter;Brandon Fiechter",2015-02-28,187659,5,false,dfiechter2,2016-03-16T19:32:04Z,"medieval,celtic","Various Artists",0.245,0.348,5,-12.985,1,0.0387,0.564,0.925,0.0974,0.388,94.031,4
spotify:track:38fCCfSv3Lb2pBHoUqradg,"The Awakening of the Celts","Keltae: The Celtic Compilation","Tartalo Music",2015-01-01,187400,36,false,dfiechter2,2015-07-08T20:02:34Z,"celtic,medieval","Tartalo Music",0.245,0.535,11,-15.36,0,0.0474,0.675,0.889,0.245,0.269,99.656,4
spotify:track:44j6ZjagEvu4eVzn0aT0Nt,"Bilbo Baggins' Birthday Background","From Hobbiton to Bree","Nicostrauss",2019-09-10,114857,31,false,dfiechter2,2019-09-10T18:05:01Z,"medieval,celtic","la bottega di Jubal",0.63,0.7,2,-10.821,1,0.0511,0.173,0.0373,0.0965,0.311,119.989,4
spotify:track:43lEo5Qh0xhHlOwDTZqTKJ,"The Sidhe","Irish Folk","Derek Fiechter",2015-02-28,198333,14,false,dfiechter2,2016-03-16T19:32:04Z,"medieval,celtic","Various Artists",0.576,0.253,4,-14.01,0,0.0315,0.922,0.701,0.0665,0.429,107.974,4
spotify:track:5jhudyo1czYPY3nj8WdSov,"Hiraeth","Mirabilia","Whalebone",2016-11-13,350874,0,false,dfiechter2,2019-08-07T17:49:48Z,"celtic","Two Wild Women Records",0.524,0.247,9,-16.536,1,0.0371,0.912,0.00475,0.082,0.498,140.932,3
spotify:track:3YoMpcZdDENPZXjZ2ksqby,"Mists of Avalon","Fantasy Journey: Celtic Collection","BrunuhVille",2014-02-03,412489,23,false,dfiechter2,2015-07-04T01:37:47Z,"celtic,medieval","BrunuhVille",0.408,0.418,0,-10.93,1,0.0298,0.791,0.848,0.141,0.0878,130.095,4
spotify:track:6TAV409bViFCqMQ9PH2Dqc,"Riverfall Magic","Irish Folk","Derek Fiechter;Brandon Fiechter",2015-02-28,227441,5,false,dfiechter2,2015-07-04T02:00:32Z,"medieval,celtic","Various Artists",0.371,0.163,0,-17.642,0,0.0337,0.988,0.853,0.0936,0.312,172.002,4
spotify:track:0V8lBYtAafJL4c39ebFSAl,"Langstrom's Pony","Instrumentals One","The Irish Fever",2020-05-15,134139,6,false,dfiechter2,2020-05-16T17:53:15Z,"sea shanties,celtic","The Irish Fever",0.671,0.622,2,-11.818,1,0.0717,0.0487,0.928,0.239,0.942,135.993,4
spotify:track:1bo7UAyC74TbazWcPOdY9Q,"The Meeting of the Waters (Instrumental Version)","Irish Melodies on Piano - Best of The O'Neill Brothers","The O'Neill Brothers",2018-06-19,205923,4,false,dfiechter2,2020-02-21T23:20:14Z,"lullaby","Shamrock-n-Roll, Inc.",0.347,0.183,9,-17.678,1,0.0322,0.934,0.0541,0.108,0.239,100.073,3
spotify:track:0d84Lwwxdzz0trJRYB1v6E,"A Celtic Tale","The Celtic Collection","Adrian Von Ziegler",2012-12-12,214047,37,false,dfiechter2,2015-07-04T01:40:27Z,"celtic,medieval","Adrian Von Ziegler",0.224,0.422,2,-14.078,0,0.0338,0.815,0.986,0.174,0.283,149.999,3
spotify:track:3avSKWTVrQRuypvDDPgkwn,"The Riddle of Peadar O'heyne","Music d20: Vol. 2","Will Savino",2020-05-22,137137,15,false,dfiechter2,2020-05-22T21:55:48Z,"medieval","Mankis Stankis Records",0.572,0.326,7,-11.035,1,0.0331,0.208,0.882,0.375,0.815,110.106,4
spotify:track:12hVqP1oMkyB7hN6PrYYVz,"Market Town","Irish Folk","Derek Fiechter;Brandon Fiechter",2015-02-28,217368,12,false,dfiechter2,2016-03-16T19:32:04Z,"medieval,celtic","Various Artists",0.727,0.254,0,-17.486,0,0.0368,0.0901,0.92,0.148,0.3,113.989,4
spotify:track:2AaQvBCplnVXzXOfbNDUBI,"Flight of the Snow Geese","Flight of the Snow Geese","Nik Davies",2019-11-22,171923,0,false,dfiechter2,2020-01-22T23:26:04Z,"celtic","Nik Davies",0.724,0.467,1,-10.219,1,0.0573,0.231,0.976,0.107,0.633,130.007,4
spotify:track:3yjCrlgdc7LhzfBu0287p8,"The Breath of the Forest","Keltae: The Celtic Compilation","Tartalo Music",2015-01-01,138003,25,false,dfiechter2,2015-07-08T20:02:32Z,"celtic,medieval","Tartalo Music",0.515,0.302,9,-11.457,0,0.029,0.423,0.0493,0.354,0.24,119.978,3
spotify:track:3PE3FznavUFLVpTU6NIqgF,"Sí Beag, Sí Mór","Small Steps","Jostein Hodne",2019-10-02,111690,16,false,dfiechter2,2019-11-04T17:06:55Z,"celtic","Acoustic Landscapes",0.443,0.252,2,-13.845,1,0.0423,0.776,0.971,0.112,0.496,119.77,3
spotify:track:0KMLb2sVOOvYgjmrBmxfTs,"Medieval Anthem","Celtic Fantasy Collection, Vol. 2","Peter Crowley",2015-03-12,288743,28,false,dfiechter2,2015-11-29T04:43:49Z,"celtic,medieval","Peter Crowley",0.309,0.874,2,-4.617,1,0.0599,0.252,0.849,0.623,0.264,129.878,4
spotify:track:2eX1tPDvve7MnhgnQseYWl,"Echoes of Arisaig","Echoes of Arisaig","Ken Smith",2020-02-28,213000,5,false,dfiechter2,2020-03-02T00:08:36Z,"","Ken Smith Music",0.378,0.332,5,-11.878,0,0.0308,0.778,0.652,0.126,0.279,130.757,4
spotify:track:5iyRydhJHdWf1prKmxlXVu,"Shepherd's Daughter","Irish Folk","Derek Fiechter;Brandon Fiechter",2015-02-28,211351,6,false,dfiechter2,2016-03-16T19:32:04Z,"medieval,celtic","Various Artists",0.585,0.234,4,-14.366,1,0.0398,0.918,0.761,0.132,0.653,110.985,3
spotify:track:0u9E1ZEGbabrzYszzcNhcE,"Robin's Return / The Maid on the Green / Leslie's March","Irish Folk Songs - Irish Jigs and Reels","The Irish Folk;Irish Pub Music;Celtic Spirit",2016-09-27,254800,5,false,dfiechter2,2021-03-04T18:43:43Z,"celtic,celtic rock","Shamrock-n-Roll, Inc.",0.3,0.577,2,-7.561,1,0.0445,0.703,0.921,0.337,0.842,132.736,4
spotify:track:0obwNX4I5v5AW9Y1Krg8Jh,"The Forest of Wonders (feat. Macarena Martin)","Celtic Fantasy Collection, Vol. 2","Peter Crowley;Macarena Martín",2015-03-12,308610,22,false,dfiechter2,2015-11-29T04:43:49Z,"celtic,medieval","Peter Crowley",0.164,0.463,9,-9.131,0,0.0314,0.659,0.000234,0.116,0.201,89.927,4
spotify:track:6jgIx6aQwcwohxvrtpLV4A,"Langstrom's Pony/Salterello","The Banshee's Wail: Irish & Medieval Music","Scott Reiss",2002-01-01,348666,15,false,dfiechter2,2016-01-26T20:48:35Z,"celtic,medieval,traditional folk,baroque,renaissance","Golden Apple",0.463,0.362,7,-14.305,0,0.0601,0.808,0.948,0.123,0.912,110.877,3
spotify:track:3CtJ8TPwJzU2SRVWDG66fd,"The Healling Waterfall","Keltae: The Celtic Compilation","Tartalo Music",2015-01-01,210416,22,false,dfiechter2,2015-07-08T20:02:38Z,"celtic,medieval","Tartalo Music",0.588,0.377,0,-15.529,0,0.0369,0.773,0.727,0.108,0.0713,120.024,3
spotify:track:40jbmXivp1Xv7teCd4OVbz,"Celtic Laud","Celtic Laud","Adagio Trio",2019-07-19,222242,17,false,dfiechter2,2019-07-19T17:55:09Z,"celtic,medieval","Adagio Trio",0.236,0.158,7,-15.885,1,0.0416,0.978,0.849,0.0824,0.156,67.114,3
spotify:track:4Pvh1E5a9NIgIEs44M8imz,"Second Breakfast","Halflings and Hobbits","Derek Fiechter;Brandon Fiechter",2017-08-16,208436,7,false,dfiechter2,2017-08-20T02:25:43Z,"medieval,celtic","Various Artists",0.487,0.186,5,-15.73,1,0.0362,0.977,0.969,0.117,0.353,77.509,4
spotify:track:6AmX6aTGFod4UCelpU31FP,"Guinevere","Compass","The Gothard Sisters",2013-08-14,166440,36,false,dfiechter2,2020-05-18T19:16:11Z,"celtic","The Gothard Sisters",0.464,0.44,0,-8.834,1,0.0408,0.868,0.000358,0.0548,0.32,117.835,3
spotify:track:3gGoi7w28Gm1ADDPe81tuE,"The Smokey Lum/Maggie's Pancakes/Dancing Feet/The Mason's/Apron","Dancing Feet","The Tannahill Weavers",2006-03-15,260866,25,false,dfiechter2,2018-07-01T05:55:48Z,"celtic,traditional folk,celtic rock,folk,traditional music","Green Linnet",0.399,0.496,0,-14.839,0,0.0451,0.348,0.546,0.142,0.518,122.818,4
spotify:track:3jdLgqaXHsbijH07Ey9dsX,"Jig Runrig / The Ramnee Ceilidh","Highlander's Farewell","Alasdair Fraser;Natalie Haas;Brittany Haas",2011-03-15,282546,29,false,dfiechter2,2018-07-01T05:55:56Z,"celtic,traditional folk,bluegrass,newgrass","Culburnie Records",0.474,0.554,2,-7.403,1,0.051,0.362,0.571,0.0821,0.606,122.856,4
spotify:track:1E0dXNjzXyx8w2FX5IfOfJ,"Storyteller","Storyteller","Ryan Stewart",2019-07-26,174886,12,false,dfiechter2,2019-12-12T18:59:51Z,"celtic,new age","Ryan Stewart Music",0.299,0.0816,4,-21.656,0,0.0412,0.995,0.884,0.112,0.0629,91.335,3
spotify:track:0SdcxC44GTU52H2C2lnNT1,"The Banks of Claudy","Celtic Mystique","Howard Baer",2013-10-15,258622,25,false,dfiechter2,2018-07-01T05:56:04Z,"celtic,medieval","Avalon",0.515,0.283,8,-15.339,1,0.0274,0.333,0.83,0.106,0.142,108.06,3
spotify:track:73nQqBSH72ujRhRE4buaYk,"Redemption","Redemption","Leah",2019-08-09,323769,9,false,dfiechter2,2019-09-07T04:02:05Z,"symphonic metal,gothic metal,celtic,folk metal,power metal,celtic rock","Ex Cathedra Records",0.551,0.588,0,-7.908,0,0.0281,0.223,0.00000659,0.122,0.149,110.028,4
spotify:track:3RouNsKnjpxfDRlI8zOVNL,"Oh, How Lovely Is the Evening","Soothing Lullabies from the Harp","Sally Fletcher",2008-01-01,196240,5,false,dfiechter2,2018-07-01T05:56:22Z,"","Sally Fletcher",0.506,0.126,11,-17.677,1,0.039,0.986,0.809,0.104,0.132,113.766,3
spotify:track:3A1Auu0PuFR3awUDH6orUU,"La collina di Tara","Migrando","Luigi Casabona;Ivo Martinenghi;Martina Pagana",2018-04-20,206150,7,false,dfiechter2,2018-10-23T12:02:00Z,"celtic","EMA Edition",0.419,0.361,2,-8.549,1,0.0333,0.937,0.902,0.0986,0.423,125.251,4
spotify:track:7zycbRjPCH4NHGVjM5amfq,"Claire De Lune","Classical Dreams For The Celtic Harp","Susan Scott",1991,225790,18,false,dfiechter2,2018-07-01T05:56:32Z,"celtic","Horizon West Music",0.425,0.00376,0,-35.819,1,0.042,0.964,0.832,0.0766,0.0604,83.757,1
spotify:track:4fjzumddcDc4yJKWr1DFmf,"Lucy Farr's","The Banshee's Wail: Irish & Medieval Music","Scott Reiss",2002-01-01,299973,5,false,dfiechter2,2016-01-26T20:48:35Z,"celtic,medieval,traditional folk,baroque,renaissance","Golden Apple",0.345,0.179,10,-14.641,1,0.0415,0.878,0.484,0.302,0.574,158.461,4
spotify:track:6iE487VwCW3ygE3fEHqBra,"Paspie Menute - Mr. Waller","Celtic Cafe","Karen Ashbrook / Paul Oorts;Karen Ashbrook;Paul Oorts",2006-05-03,314000,2,false,dfiechter2,2018-07-01T05:56:48Z,"celtic,ambient folk","Maggie's Music",0.314,0.125,7,-17.203,1,0.031,0.863,0.156,0.128,0.302,96.233,3
spotify:track:7A3JPaK2YYIumLOfeEGOb8,"Ni Dhubhghaill: Arrane Ghelbee","Masters of the Irish Harp","Aine Ni Dhubhghaill",2012-04-27,179452,15,false,dfiechter2,2018-07-01T05:56:50Z,"celtic","RTÉ LYRIC FM",0.47,0.181,4,-11.94,0,0.0731,0.962,0.876,0.102,0.16,56.531,4
spotify:track:10wBGWxyf5Is4PgKT1QEZJ,"Star of the County Down","Crossroads: Celtic Harp, Finnish Kantele and Woodwinds","Celtic Muse",2010-02-01,227533,23,false,dfiechter2,2018-07-01T05:57:34Z,"celtic,medieval","Soundtracks",0.311,0.0497,9,-23.086,0,0.0434,0.986,0.909,0.109,0.168,88.947,3
spotify:track:35EdQnvfDzvUEPvgCFqxZA,"Pansini's Fancy / The Kesh Jig / Morrison's Jig","A Culpa É da Cerveja","Tailten",2017-03-17,268500,21,false,dfiechter2,2018-10-31T21:33:08Z,"medieval,celtic","Tailten",0.485,0.8,2,-4.006,1,0.051,0.423,0.0000566,0.203,0.962,125.503,3
spotify:track:5FXgsif2KXnRoUpVRjfCM8,"Echoing Woods","Forest of Secrets","Derek Fiechter;Brandon Fiechter",2016-02-20,206379,33,false,dfiechter2,2016-03-06T22:36:44Z,"medieval,celtic","Various Artists",0.494,0.235,7,-19.841,0,0.0251,0.961,0.951,0.116,0.186,173.924,4
spotify:track:1EGVD4zPaLz03vStKNgJZo,"Saint Patrick's Land","Music for Times of the Year (Colonne sonore per video)","Lorenzo Tempesti",2012-08-21,183932,0,false,dfiechter2,2020-02-03T03:43:51Z,"celtic","Suoni, musica, idee",0.356,0.501,7,-8.842,1,0.0433,0.0756,0.919,0.105,0.221,139.672,3
spotify:track:5poB9tlzVuGdT83expUDZw,"Vision of Truth","YASURAGI - Harp Instrumental","Marth",2008-01-25,527666,14,false,dfiechter2,2018-09-16T21:51:12Z,"celtic","Comfort",0.411,0.0382,5,-27.018,1,0.0399,0.972,0.683,0.119,0.0857,71.685,4
spotify:track:4EZWp0wImRKKMbECQpBx33,"Whispering Oaks","Forest of Secrets","Brandon Fiechter",2016-02-20,182386,26,false,dfiechter2,2016-03-06T22:36:44Z,"medieval,celtic","Various Artists",0.242,0.298,4,-21.065,0,0.0443,0.979,0.957,0.266,0.529,87.127,3
spotify:track:1kpKBDxwtqUWvWc5bUA6V3,"Flowery Paradise","SHIZUKESA","Marth",2008-01-25,460226,26,false,dfiechter2,2018-09-14T19:46:30Z,"celtic","Comfort",0.316,0.0473,2,-23.281,1,0.0501,0.988,0.931,0.116,0.125,80.717,4
spotify:track:0d5mzSwAZPPPo1GLate5jB,"All That You Do","Turning Tides... (feat. Marc Swersky)","Helen O'Shea;Marc Swersky;Vincent Mascolo;Todd Caldwell;Steve Holley",2017-09-08,212133,1,false,dfiechter2,2018-08-27T18:50:23Z,"celtic,glam rock","White Butterfly Music",0.616,0.788,6,-5.594,0,0.0331,0.157,0.363,0.323,0.351,118.072,4
spotify:track:7qqGT69xtT22FpMgtEvmqX,"The Sweet Little Girl from Barnagh","Voyage","Sliotar",2018-10-05,124803,27,false,dfiechter2,2018-11-02T21:19:54Z,"celtic,celtic punk,celtic rock,traditional folk","Idrone Media",0.645,0.273,2,-7.304,0,0.0379,0.849,0,0.101,0.218,90.578,4
spotify:track:4Qgou9ZMOvIrn5JfFpKdkJ,"Except for Me","Except for Me","The Portraits",2019-10-25,170190,0,false,dfiechter2,2019-11-06T20:55:15Z,"celtic","Lifelines",0.327,0.211,5,-10.595,1,0.0327,0.935,0,0.151,0.551,91.212,4
spotify:track:19Zc7JpJ5F3Rb6h2HpKhdp,"The First Avenue Set (At the Top of Cork Road / First Avenue / The Merry Maiden)","Wolf & Clover","Wolf & Clover",2018-01-23,158000,0,false,dfiechter2,2018-08-13T18:52:33Z,"celtic","Wolf & Clover",0.577,0.484,2,-6.51,1,0.0339,0.0411,0.115,0.208,0.915,127.964,4
spotify:track:1dOZoUB05RvyyYAsNqQVx5,"Lead Me Home","Lead Me Home","Camille Nelson",2017-08-18,224706,0,false,dfiechter2,2018-03-08T20:08:16Z,"celtic","Stone Angel Music",0.544,0.392,7,-10.11,1,0.027,0.159,0.734,0.145,0.163,111.947,4
spotify:track:40vST4QeAE2MwbbJaFevuo,"King of the Pixies","Treefolk","Derek Fiechter;Brandon Fiechter",2018-05-03,224296,36,false,dfiechter2,2018-12-02T00:31:44Z,"medieval,celtic","Derek Fiechter & Brandon Fiechter",0.551,0.353,10,-17.536,1,0.0324,0.842,0.892,0.32,0.485,127.988,4
spotify:track:01W2UTRXWRqTnKtPDpsFSF,"Sapphire Lake","Forest of Secrets","Brandon Fiechter",2016-02-20,191408,16,false,dfiechter2,2016-03-06T22:36:44Z,"medieval,celtic","Various Artists",0.613,0.262,5,-18.167,0,0.0271,0.979,0.89,0.0772,0.556,141.951,4
spotify:track:1fjq9zIgLtoYuxqSC1iAvb,"An Chloch","Celtic Journey","Dirk Freymuth;Tim Frantzich;John William",2014-01-01,282360,32,false,dfiechter2,2016-03-16T19:43:31Z,"celtic","Lifescapes",0.361,0.414,4,-13.142,0,0.0393,0.268,0.81,0.103,0.876,154.042,3
spotify:track:4pCHDoJzUD3DAI2UZ70oV5,"Mossy Lands","Forest of Secrets","Brandon Fiechter",2016-02-20,201473,11,false,dfiechter2,2016-03-06T22:36:44Z,"medieval,celtic","Various Artists",0.556,0.212,4,-21.616,0,0.0262,0.986,0.944,0.105,0.476,95.014,4
spotify:track:4eU35DcLtF3qanReA0mLdH,"Land of the Halflings","Halflings and Hobbits","Brandon Fiechter",2017-08-16,219272,11,false,dfiechter2,2017-08-20T02:25:43Z,"medieval,celtic","Various Artists",0.532,0.413,0,-16.946,1,0.0346,0.186,0.964,0.27,0.466,109.956,4
spotify:track:0dErnwCOJio6gkYfzPUfSa,"A Celtic Lore","The Celtic Collection","Adrian Von Ziegler",2012-12-12,199941,40,false,dfiechter2,2015-07-04T01:39:45Z,"celtic,medieval","Adrian Von Ziegler",0.595,0.358,10,-11.997,1,0.0338,0.609,0.93,0.126,0.253,118.956,3
spotify:track:44biErSZygG5Ct2Ewu6qCm,"Gnome Prince","Halflings and Hobbits","Derek Fiechter;Brandon Fiechter",2017-08-16,249152,3,false,dfiechter2,2017-08-20T02:25:43Z,"medieval,celtic","Various Artists",0.626,0.0868,2,-17.048,1,0.036,0.989,0.96,0.0884,0.447,117.96,4
spotify:track:5VVCd3rZOpZrxZLWT5LeLe,"Magic of Love","Fantasy Journey: Celtic Collection","BrunuhVille",2014-02-03,207214,26,false,dfiechter2,2015-07-04T01:35:41Z,"celtic,medieval","BrunuhVille",0.269,0.298,0,-8.54,1,0.0295,0.865,0.865,0.0941,0.118,85.515,3
spotify:track:4JfR89o1fe25LJEoFED0RG,"Riverfern Town","Halflings and Hobbits","Derek Fiechter;Brandon Fiechter",2017-08-16,194142,3,false,dfiechter2,2017-08-20T02:25:43Z,"medieval,celtic","Various Artists",0.551,0.288,0,-14.458,1,0.0287,0.889,0.939,0.26,0.458,139.949,4
spotify:track:4RcfGXwBPf8vtGuPea2ATz,"The raggle taggle gypsy","Aurora lucis","Nicostrauss;Giuseppe Bortone;Daniele Boero",2019-04-24,84000,36,false,dfiechter2,2019-04-29T17:49:18Z,"medieval,celtic","la bottega di Jubal",0.747,0.635,9,-9.333,0,0.0368,0.814,0.902,0.127,0.96,99.954,4
spotify:track:67S9gS6O5VvlpJCqFsztNI,"Woodland Festival","Halflings and Hobbits","Derek Fiechter;Brandon Fiechter",2017-08-16,204210,7,false,dfiechter2,2017-08-20T02:25:43Z,"medieval,celtic","Various Artists",0.625,0.415,0,-15.568,1,0.0339,0.961,0.971,0.148,0.599,114.044,4
spotify:track:76oXOQ4AriQNPRSFBv6spL,"Riversong","Fantasy Journey: Celtic Collection","BrunuhVille",2014-02-03,227369,15,false,dfiechter2,2015-07-04T01:35:29Z,"celtic,medieval","BrunuhVille",0.117,0.329,0,-14.378,1,0.0396,0.952,0.873,0.345,0.0398,209.874,4
spotify:track:612R1bn5m7aFx1NRLmXeM6,"Ancient Druids","Irish Folk","Derek Fiechter;Brandon Fiechter",2015-02-28,240666,5,false,dfiechter2,2015-07-04T02:00:29Z,"medieval,celtic","Various Artists",0.516,0.386,10,-16.106,1,0.0253,0.944,0.902,0.126,0.302,90.019,4
spotify:track:5E0ryQqoowFII1si1vclgi,"Song of the Hobbits","Halflings and Hobbits","Brandon Fiechter",2017-08-16,207368,17,false,dfiechter2,2017-08-20T02:25:43Z,"medieval,celtic","Various Artists",0.697,0.163,0,-14.401,1,0.0366,0.992,0.984,0.225,0.752,114.016,4
spotify:track:28lFJzhTggMUJFXpuHESOq,"Wintergreen","Christmas Land","Derek Fiechter;Brandon Fiechter",2018-12-01,217602,4,false,dfiechter2,2018-12-02T00:33:13Z,"medieval,celtic","Derek Fiechter & Brandon Fiechter",0.396,0.269,3,-16.552,1,0.0372,0.697,0.97,0.252,0.628,145.943,3
spotify:track:3CMbN1R0YTJda4RqQ0QIxo,"Soul of the Celts","Celtic Fantasy Collection, Vol. I","Peter Crowley",2013-09-22,260735,10,false,dfiechter2,2015-07-04T01:44:52Z,"celtic,medieval","Peter Crowley Fantasy Dream",0.413,0.455,9,-8.752,0,0.027,0.535,0.368,0.465,0.255,174.98,3
spotify:track:2pBcDckbHqLsfaa5vTMk4w,"Merrymare Inn","Halflings and Hobbits","Derek Fiechter;Brandon Fiechter",2017-08-16,207295,5,false,dfiechter2,2017-08-20T02:25:43Z,"medieval,celtic","Various Artists",0.751,0.328,5,-16.254,1,0.051,0.936,0.968,0.123,0.808,122.057,4
spotify:track:0niV0WxpX1qOtz357ddKvM,"Alvae","The Celtic Collection II","Adrian Von Ziegler",2014-08-08,291000,31,false,dfiechter2,2015-07-04T01:41:33Z,"celtic,medieval","Adrian Von Ziegler",0.317,0.0958,5,-21.804,1,0.0325,0.948,0.974,0.13,0.0395,99.997,3
spotify:track:6fX98apq4QVLJ4yP0M98Zm,"Shamrock Orchard","Halflings and Hobbits","Derek Fiechter",2017-08-16,214459,3,false,dfiechter2,2017-08-20T02:25:43Z,"medieval,celtic","Various Artists",0.528,0.279,9,-15.252,1,0.0261,0.977,0.931,0.186,0.595,147.965,4
spotify:track:5tcQBRaJR5etOeIkZy9g7h,"Elven Kingdom","Celtic Fantasy Collection, Vol. 2","Peter Crowley",2015-03-12,275927,12,false,dfiechter2,2015-07-04T01:43:54Z,"celtic,medieval","Peter Crowley",0.436,0.554,4,-7.881,0,0.0345,0.222,0.337,0.0995,0.125,119.938,4
spotify:track:6Nty25JG5cl8ksg8Kk9XQj,"Far Away","Best of Relaxing Spa Guitar Music for Yoga, Massage, Healing & Relaxation","Meadowlark",2016-02-18,277237,5,false,dfiechter2,2019-07-17T22:16:53Z,"celtic","Relaxing Music World",0.362,0.129,11,-16.273,0,0.0388,0.881,0.925,0.102,0.407,71.614,1
spotify:track:5eYZZWP6BUScSLEB8ylhdK,"Waterfall Town","Halflings and Hobbits","Brandon Fiechter",2017-08-16,215593,3,false,dfiechter2,2017-08-20T02:25:43Z,"medieval,celtic","Various Artists",0.42,0.145,2,-17.033,1,0.0411,0.985,0.902,0.16,0.295,117.962,3
spotify:track:2EAIF9FfV9F8CSWXrfDq7W,"Irish Hills","World Travel","Brandon Fiechter",2014-09-04,196000,8,false,dfiechter2,2015-07-04T02:00:03Z,"medieval,celtic","Various Artists",0.366,0.497,0,-16.668,1,0.0319,0.00994,0.899,0.367,0.198,179.999,3
spotify:track:0sCX9VFiDvDbVzGR28qtDa,"Ancient Storm","The Celtic Collection II","Adrian Von Ziegler",2014-08-08,288000,33,false,dfiechter2,2015-07-04T01:41:27Z,"celtic,medieval","Adrian Von Ziegler",0.322,0.395,3,-16.487,0,0.0398,0.0339,0.961,0.113,0.121,79.997,4
spotify:track:7nac1HABac5oThaqp6H1X0,"Cliffs of Moher","Celtic Fantasy Collection, Vol. 2","Peter Crowley",2015-03-12,209087,17,false,dfiechter2,2015-07-04T01:43:51Z,"celtic,medieval","Peter Crowley",0.27,0.346,11,-9.021,0,0.0343,0.627,0.0412,0.0706,0.0753,117.666,4
spotify:track:0kRIjk02n4BKjTwxUOfFIu,"Reel Set","Fun Irish Music: Fun Irish Drinking Songs","The O'Neill Brothers Group",2013-03-15,227226,0,false,dfiechter2,2020-02-21T23:22:35Z,"hymns","2013 Shamrock-n-Roll, Inc.",0.692,0.495,0,-10.751,0,0.0344,0.323,0.578,0.116,0.704,105.962,4
spotify:track:7szFsDj8XeHJduOQcjjsKi,"Fairy Forest","The Celtic Collection","Adrian Von Ziegler",2012-12-12,156447,40,false,dfiechter2,2015-07-04T01:40:34Z,"celtic,medieval","Adrian Von Ziegler",0.555,0.255,4,-15.596,1,0.0361,0.968,0.563,0.131,0.357,129.986,3
spotify:track:7gazxXdoeGIBkxsx9L7Ezs,"Irish Lullaby No. 1","Irish Lullaby No. 1","Jerry Rockwell",2019-08-02,231828,0,false,dfiechter2,2019-08-16T17:57:24Z,"celtic","745977 Records DK",0.562,0.0763,2,-15.434,1,0.0391,0.991,0.789,0.0959,0.175,74.003,4
spotify:track:6Y0eGKMtcBvv1eTwNL2oPA,"Dear Irish Boy","Celtic Journey","Jeff Victor;Tim Frantzich;John William",2014-01-01,242160,12,false,dfiechter2,2016-03-16T19:43:31Z,"celtic","Lifescapes",0.231,0.144,5,-16.209,0,0.0358,0.986,0.826,0.121,0.293,95.329,4
spotify:track:3INuHbRG7kZxo0LVj92bp5,"Leprechaun's Village","Halflings and Hobbits","Derek Fiechter",2017-08-16,204210,4,false,dfiechter2,2017-08-20T02:25:43Z,"medieval,celtic","Various Artists",0.55,0.336,2,-15.726,1,0.0282,0.961,0.893,0.121,0.492,114.023,4
spotify:track:4lhdxq3158hgwTb1jk6Y3b,"Danny Boy","Celtic Journey","Tim Frantzich;John William",2014-01-01,225040,8,false,dfiechter2,2016-03-16T19:43:31Z,"celtic","Lifescapes",0.176,0.177,0,-15.87,1,0.0351,0.79,0.164,0.116,0.189,90.671,4
spotify:track:67rlklopINeFqui9nulwDL,"Night of Fairy Dust","Elven Tower Melodies","Ean Grimm",2020-06-12,196923,0,false,dfiechter2,2020-06-15T04:48:05Z,"medieval,celtic,renaissance","Ean Grimm",0.598,0.258,2,-6.569,0,0.0329,0.499,0.9,0.168,0.181,117.064,4
spotify:track:28R4kuKRMxVFfYuvVlXQlx,"The Resurrection Story","The Resurrection Story","MPK Christian Celtic Band",2019-04-16,270291,8,false,dfiechter2,2019-04-23T17:53:27Z,"celtic","Mpk Christian Celtic Band",0.603,0.326,0,-14.097,0,0.0313,0.52,0.00393,0.1,0.608,68.704,4
spotify:track:5hYefAXHuWug0Kw9263inN,"Acorn Hill","Halflings and Hobbits","Derek Fiechter;Brandon Fiechter",2017-08-16,206907,3,false,dfiechter2,2017-08-20T02:25:43Z,"medieval,celtic","Various Artists",0.599,0.26,0,-17.958,1,0.0333,0.982,0.963,0.119,0.836,111.988,4
spotify:track:2aLR9PY1yIWjeUB1EYkYd5,"Carolan's Quarrel","Celtic Journey","Dirk Freymuth;Tim Frantzich;John William",2014-01-01,160733,10,false,dfiechter2,2016-03-16T19:43:31Z,"celtic","Lifescapes",0.43,0.289,0,-16.878,1,0.0402,0.78,0.362,0.0868,0.584,123.789,3
spotify:track:04NnaVtttSEHC54grRv5Qw,"Honeydew Hamlet","Halflings and Hobbits","Brandon Fiechter",2017-08-16,214285,3,false,dfiechter2,2017-08-20T02:25:43Z,"medieval,celtic","Various Artists",0.585,0.277,7,-15.179,1,0.032,0.916,0.939,0.152,0.72,126.034,4
spotify:track:5c0rJBnDoAHuMIocLAimzQ,"Morrison's Jig","Sunfire","Aleksey Igudesman;The Twiolins",2019-01-18,128162,7,false,dfiechter2,2019-01-19T18:42:55Z,"celtic","recordJet",0.484,0.394,2,-11.048,1,0.0945,0.992,0.0125,0.163,0.782,129.074,4
spotify:track:65BN1V7rWE5mNGhJ8i748k,"Night of Fireworks","Halflings and Hobbits","Brandon Fiechter",2017-08-16,232771,5,false,dfiechter2,2017-08-20T02:25:43Z,"medieval,celtic","Various Artists",0.46,0.298,5,-15.429,1,0.0313,0.98,0.98,0.157,0.554,166,4
spotify:track:48l8Y1m4ndryQA1zxVQRfN,"Dreaming of Ireland","Celtic Journey","Dean Mcgraw;Tim Frantzich;John William",2014-01-01,277226,15,false,dfiechter2,2016-03-16T19:43:31Z,"celtic","Lifescapes",0.35,0.196,2,-16.099,1,0.0384,0.756,0.907,0.107,0.236,79.907,4
spotify:track:4HNoePckvIdOfxBadFFvXL,"Hymn for the Hopeless (Instrumental)","Hymn for the Hopeless (Instrumental)","Daniel Pearson",2018-01-17,190773,10,false,dfiechter2,2018-03-01T18:31:34Z,"pop singer-songwriter","Saint In The City Records",0.269,0.137,8,-14.615,0,0.0362,0.261,0.885,0.114,0.114,127.176,3
spotify:track:0jL4KMhdZCvFAQY8etBt3a,"Leafwalker Inn","Halflings and Hobbits","Brandon Fiechter",2017-08-16,214959,5,false,dfiechter2,2017-08-20T02:25:43Z,"medieval,celtic","Various Artists",0.642,0.424,0,-15.216,1,0.0318,0.763,0.952,0.124,0.848,124.015,4
spotify:track:5UuA5Wj3yEnfOEh8RPoS5w,"Into the West","Sacred Lullabies","Camille Nelson;Alex Sharpe",2019-08-23,292920,8,false,dfiechter2,2019-09-23T17:45:00Z,"celtic,classical crossover","Heart Dance Records",0.273,0.256,4,-9.033,1,0.0338,0.773,0,0.0813,0.114,89.611,4
spotify:track:67BCE5CRCut4tvA1lEcPBH,"Fair Haired Girl/The Journey Home","Celtic Journey","Dean Mcgraw;Tim Frantzich;John William",2014-01-01,367573,7,false,dfiechter2,2016-03-16T19:43:31Z,"celtic","Lifescapes",0.38,0.145,3,-18.814,1,0.039,0.868,0.33,0.116,0.337,119.981,3
spotify:track:5wwZddfoYandGlOrxBGZyv,"The Sneezing Loon","Folk Hero","House of Hamill",2021-10-16,368493,15,false,dfiechter2,2022-08-11T01:52:40Z,"celtic,celtic rock","House of Hamill",0.398,0.756,2,-6.538,1,0.0381,0.125,0.0047,0.159,0.509,102.104,4
spotify:track:5q3GDQmYZMvInTTogAMEXD,"A Voice from the Sea","Harbour","MPK Christian Celtic Band",2014-09-20,119693,3,false,dfiechter2,2019-01-10T18:36:11Z,"celtic","Mpk Christian Celtic Band",0.231,0.0654,2,-14.106,1,0.0429,0.95,0.47,0.212,0.115,73.945,4
spotify:track:4n5PjQfy08geSamWYRcHbO,"Night Sky","Celtic Romance","Jeff Victor;Dirk Freymuth",2014-01-01,82533,12,false,dfiechter2,2016-03-16T19:43:43Z,"celtic","Lifescapes",0.153,0.0603,2,-26.413,1,0.0485,0.926,0.981,0.134,0.0297,65.412,4
spotify:track:4qpyWQBduX1TYjRRWuJ7o4,"The Brown Coffin","Celtic Journey","John William;Dean Mcgraw;Tim Frantzich",2014-01-01,236613,6,false,dfiechter2,2016-03-16T19:43:31Z,"celtic","Lifescapes",0.438,0.224,7,-11.821,0,0.0518,0.951,0.00000102,0.109,0.673,123.875,4
spotify:track:1mItWxiGcpPeyafSAdIS6f,"Halflingville","Halflings and Hobbits","Brandon Fiechter",2017-08-16,208988,3,false,dfiechter2,2017-08-20T02:25:43Z,"medieval,celtic","Various Artists",0.259,0.207,0,-16.876,1,0.0329,0.983,0.957,0.151,0.502,177.717,4
spotify:track:0dadH1eNkjCIlkGcFN5RLN,"Clare's Brother","Celtic Journey","Dean Mcgraw;Tim Frantzich;John William",2014-01-01,237093,6,false,dfiechter2,2016-03-16T19:43:31Z,"celtic","Lifescapes",0.269,0.074,2,-17.05,1,0.0366,0.959,0.931,0.103,0.514,138.628,4
spotify:track:4uqxkxmTR6e4i01mOYXwSI,"The Mermaid's Tears","Scottish Moors","Jeff Victor",2014-01-01,307133,37,false,dfiechter2,2016-03-16T19:44:07Z,"celtic","Lifescapes",0.192,0.142,4,-21.06,0,0.0361,0.928,0.206,0.658,0.136,99.408,4
spotify:track:74M8gd83bvryzcvSF3p58v,"Ta Me Mo Shui (I Am Sitting)","The Morning Dew – Celtic Harp","Aryeh Frankfurter",2014-03-04,219226,0,false,dfiechter2,2016-03-16T19:51:22Z,"celtic,medieval","ARC",0.201,0.0676,0,-19.296,1,0.0403,0.982,0.425,0.091,0.0374,166.88,3
spotify:track:1fAR96H5mL6v2MB039JUyJ,"Skibbereen","Celtic Mystique","Howard Baer",2013-10-15,231362,30,false,dfiechter2,2016-03-16T19:49:37Z,"celtic,medieval","Avalon",0.201,0.247,4,-15.419,0,0.038,0.51,0.172,0.106,0.0386,102.854,4
spotify:track:50elW65TwjbRojprrG49ha,"Dancing in the Tavern","Enter the Realm","Tartalo Music",2015-02-26,84289,34,false,dfiechter2,2017-03-24T02:48:04Z,"celtic,medieval","Tartalo Music",0.524,0.814,7,-7.448,1,0.0384,0.0588,0.0000659,0.409,0.765,119.931,4
spotify:track:5CG2GGjqhShY4sZqo5m3m2,"The Butterfly","The Morning Dew – Celtic Harp","Aryeh Frankfurter",2014-03-04,244546,0,false,dfiechter2,2016-03-16T19:51:22Z,"celtic,medieval","ARC",0.4,0.233,4,-18.561,0,0.0404,0.932,0.94,0.0897,0.202,109.381,3
spotify:track:2GKB2w0Cn4VaapWvw3ZgVx,"Cliffs of Doneen","Celtic Mystique","Howard Baer",2013-10-15,298189,26,false,dfiechter2,2016-03-16T19:49:37Z,"celtic,medieval","Avalon",0.132,0.239,10,-12.056,1,0.0325,0.514,0.164,0.109,0.0559,98.809,1
spotify:track:11TrCXtWFgKPeHL4kHt1Ta,"Farewell to the Lasses of Mon Tays","Scottish Moors","Jeff Victor",2014-01-01,149520,21,false,dfiechter2,2016-03-16T19:44:07Z,"celtic","Lifescapes",0.104,0.344,7,-22.671,1,0.0972,0.492,0.947,0.962,0.332,87.801,4
spotify:track:6oPd9FwDPGBFimXkVCLHPt,"The Water Is Wide","Celtic Journey","Tim Frantzich;John William",2014-01-01,199133,11,false,dfiechter2,2016-03-16T19:43:31Z,"celtic","Lifescapes",0.576,0.205,2,-15.947,1,0.069,0.936,0.914,0.0828,0.165,87.064,4
spotify:track:5tt0esOpiQuxWLaDCgNHg9,"Storm Clouds","Drew's Famous - Irish For A Day: Authentic St. Patrick's Day Music","The Hit Crew",2001,325667,0,false,dfiechter2,2016-03-23T04:53:55Z,"","Turn Up The Music, Inc.",0.628,0.203,11,-14.927,0,0.0391,0.984,0.873,0.0746,0.492,145.152,4
spotify:track:6z9nCXbzZmlPqsE7AAvz0U,"The Gentle Maid","Celtic Romance","Jeff Victor;Dirk Freymuth",2014-01-01,268533,4,false,dfiechter2,2016-03-16T19:43:43Z,"celtic","Lifescapes",0.285,0.136,7,-11.772,1,0.0307,0.9,0.000843,0.174,0.227,107.361,3
spotify:track:73SEmfHupn3BBPN8HhoNio,"Flutes Paradise","The Celtic Room","Ian Fontova",2018-03-26,95190,22,false,dfiechter2,2019-09-17T21:49:19Z,"celtic,medieval","720641 Records DK",0.215,0.187,7,-12.078,1,0.037,0.992,0.969,0.0418,0.208,113.258,4
spotify:track:00tTdoHPSaRSKsFQJabJ9m,"Caoineadh Song Irish Lament (For Classical Guitar) [feat. Lana Ross]","Celtic Music Fantasy (For Folk Acoustic Guitar and Lute)","Andrei Krylov;Lana Ross",2015-03-01,161973,11,false,dfiechter2,2017-01-31T05:51:30Z,"medieval,renaissance,celtic,early music","Andrei Krylov",0.424,0.192,8,-18.351,0,0.0449,0.977,0.932,0.107,0.342,107.035,4
spotify:track:3fk3Avb42wvQzL1YGZoM9r,"September","Seasons and Holidays","Derek Fiechter;Brandon Fiechter",2016-11-02,217597,4,false,dfiechter2,2016-11-11T03:41:15Z,"medieval,celtic","Various Artists",0.447,0.0597,4,-21.307,0,0.0331,0.929,0.91,0.0948,0.0756,77,3
spotify:track:0UA1YdDf7cZz56e6xqezRN,"Gaelic Dance (For Cruit Folk Irish Harp) [feat. Lana Ross]","Celtic Music Fantasy (For Folk Acoustic Guitar and Lute)","Andrei Krylov;Lana Ross",2015-03-01,299456,6,false,dfiechter2,2017-01-31T05:51:27Z,"medieval,renaissance,celtic,early music","Andrei Krylov",0.414,0.304,4,-14.981,0,0.0454,0.977,0.867,0.114,0.355,147.105,3
spotify:track:4zFuDJ1BeawKw6aKwL9CND,"My Home In The Hills","Drew's Famous - Irish For A Day: Authentic St. Patrick's Day Music","The Hit Crew",2001,150000,0,false,dfiechter2,2016-03-23T04:53:55Z,"","Turn Up The Music, Inc.",0.155,0.877,10,-6.223,1,0.122,0.603,0.257,0.209,0.351,61.599,4
spotify:track:4y5srjoqWKn4SkNl4n8jkV,"The Hills of Leprechauns","The Kingdom of Fantasy","Logan Epic Canto",2016-12-21,131076,0,false,dfiechter2,2017-06-29T05:35:52Z,"celtic,medieval","Logan Epic Canto",0.514,0.92,11,-5.437,0,0.0465,0.000261,0.451,0.247,0.374,129.954,4
spotify:track:4B8pGuZQ8p1DHVsbz137j4,"Alasdair Ballad (For Celtic Harp Lute)","Celtic Music Fantasy (For Folk Acoustic Guitar and Lute)","Andrei Krylov",2015-03-01,253747,9,false,dfiechter2,2017-01-31T05:51:41Z,"medieval,renaissance,celtic,early music","Andrei Krylov",0.49,0.217,2,-16.41,1,0.0482,0.989,0.916,0.107,0.267,123.014,3
spotify:track:3EyuCpHavgA5yVvoFUwu68,"Legends of Sherwood Forest","The Legends of Sherwood Forest","Logan Epic Canto",2016-09-01,157726,0,false,dfiechter2,2017-06-29T05:36:34Z,"celtic,medieval","Logan Epic Canto",0.261,0.624,9,-6.932,1,0.032,0.151,0.00885,0.0441,0.273,169.978,3
spotify:track:3mOTX8NKV4oPMWAXbATvst,"Jig It. Patsy's Geary's/The Legacy/Wallop the Spot (Jigs)","Now Is the Hour","Kilfenora Céilí Band",2015-03-13,222026,8,false,dfiechter2,2017-06-29T05:44:11Z,"celtic","Kilfenora Céilí Band",0.601,0.807,2,-2.955,1,0.0397,0.687,0.283,0.0516,0.965,128.093,4
spotify:track:50Yiwp3wSHtTzFZkdozvh2,"Belgrove Road","Celtic Celebration","Dirk Freymuth",2014-01-01,196293,6,false,dfiechter2,2017-07-26T05:12:47Z,"celtic","Lifescapes",0.367,0.443,4,-10.005,0,0.051,0.153,0.0076,0.135,0.584,106.202,3
spotify:track:47y2Pf3e04CvPhQbhevFaD,"Castle Kelly","Belgrove Road","Eric Rigler;Dirk Freymuth",2015-11-05,281066,9,false,dfiechter2,2017-07-26T05:12:56Z,"celtic","Bayview Records",0.656,0.231,9,-13.579,0,0.0325,0.264,0.0642,0.0906,0.644,107.996,4
spotify:track:4LSGZ0IObE3GxZUR7gdG3y,"Air","Soundscapes: Cinematic Underscores","Shepard Audio",2016-11-17,142000,24,false,dfiechter2,2017-08-31T19:02:38Z,"","Shepard Audio",0.151,0.153,2,-18.728,1,0.0484,0.977,0.729,0.084,0.08,62.655,4
spotify:track:7cuBo5Tb7KWmY4HzYmBrD2,"Duel Of Druids","Legends Of Camelot","Logan Epic Canto",2016-02-16,210862,0,false,dfiechter2,2017-06-29T05:36:55Z,"celtic,medieval","Logan Epic Canto",0.247,0.747,0,-8.572,1,0.0493,0.000883,0.00781,0.177,0.106,119.672,4
spotify:track:4E9GAlT3QuzwJNejsV6Pn8,"An Air for Bethlehem / A Gift for the King","Sweet Impossible Christmas","MPK Christian Celtic Band",2018-12-15,206000,8,false,dfiechter2,2019-01-10T05:26:22Z,"celtic","MPK Christian Celtic Band",0.213,0.14,7,-15.362,1,0.0399,0.993,0.499,0.0989,0.0479,116.729,3
spotify:track:0DJvI93yBWPcuZqjlQStcU,"Rocky Roads to Republique","Rocky Roads to Republique","The Trouble Notes",2017-09-15,258537,33,false,dfiechter2,2017-10-04T17:36:48Z,"celtic rock,celtic,medieval","Trouble Music",0.62,0.81,11,-6.523,0,0.128,0.375,0.881,0.0686,0.782,142.91,4
spotify:track:6BuoRUv1iwLo6EMczYSUjA,"Si Beag Si Mor","Close to Home","Laura Sullivan",2008-12-08,175480,3,false,dfiechter2,2018-01-16T22:42:38Z,"","Sentient Spirit Records",0.496,0.137,9,-15.948,1,0.0415,0.995,0.893,0.105,0.385,92.136,3
spotify:track:1YpLpqUcg0AVsDka46RWup,"The Long March","Chill Factory","Shepard Audio",2017-02-01,346000,2,false,dfiechter2,2017-08-31T19:04:51Z,"","Shepard Audio",0.564,0.781,4,-9.927,0,0.0446,0.394,0.603,0.172,0.301,119.98,4
spotify:track:4ALIZvi7SOD9Qqw4Jj4gkT,"Celtic Harp, Pt. 1","The Journey Begins","Celestial Aeon Project",2017-11-10,134985,0,false,dfiechter2,2018-02-20T05:24:07Z,"medieval,celtic","Celestial Aeon Project",0.548,0.108,9,-20.079,0,0.0882,0.985,0.754,0.115,0.155,200.371,4
spotify:track:1biB8bY2w59PgUWPPR5Q62,"Into the Forest","Elements Enchanted (Original Game Soundtrack from Wizard Quest)","David Arkenstone",2010-06-22,292840,0,false,dfiechter2,2017-10-19T04:03:49Z,"celtic,new age,medieval","QDV Recordings",0.528,0.336,11,-18.5,0,0.0412,0.67,0.707,0.0979,0.306,124.935,4
spotify:track:45V1s8dyRetDcD3i7jZf6T,"Galway","All His Days","Shaun Doyle",2016-11-11,241293,5,false,dfiechter2,2017-11-08T23:57:18Z,"","Independent",0.274,0.42,11,-11.156,1,0.0359,0.637,0.000151,0.102,0.0862,171.713,3
spotify:track:1sWvc4AMubsQupwvOqHQkd,"Aeolian Islands","For One Pagan Brotherhood","Tersivel",2011-02-26,256492,4,false,dfiechter2,2017-11-09T23:51:06Z,"folk metal,medieval metal,celtic,power metal,japanese vgm","Trinacria Media",0.487,0.753,4,-6.349,0,0.0391,0.00243,0.00768,0.115,0.374,113.34,5
spotify:track:5IzJO4qlI7OHLOub5Sbt6E,"Magic in Forest","Voice of Nature","Çağatay Kılıç",2017-11-09,117446,0,false,dfiechter2,2017-12-10T21:40:00Z,"celtic,medieval","708122 Records DK",0.509,0.223,0,-15.719,0,0.0274,0.124,0.265,0.219,0.0484,179.92,3
spotify:track:1bH0OoR50VLaEGUoZys8Ua,"Celtic Harp, Pt. 2","The Journey Begins","Celestial Aeon Project",2017-11-10,188713,0,false,dfiechter2,2018-02-20T05:25:44Z,"medieval,celtic","Celestial Aeon Project",0.661,0.0385,0,-21.245,1,0.0557,0.94,0.949,0.116,0.283,115.95,4
spotify:track:2q0Q6LQnFyiK6srIGcUIc6,"The Parting Glass","Ravens EP","Mackenzie Shivers",2017-10-20,159822,0,false,dfiechter2,2018-02-16T23:24:20Z,"celtic","Mackenzie Shivers",0.424,0.0857,7,-12.885,1,0.0555,0.955,0.0000106,0.144,0.15,91.399,3
spotify:track:0VOK10jPcwr7QKAVbC0jR8,"Celtic Spirit","Logan Epic Canto","Logan Epic Canto",2015-04-16,110835,0,false,dfiechter2,2018-02-20T18:24:57Z,"celtic,medieval","Logan Epic Canto",0.28,0.849,10,-11.924,1,0.0984,0.000838,0.957,0.0845,0.177,98.82,3
spotify:track:4FZqRi5EvjdMooumrDukbk,"The Spirit of Excalibur","Avalon - a Celtic Legend","Enaid;Diane Arkenstone",2002-02-19,280466,41,false,dfiechter2,2018-02-20T18:25:17Z,"celtic,medieval,native american music,new age","Neo Pacifica Recordings",0.148,0.316,5,-11.847,1,0.0364,0.973,0.751,0.184,0.0592,83.875,4
spotify:track:7HkbirnAERRfdB8vtNbPLI,"Be Thou My Vision","Lead Me Home","Camille Nelson;Alex Sharpe",2017-08-18,236680,0,false,dfiechter2,2018-03-08T21:09:49Z,"celtic","Stone Angel Music",0.38,0.374,0,-10.421,1,0.0284,0.633,0.0618,0.0969,0.105,92.977,3
spotify:track:0Vh2Wgto2kXWDRAZbvn4Js,"Celtic Dream","Voice of Nature","Çağatay Kılıç",2017-11-09,141244,0,false,dfiechter2,2017-12-10T21:40:11Z,"celtic,medieval","708122 Records DK",0.345,0.255,6,-12.379,0,0.0371,0.774,0.55,0.196,0.543,83.897,4
spotify:track:24b999ulP3coWiWuD6ot6E,"Back to Ireland","Back to Ireland","The Sweet Sorrows",2016-08-19,215589,2,false,dfiechter2,2018-03-14T17:01:14Z,"celtic","The Sweet Sorrows",0.58,0.758,7,-3.169,1,0.0338,0.339,0,0.306,0.83,120.048,4
spotify:track:5Xop7OCwvgbxFFFiVjmmTG,"Victory Within","Stories in Motion","Ian Wong",2017-04-01,154786,8,false,dfiechter2,2018-03-26T04:06:49Z,"","Ian Wong",0.464,0.265,10,-15.93,1,0.0376,0.993,0.928,0.115,0.369,95.448,4
spotify:track:1Uw7TjMKo8D3AIm3RGKTCy,"Celtic Harp, Pt. 3","The Journey Begins","Celestial Aeon Project",2017-11-10,134985,0,false,dfiechter2,2018-02-20T05:25:44Z,"medieval,celtic","Celestial Aeon Project",0.649,0.121,0,-17.536,1,0.0631,0.973,0.927,0.116,0.37,129.312,4
spotify:track:2K69G3qyi26vWCC9ZT5P1T,"Celticity","First Sip","Bryce Mullins",2017-09-20,136037,2,false,dfiechter2,2018-04-25T04:53:08Z,"celtic","Bryce Mullins",0.359,0.232,2,-17.823,1,0.038,0.854,0.897,0.282,0.67,101.138,4
spotify:track:0uVofucrKCSm6c1KEwb9gu,"La Dune Du Sud","La Dune Du Sud","Denis Turbide",2015-06-18,142361,1,false,dfiechter2,2018-05-01T14:52:48Z,"","577059 Records DK",0.788,0.365,7,-10.476,1,0.0467,0.884,0.117,0.0717,0.645,82.141,4
spotify:track:21DjbRRCVlqyxGPMJJCPIm,"Princess Royal","The Wild Woods","Sarah Marie Mullen",2006-01-01,120893,9,false,dfiechter2,2018-05-02T21:18:24Z,"celtic,medieval,renaissance","Blind Dog Entertainment",0.518,0.183,9,-17.539,0,0.042,0.994,0.855,0.0923,0.504,84.786,4
spotify:track:6Q8BmqWlBs9QXhy0LCeNRO,"Cwch Bach Coch","Cwch Bach Coch","Sali Bracewell",2019-04-01,222969,2,false,dfiechter2,2019-10-01T21:23:19Z,"celtic","Sali Bracewell",0.427,0.0997,3,-13.666,0,0.0338,0.893,0,0.11,0.128,79.981,4
spotify:track:5SLFqNr3KZui0Yq5V9A4oq,"Bells on the Hill","Midnight Sun","The Gothard Sisters",2018-05-04,240386,18,false,dfiechter2,2018-11-26T23:41:26Z,"celtic","Independent",0.37,0.332,0,-9.27,1,0.0306,0.781,0.000246,0.129,0.227,63.953,4
spotify:track:2ixfP7FmSBIJycGgWmLpsH,"Loch Lomond","Silent Path","Mackenzie Tolk",2018-12-05,239500,25,false,dfiechter2,2018-12-11T04:26:15Z,"celtic","Old World Records",0.252,0.156,9,-14.495,1,0.034,0.9,0.000342,0.0829,0.0768,61.202,4
spotify:track:15uuZtRSGIR9ULGQbpPe1a,"After the Battle","Denis Turbide","Denis Turbide",2008-01-01,210186,19,false,dfiechter2,2018-04-29T21:08:04Z,"","Denis Turbide",0.352,0.419,7,-14.58,0,0.0502,0.907,0.839,0.113,0.501,129.707,4
spotify:track:0q3vixX3kXmPofLSSmeIGX,"Katryna's Jig","First Sip","Bryce Mullins",2017-09-20,179825,7,false,dfiechter2,2018-04-25T04:53:12Z,"celtic","Bryce Mullins",0.399,0.334,10,-18.89,1,0.0408,0.887,0.792,0.132,0.699,131.396,1
spotify:track:6HSMRPKm1DanbvQP8dIkLy,"Irish Days","Consolatio","Martino Vergnaghi",2017-09-20,207999,32,false,dfiechter2,2018-05-02T05:51:04Z,"","Martino Vergnaghi",0.424,0.114,11,-21.024,1,0.0536,0.992,0.958,0.111,0.115,78.439,4
spotify:track:5rGgHixorz3HO3mL7eiCRg,"Irish Blessing","Irish Blessing","Scholler",2018-04-16,222000,2,false,dfiechter2,2018-05-03T18:17:58Z,"","Scholler",0.127,0.148,4,-17.058,0,0.0397,0.965,0.483,0.0999,0.33,163.179,3
spotify:track:4cLKyeCR6fLgIoOYAjPtlj,"Forest","2","Tommy Berre",2017-11-24,151823,0,false,dfiechter2,2018-05-05T18:07:58Z,"","2AT",0.529,0.292,3,-12.67,1,0.0383,0.913,0.944,0.114,0.198,119.298,3
spotify:track:7Fl6KrgiDdfEGqGd24i844,"The Butterfly","Another County Heard From","The New England Irish Harp Orchestra",2014-08-16,253560,10,false,dfiechter2,2018-05-11T05:08:17Z,"celtic","RDP Music",0.546,0.0854,4,-20.139,0,0.0491,0.978,0.219,0.0724,0.204,117.768,3
spotify:track:2vqS0XN4AQGVdsODyO4p53,"The Meeting of Old Friends","Stark Raving Celtic","Charmas",2018-03-01,360640,1,false,dfiechter2,2018-05-29T04:55:19Z,"celtic","Charmas",0.331,0.365,4,-12.548,0,0.0358,0.962,0.621,0.0973,0.474,98.249,3
spotify:track:7yd0EAwnEx0uvNVUoBxIig,"Come the Morning","Spirit Of The Celtic Violin","Arlene Faith",2007-01-01,322306,15,false,dfiechter2,2018-05-11T05:14:51Z,"celtic","Wooden Stone Music",0.114,0.213,4,-16.047,0,0.041,0.574,0.872,0.0871,0.16,75.588,4
spotify:track:5ioIXS734KyLaZafLJOZce,"Autumn Waltz","Weaving Worlds","Lisa Lynne;Aryeh Frankfurter",2011-03-24,286386,35,false,dfiechter2,2018-05-11T05:18:07Z,"celtic,new age,medieval","Lavender Sky Music",0.546,0.247,0,-12.679,1,0.0304,0.901,0.387,0.111,0.278,128.132,3
spotify:track:1ZomqJTZUZVXBInD3BCvmG,"Seven for a Secret (Not to Be Told)","Dandelions","Meadows at Night",2018-03-29,199670,0,false,dfiechter2,2018-05-16T21:23:34Z,"medieval,celtic,neofolk","Spinnup",0.376,0.204,9,-15.359,0,0.0341,0.619,0.214,0.107,0.0986,131.569,3
spotify:track:5BpHyzrLQu6jM41rV1poef,"The Mermaid's Song (Solo Bagpipes)","Songs of the Sea","Charmas",2017-04-15,136623,0,false,dfiechter2,2018-05-29T04:54:26Z,"celtic","Charmas",0.167,0.0154,11,-16.7,1,0.0386,0.565,0.914,0.0865,0.0318,104.735,3
spotify:track:4DxdKj8Kn49as4U2jAaY2n,"40 Days (Interlude)","Daylight","Angela Josephine",2018-05-04,248490,2,false,dfiechter2,2018-06-06T23:31:36Z,"celtic,celtic rock","Diaper Alley Brat Music",0.437,0.721,11,-8.185,0,0.029,0.0579,0.923,0.0872,0.0467,122.176,4
spotify:track:1VQMP3FDTUaGDt7el3fa2k,"Back to Belfast","Inspire (Modern Celtic Folk)","Sleego",2017-05-19,309719,3,false,dfiechter2,2018-06-08T04:54:30Z,"celtic","Halidon",0.426,0.957,2,-3.728,1,0.0487,0.691,0.000163,0.0555,0.867,131.945,4
spotify:track:6ZRCPlFzY0K8YsIbgJ8eRx,"Return to Me","Spirit Of The Celtic Violin","Arlene Faith",2007-01-01,255440,22,false,dfiechter2,2018-07-01T05:54:15Z,"celtic","Wooden Stone Music",0.0905,0.28,0,-14.355,1,0.0405,0.607,0.253,0.116,0.0875,70.131,4
spotify:track:7uhN5Mql1CZSn8CYX58bHc,"Far Away - Hidden Track","Alchemy","Stonecircle",2001,255973,9,false,dfiechter2,2018-07-01T05:54:25Z,"celtic,neofolk","Lodestar",0.308,0.196,11,-11.742,0,0.0317,0.871,0.0054,0.107,0.0825,126.634,4
spotify:track:6hzBrvn0OziGY9lEdK4bwi,"Irish Tavern","Inspire (Modern Celtic Folk)","Sleego",2017-05-19,363000,3,false,dfiechter2,2018-06-08T04:55:01Z,"celtic","Halidon",0.62,0.776,7,-4.199,1,0.0354,0.249,0,0.0939,0.972,125.913,4
spotify:track:7xqy990SIiRnonqtIlhsZp,"Walk With Me","Two Worlds One","Lisa Lynne & Aryeh Frankfurter",2008-01-01,328173,19,false,dfiechter2,2018-07-01T05:54:39Z,"celtic,new age","Lavendar Sky and Lionharp Music",0.316,0.0753,1,-18.356,0,0.0313,0.89,0.69,0.112,0.0454,60.715,4
spotify:track:5A3VIkhtwJ2G5RetwFnopn,"Aisling Gheal (Bright Vision)","The Pennyburn Piper Presents Uilleann Pipes","Tomas O'Canainn",2009-03-05,179200,4,false,dfiechter2,2018-07-01T05:54:50Z,"celtic,traditional music","Arran Records",0.233,0.127,2,-12.083,1,0.0417,0.901,0.853,0.0629,0.438,66.609,4
spotify:track:2OlttrUabVG6ADyJj6Q3gs,"Tir Nan Og (Land of the Ever Young)","Out of the Blue","Anna Mhoireach (Anna Murray)",1994-01-01,158545,0,false,dfiechter2,2018-07-01T05:55:25Z,"celtic","KRL",0.276,0.0792,9,-17.9,1,0.0354,0.973,0.000104,0.108,0.256,90.964,4
spotify:track:6JtGRDSaZ93yRwNwlmBHor,"Kilmaley","Voyage","Sliotar",2018-10-05,186882,17,false,dfiechter2,2018-11-02T21:21:29Z,"celtic,celtic punk,celtic rock,traditional folk","Idrone Media",0.498,0.657,7,-4.443,1,0.0341,0.0284,0.696,0.123,0.819,126.27,4
spotify:track:0Ug3nrTe8UF8xtBTAkKo6o,"Mná Na hÉireann (Women of Ireland)","Celtic Airs, Vol. 1","Innisfree Ceoil",1999,151000,0,false,dfiechter2,2018-07-01T05:55:37Z,"celtic","Connoisseur Records",0.093,0.332,7,-11.338,1,0.0375,0.207,0.000252,0.152,0.0856,86.7,3
spotify:track:5R9MOySQo2l9WVZUA8uJbB,"The Skye Boat Song","Art of Acoustic: Soft Instrumental Covers & Classical Guitar","Joseph Sullinger",2018-06-22,187646,28,false,dfiechter2,2018-08-02T04:42:48Z,"","Soundship Music Records",0.524,0.0514,2,-21.5,1,0.0737,0.977,0.923,0.11,0.213,84.318,4
spotify:track:6zPASzVCy6QEcB8ys2ZE4L,"Mountain Hymn","Serender","Realizer",2018-06-22,159704,0,false,dfiechter2,2018-08-03T22:47:25Z,"","Sonder House",0.609,0.0978,7,-20.307,1,0.0489,0.985,0.962,0.109,0.139,129.975,4
spotify:track:6ta6I3CWHphK0VVNpNHdiy,"Ballone Castle (Bagpipes and Drums)","Ballone Castle","Juan María Solare",2018-06-22,162000,0,false,dfiechter2,2018-08-14T22:35:33Z,"neoclassical","Janus Music & Sound",0.364,0.598,0,-8.047,0,0.0468,0.445,0.39,0.106,0.152,180.041,4
spotify:track:35nXGsQRIb0DnIHgd4ctI0,"Reel Set","Celtic Party Music: Upbeat Irish Tunes","Kennedy's Kitchen",2015-01-13,227225,7,false,dfiechter2,2022-12-01T18:45:03Z,"celtic,traditional folk","Shamrock-n-Roll, Inc.",0.696,0.493,0,-10.79,0,0.0344,0.339,0.606,0.115,0.715,105.968,4
spotify:track:3w8Q8ioD5PXwc0CTakj35w,"Enchanted Forest","Path to the Adventure","Çağatay Kılıç",2019-04-29,397448,0,false,dfiechter2,2019-05-11T21:09:58Z,"celtic,medieval","708122 Records DK",0.425,0.564,2,-9.764,0,0.0555,0.44,0.889,0.101,0.159,132.922,4
spotify:track:6UmCYkIG27KxeXAlGkTF6E,"Voice of Mountains","Voice of Nature","Çağatay Kılıç",2017-11-09,150151,0,false,dfiechter2,2018-09-01T17:05:28Z,"celtic,medieval","708122 Records DK",0.184,0.2,2,-16.479,1,0.0362,0.161,0.179,0.107,0.208,90.614,3
spotify:track:47M6rorU3MjCDmwGwyX3hz,"Loma de Oro","Up and Left","Mark Grundhoefer",2017-01-01,202102,16,false,dfiechter2,2018-09-12T18:32:56Z,"","Mark Grundhoefer",0.371,0.228,2,-15.887,1,0.0387,0.878,0.918,0.135,0.227,89.646,1
spotify:track:4Wt9uFbvrjDA4ZAm50s9FW,"River Road","Recollections Vol. 1","Denis Turbide",2018-08-31,151116,11,false,dfiechter2,2018-09-13T03:21:06Z,"","Sonder House",0.511,0.136,2,-17.001,1,0.0546,0.963,0.875,0.0882,0.158,136.746,4
spotify:track:6JCxnrAzCckV13nR2ULIR0,"S'astore","Raighes, Vol. 1","Roberto Diana",2012-09-03,249746,8,false,dfiechter2,2018-09-14T17:10:28Z,"","Roberto Diana",0.259,0.332,2,-13.293,1,0.0483,0.926,0.94,0.158,0.205,93.097,4
spotify:track:4A8jpyfh89su82sGHeJ6Zi,"The Captain's Inn","Inns and Villages","Derek Fiechter",2015-05-30,211000,20,false,dfiechter2,2018-11-03T06:27:36Z,"medieval,celtic","Various Artists",0.621,0.417,1,-12.333,0,0.0304,0.702,0.742,0.28,0.878,119.969,4
spotify:track:7q7aBlOO0bHHfKmzSHR6Vb,"Five Leaf Clover","An Irish World: Cello","The O'Neill Brothers Group",2013-03-15,220812,1,false,dfiechter2,2022-12-01T18:44:48Z,"hymns","Shamrock-n-Roll, Inc.",0.676,0.696,7,-8.996,1,0.0346,0.363,0.0503,0.135,0.674,115.081,4
spotify:track:0NbmffOoqkfFYrhemIfe2Q,"The Contradiction / Cooley's Reel","A Culpa É da Cerveja","Tailten",2017-03-17,176000,21,false,dfiechter2,2018-11-06T19:46:23Z,"medieval,celtic","Tailten",0.806,0.879,2,-6.4,1,0.0433,0.156,0,0.112,0.974,115.002,4
spotify:track:7KwpDx5bvI5CUIMyA6ioYY,"Wind in my Sails","All Aboard","Ticket To Happiness",2018-04-21,162470,5,false,dfiechter2,2018-11-14T18:43:15Z,"sea shanties,celtic rock,celtic,celtic punk","Housemaster Records",0.369,0.518,2,-7.873,1,0.0287,0.0699,0.00000161,0.126,0.534,203.65,3
spotify:track:2YKtCR0TkGgdsguWGU7m90,"Rattlesnakes","Rattlesnakes","Michael & the Myriad",2018-09-21,163483,0,false,dfiechter2,2018-09-30T22:23:16Z,"indie folk,celtic rock,celtic","Michael & the Myriad",0.615,0.833,4,-6.48,1,0.0325,0.0801,0.00000243,0.0742,0.891,139.999,3
spotify:track:391xnvYlJVA8b5euvmQLuQ,"Catalonia Calling - Live in Berlin","Live in Berlin","The Trouble Notes",2018-10-12,350506,5,false,dfiechter2,2018-10-05T17:44:33Z,"celtic rock,celtic,medieval","Trouble Music",0.326,0.769,7,-7.568,1,0.253,0.0615,0.816,0.708,0.334,169.124,4
spotify:track:3YYGzWbMUSxBAuDks9husn,"Her Celtic Eyes","Celtic Music Dream","Manolo Fernandez",2017-05-12,209028,4,false,dfiechter2,2018-11-22T20:01:23Z,"celtic,new age","manumusic",0.477,0.314,11,-11.379,0,0.0271,0.834,0.959,0.106,0.136,104.97,4
spotify:track:6DIMIEx7oH0WhyxJcuxGGg,"Blue-Gold Dawn","Blue-Gold Dawn","Monk Party",2018-12-22,297000,22,false,dfiechter2,2018-12-22T22:29:14Z,"","Monk Party",0.544,0.301,4,-14.729,0,0.149,0.956,0.747,0.111,0.443,179.929,3
spotify:track:0PspEKt8k8TUTCdHLj6CoO,"Moving On","Blue Dream","Fiona Joy Hawkins",2008-01-01,315333,0,false,dfiechter2,2019-03-03T05:38:48Z,"new age","Little Hartley Music",0.433,0.37,7,-14.324,0,0.0273,0.954,0.861,0.0923,0.397,131.594,4
spotify:track:62VIkQRLLc2MrPnPY5sjIk,"Inisheer","Inisheer","David Clavijo",2019-03-16,267750,7,false,dfiechter2,2019-03-17T21:11:55Z,"","Reviews New Age",0.269,0.283,7,-7.192,1,0.0315,0.976,0.223,0.143,0.516,159.866,3
spotify:track:3Izu0E3t2yBO7Pd1xUmugd,"Merrily Kiss the Quaker","Ireland Music","The O'Neill Brothers Group",2013-04-12,170132,1,false,dfiechter2,2022-12-02T18:27:01Z,"hymns","Shamrock-n-Roll, Inc.",0.518,0.356,3,-14.846,1,0.0517,0.738,0.00000715,0.127,0.577,118.716,4
spotify:track:7cWwd0v6KytUVrItNNBLND,"The Gentle Maiden","Celtic Heart","Adagio Trio",2008-01-01,202266,14,false,dfiechter2,2019-03-22T18:02:11Z,"celtic,medieval","Adagio Trio",0.336,0.0724,7,-19.829,1,0.0356,0.975,0.893,0.118,0.16,135.544,3
spotify:track:11nYMtdqozqMGCHacGaQrl,"Celtic Artisan","Celtic Artisan","Basil Wahn",2019-02-23,168000,18,false,dfiechter2,2019-04-04T04:51:41Z,"","935903 Records DK",0.712,0.151,2,-17.248,1,0.0581,0.815,0.804,0.0945,0.2,120.002,4
spotify:track:0WiO1qjL1X6zttEfdDhKo9,"Ballu","Ispiriendi","Ispiriendi;Giulia Cartasegna;Marco Muntoni;Roberto Diana",2019-05-15,100000,4,false,dfiechter2,2019-05-15T17:49:06Z,"celtic","Raighes Factory",0.484,0.449,4,-10.387,0,0.0384,0.737,0.858,0.111,0.433,150.664,4
spotify:track:2M0W0MYHdJ3SGbcfMaxHGM,"Memories","Memories","Çağatay Kılıç",2019-06-03,133743,0,false,dfiechter2,2019-06-04T17:47:19Z,"celtic,medieval","708122 Records DK",0.6,0.0499,2,-18.833,0,0.0409,0.954,0.947,0.103,0.45,120.146,4
spotify:track:76GmHvU7IUfVZIex3cnq9Z,"Petronella","Dance","Lissa Schneckenburger",2010-06-01,280000,14,false,dfiechter2,2019-06-11T06:25:12Z,"celtic","Footprint Records",0.564,0.452,2,-6.892,1,0.0327,0.878,0.944,0.116,0.405,106.838,4
spotify:track:2ZHC5xweuO6eIJ6VMCqata,"Si Bheag Si Mhor","The Delights of Celtic Harp","Sound Haven",2018-08-28,171645,0,false,dfiechter2,2019-07-06T03:53:35Z,"celtic","944772 Records DK",0.633,0.142,5,-14.33,1,0.0561,0.984,0.93,0.103,0.261,115.859,3
spotify:track:5cHIwsa3dm2T5HKm42HN1X,"Humours of Ennistymon","Humours of Ennistymon","Ulli Boegershausen",2019-07-12,117760,0,false,dfiechter2,2019-07-12T17:58:26Z,"","Mikado Records",0.398,0.321,10,-13.995,1,0.0421,0.927,0.908,0.108,0.589,111.789,4
spotify:track:2JrtmaKDjHykfZFoX86De7,"Journey Home","Journey Home","Denis Turbide;Ian Wong",2019-08-09,144250,29,false,dfiechter2,2019-08-09T05:11:36Z,"","577059 Records DK",0.674,0.268,4,-17.901,1,0.0444,0.965,0.908,0.105,0.481,97.956,3
spotify:track:37xwPTFEJuPiWsysaMhlNa,"Leprechaun's Hut","Creatures of Lore","Derek Fiechter",2014-10-03,187300,7,false,dfiechter2,2019-08-17T05:23:08Z,"medieval,celtic","Various Artists",0.637,0.43,4,-12.221,0,0.0271,0.916,0.967,0.126,0.586,123.98,3
spotify:track:2ENiIGXP2cLaTbJ2OMUhps,"Eternal Dream","Eternal Dream","Invadable Harmony",2019-07-26,157408,0,false,dfiechter2,2019-09-06T04:27:51Z,"","854011 Records DK2",0.367,0.0447,0,-24.467,1,0.0363,0.987,0.929,0.117,0.0399,108.209,3
spotify:track:3cGLXiEJdrLg61hEmu8XFy,"I Am Goldberry, Daughter of the River","From Hobbiton to Bree","Nicostrauss",2019-09-10,195428,26,false,dfiechter2,2019-09-10T18:06:24Z,"medieval,celtic","la bottega di Jubal",0.367,0.43,2,-9.063,0,0.0274,0.468,0.83,0.0932,0.35,93.224,4
spotify:track:34RwauA488XILnvY9yd2d0,"As the Valley Slumbers","Foras","Ian Fontova",2019-09-09,252742,38,false,dfiechter2,2019-09-17T21:17:03Z,"celtic,medieval","Ian Fontova",0.451,0.634,4,-10.382,0,0.0302,0.342,0.000182,0.46,0.183,79.986,3
spotify:track:7qc5oJLlQA4limE6mi6jaC,"The Otter's Holt","The Otter's Holt","Whalebone",2019-09-18,245023,0,false,dfiechter2,2019-09-19T17:43:13Z,"celtic","Two Wild Women Records",0.48,0.456,2,-15.371,1,0.041,0.912,0.545,0.0975,0.77,113.112,4
spotify:track:1ZqoUs6NXCiqzTqv9vSsGr,"Wild Mountain Thyme","Wild Mountain Thyme","Stephen Wake",2019-09-17,147106,0,false,dfiechter2,2019-09-21T22:02:49Z,"celtic","944772 Records DK",0.409,0.293,5,-13.159,1,0.034,0.938,0.957,0.111,0.362,103.792,4
spotify:track:1SjN4zosbRV8RMdlDRbo05,"Pilgrimage","Pilgrimage","Lunng Fern",2017-07-25,141293,0,false,dfiechter2,2019-10-01T21:28:49Z,"","recordJet",0.383,0.103,3,-22.172,0,0.0566,0.931,0.934,0.0905,0.208,110.589,4
spotify:track:7bt91RdhpCOyezE1Wz8Dl8,"Risen","Risen","Manolo Fernandez",2019-10-18,221801,2,false,dfiechter2,2019-10-18T17:49:02Z,"celtic,new age","manumusic",0.478,0.314,8,-12.662,0,0.0249,0.918,0.922,0.11,0.117,99.96,3
spotify:track:35gEQ8UOYv1XBMC6AE7CAG,"Black Is the Color of My True Love's Hair","Black Is the Color of My True Love's Hair","Liad Abraham",2017-05-30,200744,0,false,dfiechter2,2019-10-21T21:28:51Z,"celtic","Liad Abraham",0.251,0.17,11,-14.118,0,0.0607,0.922,0.853,0.142,0.193,82.871,4
spotify:track:1FdUlniqlTGe20WnH9ToK7,"Ascend","Ascend","Barry Mcloughlin",2019-10-11,140743,29,false,dfiechter2,2019-11-06T04:06:47Z,"","Barry McLoughlin",0.524,0.254,4,-16.95,0,0.0442,0.934,0.935,0.111,0.614,125.963,4
spotify:track:31Q8GW9P4xb916n3xgiD2J,"In the Name of Stillness","In the Name of Stillness","Aine Minogue",2017-07-21,291876,0,false,dfiechter2,2020-01-08T21:33:50Z,"celtic","Aine Minogue",0.241,0.143,4,-13.595,0,0.0311,0.902,0.894,0.121,0.0542,82.164,4
spotify:track:403pgu8nRae6Vc4bNnTkU6,"Riding the Wind","A Stormcrow Journey","Nicostrauss",2020-01-13,96000,19,false,dfiechter2,2020-02-07T18:56:33Z,"medieval,celtic","la bottega di Jubal",0.519,0.618,2,-7.601,1,0.115,0.0149,0.124,0.149,0.45,120.448,4
spotify:track:7IXKSZ51f0x8VbiyVIvU6N,"Galway Girl","Galway Girl - The Very Best Irish Pub Music","The O'Neill Brothers Group;Irish Pub Music;Irish Celtic Music",2017-03-30,200527,14,false,dfiechter2,2020-02-21T23:24:59Z,"hymns,celtic,celtic rock","Shamrock-n-Roll, Inc.",0.455,0.792,4,-8.066,1,0.0265,0.00233,0.0101,0.958,0.86,95.147,4
spotify:track:2nhHjyGPaSRJOXr7frmS6p,"The Broken Doll - Sandpipers","Sunbox","Hot Griselda",2018-07-15,265680,16,false,dfiechter2,2020-02-24T04:11:09Z,"celtic,traditional folk,folk","Trad Records",0.45,0.714,2,-7.941,1,0.0309,0.193,0.000162,0.252,0.846,99.998,4
spotify:track:1jjeBHJKPHtaClSSKvBW2x,"The Hidden Road","A Timeless Space","Giuseppe Corcella",2021-02-28,278082,0,false,dfiechter2,2021-12-21T02:36:58Z,"","Attic Studio",0.46,0.25,2,-11.999,0,0.0309,0.957,0.513,0.095,0.186,126.037,3
spotify:track:6kSaD2zp6Nc3W6yqPsZjhw,"Half Light","Half Light","Sean Gray;Andrew Finn Magill",2020-05-15,245017,6,false,dfiechter2,2020-05-16T03:33:39Z,"celtic","Vestido Verde Productions",0.582,0.348,4,-10.777,0,0.0334,0.844,0.656,0.108,0.536,106.127,4
spotify:track:4nQ6ffILgLggzR3gkcqbYl,"Cherry Pie","Celtic Collection","Martin Czerny",2020-03-15,245629,0,false,dfiechter2,2020-05-19T18:01:20Z,"","Martin Czerny",0.506,0.488,7,-10.74,1,0.0285,0.0651,0.174,0.121,0.502,87.474,4
spotify:track:7C5BIOEjAHtAkeFXL9gvNb,"Daphne","Ardennia","Sons of Sirius",2020-03-24,236200,12,false,dfiechter2,2020-06-03T03:34:30Z,"medieval,celtic","Sons of Sirius",0.46,0.264,4,-9.763,0,0.036,0.839,0.00000413,0.166,0.523,119.836,3
spotify:track:3YBHMvTJhVj7KCqRKdS7v3,"The Sun Will Shine","Garden of Earth","Gene Tipton",2018-07-28,195768,2,false,dfiechter2,2018-08-25T19:43:55Z,"celtic","Gene Tipton",0.296,0.384,7,-7.178,1,0.0391,0.438,0,0.111,0.326,81.619,4
spotify:track:0rNRV0s2VEbFAdbzLwd8O5,"Celtic Fairytale","Tree of Legends","Ean Grimm",2019-05-31,230400,0,false,dfiechter2,2019-07-01T23:11:30Z,"medieval,celtic,renaissance","Ean Grimm",0.431,0.731,2,-9.785,0,0.0439,0.131,0.875,0.138,0.0664,125.009,4
spotify:track:4yCo400G0Pc2V6bPmQ1W36,"Gaelic Earth","Across Acheron","Adrian Von Ziegler",2011-06-22,126440,13,false,dfiechter2,2015-07-04T01:40:51Z,"celtic,medieval","Adrian von Ziegler",0.69,0.463,0,-11.08,1,0.0872,0.957,0.829,0.123,0.982,94.995,4
spotify:track:0SnxyfFWCbmW8X5b1RPWlw,"Snowflake Forest","Magical Winter","Ean Grimm",2019-11-29,193761,0,false,dfiechter2,2020-06-04T17:54:50Z,"medieval,celtic,renaissance","Ean Grimm",0.24,0.204,2,-15.6,0,0.036,0.978,0.964,0.132,0.231,109.005,4
spotify:track:30UFGnajgHSPdS7jCYlTxc,"Sheebeg and Sheemore","Celtic Heart","Adagio Trio",2008-01-01,256066,22,false,dfiechter2,2020-06-16T19:48:32Z,"celtic,medieval","Adagio Trio",0.37,0.14,2,-15.581,1,0.0319,0.976,0.943,0.0965,0.501,142.384,3
spotify:track:3lZWikUKbQ2VtDUcL1G5rp,"Sir Castlestrong","Dance of Iron","Ean Grimm",2020-07-10,211034,0,false,dfiechter2,2020-07-12T22:41:36Z,"medieval,celtic,renaissance","Ean Grimm",0.535,0.18,2,-13.147,0,0.0336,0.991,0.931,0.109,0.438,116.035,3
spotify:track:5fWpzrY336YVg7VY0NhXbx,"The Mystical Forest","Keltae: The Celtic Compilation","Tartalo Music",2015-01-01,169864,34,false,dfiechter2,2016-03-23T04:38:55Z,"celtic,medieval","Tartalo Music",0.519,0.277,1,-16.452,1,0.0294,0.264,0.928,0.0919,0.0385,141.945,3
spotify:track:1sjVTuOpKBqo99HWBzlZWV,"Forest of Souls","Enter the Realm","Tartalo Music",2015-02-26,235903,18,false,dfiechter2,2017-03-24T02:48:47Z,"celtic,medieval","Tartalo Music",0.392,0.493,1,-15.293,0,0.0661,0.25,0.412,0.228,0.125,116.915,4
spotify:track:39WZbR9FIxX7UbFAniGIUj,"Myrdhin","Myrdhin (feat. Ian Fontova)","Tartalo Music;Ian Fontova",2016-10-16,189685,36,false,dfiechter2,2017-03-24T02:47:22Z,"celtic,medieval","Symphonia",0.373,0.465,6,-11.668,0,0.0764,0.464,0.671,0.171,0.266,138.099,3
spotify:track:4XYzprcRANCXx5byrV0MQZ,"Celtic Snow Festival","Merry Christmas","Derek Fiechter;Brandon Fiechter",2020-12-10,219350,7,false,dfiechter2,2020-12-10T06:13:00Z,"medieval,celtic","Derek Fiechter & Brandon Fiechter",0.199,0.185,2,-16.027,1,0.0367,0.88,0.951,0.1,0.282,76.749,3
spotify:track:5eeyteoxthyePcUOSDvgce,"The Dwarves' Song","Tir Nan Og","Logan Epic Canto",2020-01-12,178822,0,false,dfiechter2,2020-08-13T05:13:11Z,"celtic,medieval","Logan Epic Canto",0.395,0.705,11,-6.98,0,0.0476,0.00412,0.000457,0.14,0.339,139.997,4
spotify:track:2D2eHYkDIa3wWdnyTpHeLm,"Peter Pan","World of Wonders II","Derek Fiechter;Brandon Fiechter",2020-09-10,249272,8,false,dfiechter2,2020-09-10T18:43:19Z,"medieval,celtic","Derek Fiechter & Brandon Fiechter",0.233,0.289,6,-18.207,1,0.0347,0.847,0.944,0.109,0.332,108.768,4
spotify:track:0aDyfxI8Ch1iCHBtx2pbOR,"Cinnamon Spice Land","Merry Christmas","Derek Fiechter;Brandon Fiechter",2020-12-10,221425,9,false,dfiechter2,2020-12-10T06:16:22Z,"medieval,celtic","Derek Fiechter & Brandon Fiechter",0.348,0.165,4,-14.189,1,0.0342,0.88,0.776,0.13,0.317,99.693,4
spotify:track:4zOpmE8WGlbJFCTINJT5FH,"Deer Maiden","Pan's Forest","Brandon Fiechter;Derek Fiechter",2021-01-07,214125,4,false,dfiechter2,2021-01-07T05:36:56Z,"medieval,celtic","Derek Fiechter & Brandon Fiechter",0.528,0.217,8,-13.738,1,0.0328,0.921,0.508,0.232,0.296,106.605,4
spotify:track:4WovSiZoHfMVGB77JddyOn,"Pirate Elves","Strange Fusions","Derek Fiechter;Brandon Fiechter",2016-04-05,216923,8,false,dfiechter2,2021-02-03T04:44:22Z,"medieval,celtic","Brandon Fiechter",0.687,0.459,4,-14.522,0,0.0332,0.795,0.879,0.0914,0.539,116.98,3
spotify:track:7j3lo8C7fNpMqwG5T026Av,"Winter Fauns","Merry Christmas","Derek Fiechter;Brandon Fiechter",2020-12-10,213200,5,false,dfiechter2,2020-12-10T06:26:21Z,"medieval,celtic","Derek Fiechter & Brandon Fiechter",0.423,0.272,2,-15.491,1,0.0282,0.883,0.96,0.0977,0.256,75.009,3
spotify:track:5KPmuhzSWFxmTlE5GxCvU8,"Halfling Inn","Inns & Taverns","Derek Fiechter;Brandon Fiechter",2021-02-11,211961,13,false,dfiechter2,2021-02-11T05:41:46Z,"medieval,celtic","Derek Fiechter & Brandon Fiechter",0.511,0.358,7,-15.308,1,0.032,0.962,0.939,0.136,0.573,129.957,4
spotify:track:0JFfyc5zJRjh4SNqBZraTI,"Celtic Princess","Fairytale Romance","Derek Fiechter;Brandon Fiechter",2022-01-27,212625,6,false,dfiechter2,2022-01-27T05:06:48Z,"medieval,celtic","Derek Fiechter & Brandon Fiechter",0.223,0.421,7,-16.118,1,0.0429,0.723,0.981,0.205,0.635,77.774,5
spotify:track:1mszFQFl5W2Wlsr0syLTSk,"Night Fairy Inn","Inns & Taverns","Derek Fiechter;Brandon Fiechter",2021-02-11,212884,18,false,dfiechter2,2021-02-11T05:49:01Z,"medieval,celtic","Derek Fiechter & Brandon Fiechter",0.425,0.565,4,-16.02,0,0.0472,0.833,0.978,0.0925,0.771,112.25,3
spotify:track:5t1VRcu3CFmJla4Z8ok3gV,"Clans of Ulaid","Tales of Olden, Vol. 1","Ian Fontova",2021-04-29,261000,37,false,dfiechter2,2021-05-03T00:46:21Z,"celtic,medieval","Ian Fontova",0.653,0.72,2,-12.405,1,0.0373,0.248,0.823,0.158,0.84,130.016,4
spotify:track:7C6f0qKJqH66jHv2ghYV1M,"Easter Bunny","Easter Valley","Derek Fiechter;Brandon Fiechter",2022-07-14,219279,2,false,dfiechter2,2022-07-14T04:39:38Z,"medieval,celtic","Derek Fiechter & Brandon Fiechter",0.566,0.14,2,-13.486,1,0.0385,0.936,0.939,0.11,0.159,118.08,4
spotify:track:76HDtGv4AZAm57TvdRqf7p,"Brian Boru's March (Traditional Irish)","Evensong","Adagio Trio",2005-01-01,137946,17,false,dfiechter2,2021-05-21T06:13:40Z,"celtic,medieval","Adagio Trio",0.462,0.166,7,-16.462,1,0.051,0.987,0.936,0.0857,0.43,115.057,3
spotify:track:2ST5tVI4dZLiDbbB7Autdb,"Warrior Princess","Secret Flame","Filip Lackovic",2019-05-28,161829,4,false,dfiechter2,2021-09-11T22:39:06Z,"celtic,medieval","1083523 Records DK",0.654,0.581,2,-13.157,0,0.0284,0.578,0.855,0.0824,0.395,150.005,4
spotify:track:6rUBnjCw3hUa5jvEFa0D7V,"Wolf Girl","Werewolves","Derek Fiechter;Brandon Fiechter",2021-09-23,207263,5,false,dfiechter2,2021-09-25T01:56:43Z,"medieval,celtic","Derek Fiechter & Brandon Fiechter",0.286,0.313,5,-12.986,0,0.0362,0.899,0.984,0.142,0.394,127.42,4
spotify:track:0vap7DcNuOw2qaqrsFByjG,"The Fairy Meadow","Fairytale Romance","Derek Fiechter;Brandon Fiechter",2022-01-27,232422,25,false,dfiechter2,2022-01-27T05:07:25Z,"medieval,celtic","Derek Fiechter & Brandon Fiechter",0.197,0.105,2,-17.596,1,0.0358,0.986,0.931,0.14,0.134,95.976,3
spotify:track:7zDGOenERYcdn94wzl8J25,"The Wild Hunt","Celtic Shadows","Derek Fiechter;Brandon Fiechter",2024-06-20,227803,12,false,dfiechter2,2024-06-20T21:29:11Z,"medieval,celtic","Derek Fiechter & Brandon Fiechter",0.569,0.51,10,-16.124,0,0.0302,0.014,0.949,0.112,0.48,142.671,4
spotify:track:5Hym9MZbEbjcEQZnJTY07S,"Boudicca","Celtic Lands","Derek Fiechter;Brandon Fiechter",2022-06-15,208656,2,false,dfiechter2,2022-06-09T18:10:16Z,"medieval,celtic","Derek Fiechter",0.616,0.396,4,-17.931,0,0.0382,0.597,0.911,0.0986,0.11,133.983,4
spotify:track:437c9uxZdU3U9jrkTzFWwC,"Evergreen Valley","Easter Valley","Derek Fiechter;Brandon Fiechter",2022-07-14,202685,4,false,dfiechter2,2022-07-14T04:42:17Z,"medieval,celtic","Derek Fiechter & Brandon Fiechter",0.241,0.0553,2,-19.437,1,0.0386,0.991,0.965,0.0685,0.431,69.405,3
spotify:track:5xaZM0IBgdHufMAp8te6Qe,"Will Ye Go, Lassie, Go","Will Ye Go, Lassie, Go","Sheridan Rúitín",2021-01-26,310000,4,false,dfiechter2,2022-12-26T23:23:56Z,"sea shanties,celtic,celtic punk,celtic rock","Sheridan Rúitín",0.497,0.436,2,-7.973,1,0.0281,0.586,0.00000153,0.139,0.247,114.983,4
spotify:track:2lY41FcHHZUKphx5sLnhc8,"The Faun Shepherdess","Romantic Tales","Derek Fiechter;Brandon Fiechter",2023-01-12,227229,2,false,dfiechter2,2023-01-12T05:12:54Z,"medieval,celtic","Derek Fiechter & Brandon Fiechter",0.409,0.0687,4,-18.536,1,0.0316,0.995,0.963,0.0956,0.805,147.905,4
spotify:track:2pmhITSl2L20OJvnZo9IVI,"Halfling Girl","Fantasy Harp","Derek Fiechter;Brandon Fiechter",2023-05-25,200210,7,false,dfiechter2,2023-05-25T04:34:34Z,"medieval,celtic","Derek Fiechter & Brandon Fiechter",0.437,0.0922,5,-22.474,1,0.0627,0.996,0.916,0.101,0.465,66.002,4
spotify:track:4MILoqWQiHBJruXz8T0kDY,"Loch Ness Monster","Creatures of Lore II","Derek Fiechter;Brandon Fiechter",2023-06-08,223589,12,false,dfiechter2,2023-06-08T04:11:26Z,"medieval,celtic","Derek Fiechter & Brandon Fiechter",0.481,0.223,5,-21.921,1,0.0339,0.627,0.566,0.0991,0.0617,116.906,4
spotify:track:0tVYM7HmMBAseNBY1mYWv8,"Tuatha Dé Danann","Celtic Shadows","Derek Fiechter;Brandon Fiechter",2024-06-20,214532,15,false,dfiechter2,2024-06-20T21:29:11Z,"medieval,celtic","Derek Fiechter & Brandon Fiechter",0.377,0.372,9,-17.079,0,0.0289,0.386,0.879,0.104,0.339,181.993,3
spotify:track:7KbHhUCGBQnGFFVZo7CL0y,"Jolly Sailor's Market","Pirate Island","Derek Fiechter;Brandon Fiechter",2024-08-15,249519,6,false,dfiechter2,2024-08-15T17:53:50Z,"medieval,celtic","Derek Fiechter & Brandon Fiechter",0.824,0.257,4,-14.226,1,0.0429,0.92,0.936,0.163,0.878,104.012,4
spotify:track:7nX0hPdDj0Z0vKsRCKLg93,"Celtic Fairy Queen","Dark Fae II","Derek Fiechter;Brandon Fiechter",2024-10-10,208064,12,false,dfiechter2,2024-10-10T17:36:18Z,"medieval,celtic","Derek Fiechter & Brandon Fiechter",0.472,0.431,9,-16.694,1,0.0342,0.357,0.903,0.255,0.631,124.004,4
spotify:track:4SILrpr8I8ozgVj2TH61MK,"Featherdew","Forest Fairies","Derek Fiechter;Brandon Fiechter",2025-05-15,208060,28,false,dfiechter2,2025-05-16T20:31:10Z,"medieval,celtic","Derek Fiechter & Brandon Fiechter",0.0856,0.0996,2,-17.234,1,0.05,0.977,0.932,0.0977,0.312,59.287,4
