Track URI,Track Name,Album Name,Artist Name(s),Release Date,Duration (ms),Popularity,Explicit,Added By,Added At,Genres,Record Label,Danceability,Energy,Key,Loudness,Mode,Speechiness,Acousticness,Instrumentalness,Liveness,Valence,Tempo,Time Signature
spotify:track:12PHxHRb1eBihhxHOxxF6O,"Made For Love","Made For Love","Korolova;Agents Of Time;Conor Ross",2025-11-28,241889,50,false,t!cktack,2026-01-02T23:54:12Z,"melodic techno,melodic house,progressive house,techno","Disorder Artist & Label Services",0.573,0.891,1,-7.174,0,0.0409,0.00444,0.455,0.0829,0.0334,127.017,4
spotify:track:7gRtJJvlVYPIHOZEfBEmLB,"Aero","ANTI 02","YOTTO",2025-11-20,510720,33,false,t!cktack,2026-01-02T23:54:33Z,"melodic house,progressive house,melodic techno,deep house","Odd One Out",0.736,0.843,2,-6.927,1,0.0512,0.0000796,0.888,0.0819,0.24,125.004,4
spotify:track:35wNOGOyGgYtmZkheJfcme,"The Other Side","The Other Side","Chris Avantgarde;Eddie Thoneick;Kisch",2025-11-21,327643,41,false,t!cktack,2026-01-02T23:54:54Z,"melodic techno,melodic house,techno,tribal house,latin house,house","Hyperreal / Boom.Records",0.609,0.887,2,-9.014,0,0.0444,0.00319,0.609,0.0404,0.0514,126.014,4
spotify:track:4Xx7k0e3pq5BMdrOGm2LmN,"Running Guns","Rhythm Of Love EP","Jats (ofc)",2025-11-07,369268,13,false,t!cktack,2026-01-02T23:55:06Z,"afro tech,afro house,melodic house","VIVa MUSiC",0.655,0.952,5,-4.934,1,0.0372,0.0115,0.593,0.0893,0.364,123.015,4
spotify:track:75z2GddeGizSAH6PmXUk53,"Blueprint - Matt Fax Reprint","Blueprint (Matt Fax Reprint)","Ferry Corsten;Matt Fax",2025-11-21,261120,33,false,t!cktack,2026-01-02T23:55:23Z,"trance,progressive trance,progressive house,melodic house","Black Hole Recordings",0.563,0.92,0,-7.784,1,0.0367,0.000523,0.803,0.52,0.182,124.985,4
spotify:track:1QsLT0Nw8cbeo3PhIMBTFz,"Rico - Radio Edit","Rico","Space Motion;REVOL(ofc)",2025-11-07,212903,45,false,t!cktack,2026-01-02T23:55:38Z,"melodic techno,afro house,melodic house,afro tech,progressive house,tribal house","Space Motion Records",0.716,0.904,7,-5.356,1,0.0517,0.0272,0.0925,0.0921,0.216,124.008,4
spotify:track:0hf5lrj9XaIMzKCQNlVV6p,"This Feeling","This Feeling","BOg",2025-10-24,279226,28,false,t!cktack,2026-01-02T23:55:49Z,"melodic techno,melodic house,progressive house","ATLANT",0.803,0.859,7,-8.098,1,0.0648,0.00024,0.839,0.0255,0.2,125.02,4
spotify:track:76u4tH1ChOwT1vrDX4j0Gx,"Ghost Rider","Ghost Rider | the Oracle | Vanishing","Taylan",2025-11-07,423750,18,false,t!cktack,2026-01-02T23:56:03Z,"melodic techno,progressive house,melodic house,organic house","Sunexplosion",0.775,0.876,10,-6.804,0,0.058,0.00868,0.854,0.0841,0.106,123.001,4
spotify:track:18d6tKtNSpow0iQq1OCpIX,"Different Way - ARTBAT Remix","Different Way (ARTBAT Remix)","BLOND:ISH;Zeeba",2025-10-15,193920,51,false,t!cktack,2026-01-02T23:56:16Z,"afro house,techengue,latin house","Insomniac Records",0.557,0.91,11,-6.403,0,0.0356,0.0303,0.000267,0.066,0.17,125.044,4
spotify:track:0TQ5OOlGYqTED5pj07nPSN,"Who Das - Hernan Cattaneo, Marcelo Vasami Remix Edit","Who Das","PAAX (Tulum);Hernan Cattaneo;Marcelo Vasami",2025-11-07,210731,37,false,t!cktack,2026-01-02T23:56:31Z,"organic house,tribal house,downtempo,progressive house,melodic techno,melodic house,electronica,dub techno","Songuara",0.659,0.911,9,-8.645,0,0.0326,0.000084,0.695,0.291,0.047,122.996,4
spotify:track:1RS1pjAkthdk8qZIDuyiQh,"Mangatune","Sinfonia EP","Carl Bee",2024-08-16,394356,27,false,t!cktack,2026-01-02T23:56:43Z,"melodic techno,indie dance,melodic house,tech house","Diynamic Music",0.693,0.878,6,-7.489,1,0.0545,0.00292,0.781,0.0567,0.454,126.999,4
spotify:track:6yV0lGuy2tYHR4OpxrLtGo,"Sun In Your Eyes - Marsh Remix","Sun In Your Eyes (Marsh Remix)","Above & Beyond;Marsh",2025-10-30,247524,40,false,t!cktack,2026-01-02T23:57:02Z,"trance,progressive trance,progressive house,melodic house,organic house,deep house,melodic techno","Anjunabeats",0.341,0.753,7,-8.728,0,0.039,0.0264,0.947,0.0935,0.121,125.974,4
spotify:track:3lDBo8CXgQQyEfFqK6JWWF,"Fight For Life","Fight For Life","Korolova;Artem Pivovarov;Usyk",2025-07-18,158095,37,false,t!cktack,2025-07-29T20:19:29Z,"melodic techno,melodic house,progressive house","Captive Soul",0.638,0.878,1,-8.689,1,0.0604,0.034,0.293,0.0905,0.228,125.986,4
spotify:track:5jRA4KoWwHvQFPYFOOlJS7,"Keep It Real","Keep It Real","Korolova;DAMEN",2025-02-07,127500,42,false,t!cktack,2025-07-29T20:20:04Z,"melodic techno,melodic house,progressive house","Tomorrowland Music",0.677,0.808,7,-5.382,1,0.138,0.0269,0.0000251,0.423,0.342,128.038,4
spotify:track:0hSuV2otL5a1tl8pByCiAt,"Arrival","Arrival","KREAM",2025-01-31,204285,64,false,t!cktack,2025-07-29T20:20:21Z,"","Liquid Lab",0.731,0.932,9,-5.366,1,0.037,0.00305,0.932,0.0747,0.102,125.997,4
spotify:track:0omwUIyTYxmjkC1jEp8tq8,"You're Not Alone","You're Not Alone","P.O.U;Delta Vaults;Rory Hope",2025-06-20,211200,33,false,t!cktack,2025-07-29T20:20:40Z,"melodic techno,melodic house","Epic247 Recordings",0.553,0.86,7,-6.625,0,0.0362,0.00316,0.741,0.12,0.0864,125.003,4
spotify:track:3wZXYxSl00Yp59fvXSvjiC,"Higher Calling","Higher Calling","Korolova;Julia Sanina",2025-03-28,217380,48,false,t!cktack,2025-07-29T20:22:31Z,"melodic techno,melodic house,progressive house","Captive Soul",0.636,0.887,0,-5.953,0,0.0412,0.0406,0.0142,0.0903,0.0776,126.015,4
spotify:track:1k7CJjdUHWs67jHcAMDCvo,"Vorozhyla","Vorozhyla","Korolova;Rokston;Go_A;Monokate",2024-09-06,185365,51,false,t!cktack,2025-07-29T20:23:10Z,"melodic techno,melodic house,progressive house","Tomorrowland Music",0.596,0.901,0,-7.481,0,0.0347,0.00194,0.193,0.118,0.204,123.011,4
spotify:track:6XdGGCQ8M9NpEU1JYFwewW,"Pulsar - Radio Mix","Pulsar","Alan Wools;Etonika",2025-07-18,202204,21,false,t!cktack,2025-07-29T20:25:09Z,"melodic techno,techno,progressive house,melodic house","AE Music",0.644,0.936,11,-4.919,0,0.0871,0.00339,0.712,0.159,0.302,126.992,4
spotify:track:7DbTTbwafS6CQ9bD4Et5Zr,"Put Your Love On Me (feat. Henry Camamile) - Korolova Remix","Put Your Love On Me (feat. Henry Camamile) [Marco Lys Remix]","Claptone;Sea Girls;Henry Camamile;Korolova",2025-06-20,219074,23,false,t!cktack,2025-06-22T20:09:04Z,"indie,melodic techno,melodic house,progressive house","Golden Path Recordings",0.539,0.878,8,-5.499,1,0.0313,0.000665,0.00958,0.129,0.181,125.974,4
spotify:track:1UhzFALHc9kjh3UqRJjR02,"WIND","WIND","Argy;Omiki",2025-06-06,190866,58,false,t!cktack,2025-06-07T10:25:05Z,"melodic techno,melodic house,techno,psytrance,trance,progressive trance","New World",0.707,0.886,2,-6.643,1,0.0383,0.109,0.847,0.156,0.112,127.013,4
spotify:track:4mEuwTIHlIW9N67pxOKnG6,"Reach for Bliss","Reach for Bliss","JP Mantero",2025-05-16,433760,9,false,t!cktack,2025-06-07T10:25:31Z,"progressive house,organic house","Fractal Noise Records",0.773,0.81,1,-11.306,0,0.0698,0.0000188,0.781,0.0717,0.142,120.003,4
spotify:track:3Ta75DXRTpZ0XieWHuhjE4,"Human Now (feat. Luke Steele)","The End Of Genesys","Anyma;Luke Steele",2025-05-30,190726,52,false,t!cktack,2025-06-07T10:25:58Z,"melodic techno,melodic house,techno,stutter house","Anyma/Interscope Records",0.608,0.73,10,-5.673,0,0.0269,0.024,0.187,0.117,0.229,128.99,4
spotify:track:16h1oek8xjdszxudIyjFg3,"Inside Your Mind","Inside Your Mind","Innellea;THEN;Carlo Whale",2025-05-09,174252,41,false,t!cktack,2025-06-07T10:26:20Z,"melodic techno,melodic house,techno,progressive house","belonging",0.59,0.968,6,-5.24,0,0.0488,0.000483,0.824,0.403,0.426,123.958,4
spotify:track:1teptSupdbFxOQuXoTVnBR,"We Could Be Love (Rivo & Mark Hoffen Remix)","We Could Be Love (Rivo & Mark Hoffen Remix)","Hayden James;Rivo;Mark Hoffen;AR/CO",2025-05-22,219248,45,false,t!cktack,2025-06-07T10:35:30Z,"afro house,melodic techno,melodic house","Future Classic",0.605,0.842,10,-6.659,0,0.0455,0.00611,0.000012,0.4,0.17,126.039,4
spotify:track:7oVpVzsRuOC1XwtoskDRI4,"Midnight","Midnight","Deep Dish;Eynka;WRABEL",2025-05-16,223345,18,false,t!cktack,2025-06-07T10:26:52Z,"melodic techno,melodic house","Kontor Records",0.538,0.893,4,-8.09,0,0.0399,0.0164,0.881,0.496,0.0793,125.024,4
spotify:track:7pdI0NvmX1AstoqafRMcsb,"SOS","SOS","Cassian",2025-05-02,184687,56,false,t!cktack,2025-06-07T10:27:04Z,"melodic techno,melodic house","Experts Only",0.65,0.936,1,-5.327,1,0.034,0.00173,0.382,0.0977,0.506,127.98,4
spotify:track:05ti2ElVW6Ynh4p1py3547,"Kraken","Kraken","Sixth Ocean",2025-06-06,228779,20,false,t!cktack,2025-06-07T10:32:26Z,"","Captive Soul",0.592,0.898,8,-5.063,1,0.0384,0.00607,0.832,0.453,0.0691,127.986,4
spotify:track:5c0VEGG1LlwYwQgrPX9oHA,"Fragments of Light","Fragments of Light","THEN;Carlo Whale",2025-06-20,205000,37,false,t!cktack,2025-06-22T20:11:06Z,"melodic techno,melodic house,progressive house","Captive Soul",0.682,0.834,11,-7.296,1,0.0415,0.0359,0.605,0.192,0.038,126.008,4
spotify:track:1PhEJ1tmlqtC9GrHRq5jfF,"Say It","By My Side","THEN;Carlo Whale",2024-02-02,388064,27,false,t!cktack,2025-03-25T18:51:40Z,"melodic techno,melodic house,progressive house","ZAMNA Records",0.655,0.773,7,-6.266,1,0.0472,0.000381,0.529,0.0556,0.031,123.988,4
spotify:track:1UuFBfTbwOzOuxArBBvAuF,"La Musica - Radio Edit","La Musica","Space Motion",2025-03-14,246240,21,false,t!cktack,2025-03-23T18:47:06Z,"melodic techno,afro house,melodic house,afro tech,progressive house,tribal house","Space Motion Records",0.687,0.9,9,-5.739,0,0.0608,0.000235,0.892,0.124,0.249,125.025,4
spotify:track:7pS1ts9rfwuSOMu2kZkBZ7,"Voices In My Head","Voices In My Head","Anyma;Argy;Son of Son",2025-02-14,146308,3,false,t!cktack,2025-03-23T18:45:26Z,"melodic techno,melodic house,techno,stutter house","Anyma/Interscope Records",0.766,0.887,2,-6.298,1,0.0415,0.0767,0.349,0.109,0.255,127.999,4
spotify:track:65f7AkA4NaEmTHsvclsJeI,"TERMINUS","ORACLE EP","Alfa Romero;Monophase (IT)",2025-03-07,209280,21,false,t!cktack,2025-03-23T18:45:42Z,"melodic techno,melodic house,progressive house","ERRORR",0.714,0.947,1,-7.296,1,0.064,0.000663,0.853,0.111,0.496,124.98,4
spotify:track:2zfWwqiWzmXRsyICIDbwGW,"Edge Of The World (feat. Nu-La)","Edge Of The World (feat. Nu-La)","MEDUZA;Innellea;GENESI;Nu-La",2025-03-07,173432,56,false,t!cktack,2025-03-23T18:45:59Z,"melodic techno,melodic house,techno,progressive house,tech house,drum and bass","Insomniac Records",0.61,0.919,5,-6.409,0,0.0419,0.00698,0.00494,0.261,0.224,126.039,4
spotify:track:0pkJaytE8r2ocz9QNOgoc7,"Show Me The Echo","Show Me The Echo","Fur Coat;Olivier Giacomotto",2025-03-14,247619,21,false,t!cktack,2025-03-23T18:46:35Z,"melodic techno,melodic house,minimal techno,techno","Captive Soul",0.62,0.75,7,-8.217,1,0.0385,0.00905,0.244,0.159,0.147,126.001,4
spotify:track:1IWIcqxOyoCDnzRHKTc1F5,"Throwing Stones","Throwing Stones","Massano",2025-03-14,219678,32,false,t!cktack,2025-03-23T18:50:36Z,"melodic techno,melodic house,techno","Simulate Recordings",0.642,0.866,7,-5.447,1,0.0355,0.026,0.0124,0.158,0.2,123.984,4
spotify:track:3kg6XwcUY1eRJ3ntWvZeSY,"Do For Your Love","Do For Your Love","Notre Dame",2025-03-07,245211,40,false,t!cktack,2025-03-23T18:50:52Z,"afro house,afro tech,melodic house,organic house,melodic techno","Paranormal",0.493,0.935,9,-7.819,0,0.039,0.16,0.892,0.131,0.5,121.646,4
spotify:track:63B5eUEndzIY9BGwcUASmv,"Stay Here","Stay Here","Rivo",2025-03-28,238415,56,false,t!cktack,2025-03-29T19:05:14Z,"afro house","Disorder",0.61,0.79,10,-7.076,0,0.0493,0.18,0.00109,0.0736,0.0528,122.943,4
spotify:track:6cg1PezjpVSRsRa7f9SnIP,"Last Night (Korolova Remix)","Last Night (Korolova Remix)","Rivo;Korolova",2025-01-10,177142,59,false,t!cktack,2025-02-09T13:26:14Z,"afro house,melodic techno,melodic house,progressive house","Disorder",0.659,0.932,11,-6.915,0,0.0565,0.000669,0.23,0.105,0.0551,126.009,4
spotify:track:5mgzD7gzvBkkaH6WeSItZ1,"Coming On Strong","Coming On Strong","Korolova;Eynka;Signum;Scott Mac",2024-12-20,243779,35,false,t!cktack,2025-02-09T13:26:40Z,"melodic techno,melodic house,progressive house,trance,hard house,progressive trance","Kontor Records",0.569,0.951,3,-4.107,0,0.0446,0.0293,0.847,0.0931,0.25,126.972,4
spotify:track:7oXNisPUiBdd8VjYLm3IQj,"Say Hello - Korolova Remix","Say Hello (Korolova Remix)","Deep Dish;Korolova",2025-03-07,163809,22,false,t!cktack,2025-03-15T21:08:40Z,"melodic techno,melodic house,progressive house","Kontor Records",0.605,0.916,2,-6.417,0,0.046,0.00661,0.0544,0.36,0.123,126.028,4
spotify:track:16qhKHGz2mDlFrxvNLYeHW,"Hypnotized (feat. Ellie Goulding)","Hypnotized","Anyma;Ellie Goulding",2025-01-10,180540,7,false,t!cktack,2025-02-09T13:27:34Z,"melodic techno,melodic house,techno,stutter house","Anyma/Interscope Records",0.73,0.926,5,-4.599,1,0.11,0.0804,0.000641,0.155,0.386,125.035,4
spotify:track:2eaNaUP23JVuERkcS3A4ny,"Ghost","Ghost","Kashovski;Callum Finn",2025-01-03,158606,7,false,t!cktack,2025-02-09T13:27:50Z,"afro house,afro tech,tribal house,melodic house,melodic techno","Kontor Records",0.694,0.899,11,-7.147,0,0.0392,0.174,0.481,0.0688,0.327,121.983,4
spotify:track:5VBBDXY6cM1Jv364a4ncxU,"Forever (feat. Malou & Yuna) - MEDUZA Remix","Forever (feat. Malou & Yuna) [MEDUZA Remix]","HUGEL;Diplo;MEDUZA;Malou;Yuna",2025-01-03,161463,43,false,t!cktack,2025-02-09T13:28:15Z,"latin house,afro house,techengue,moombahton,melodic house,malay,malaysian pop","Warner Music Central Europe",0.733,0.733,7,-8.774,1,0.0511,0.00313,0.543,0.0423,0.0372,122.995,4
spotify:track:2ZNTl0Fkst8ckJAbm0cwfY,"Amado","Amado","MAXI MERAKI;Orsay",2025-01-10,210500,42,false,t!cktack,2025-02-09T13:28:43Z,"afro house,melodic house,afro tech,organic house","Siamese",0.546,0.862,10,-6.995,0,0.0319,0.332,0.213,0.0849,0.54,119.975,4
spotify:track:3PxsFDOgkVFphkop92aeXs,"Cheating Heart","Cheating Heart","Henri Bergmann;Monophase (IT);Be No Rain",2025-02-14,220952,42,false,t!cktack,2025-02-15T14:03:30Z,"melodic techno,melodic house,indie dance,progressive house,techno","Spectrum (NL)",0.466,0.98,1,-6.502,1,0.0424,0.000632,0.285,0.379,0.0357,125.971,4
spotify:track:0L6223jyrD2qFSxSmjpEMP,"We Are The People - ARTBAT Remix","We Are The People (ARTBAT Remix)","Empire Of The Sun;ARTBAT",2024-12-06,238080,8,false,t!cktack,2025-02-09T13:29:31Z,"melodic techno,melodic house,techno,progressive house","EMI Recorded Music Australia Pty Ltd",0.533,0.968,4,-4.726,0,0.0697,0.00465,0.333,0.518,0.317,124.963,4
spotify:track:31qLLXZFIAQtAvJMnTwg9d,"Afire","Afire","Re-Type;Loya",2024-11-15,327278,19,false,t!cktack,2024-12-27T23:46:06Z,"melodic techno,melodic house,techno","Siamese",0.582,0.689,1,-8.951,0,0.0343,0.000153,0.789,0.124,0.0747,124.003,4
spotify:track:150DSCdbzqnfBarCxdcsSm,"Flora","Flora","Joris Voorn;Jan Blomqvist",2024-11-15,202741,13,false,t!cktack,2024-12-27T23:46:19Z,"melodic techno,melodic house","Kontor Records",0.559,0.931,6,-6.825,0,0.0338,0.00134,0.797,0.43,0.0991,124.001,4
spotify:track:3Wo7ZgMXAL73eHk6pVQKWh,"Heartless - Alex Wann Remix","Heartless (Alex Wann Remix)","WhoMadeWho;Kölsch;Alex Wann",2024-11-08,350163,38,false,t!cktack,2024-12-27T23:46:33Z,"melodic techno,melodic house,afro house,techno,afro tech","The Moment",0.616,0.785,6,-10.015,0,0.0402,0.00209,0.883,0.022,0.313,122.014,4
spotify:track:6Gi53jMV1JLVFYOS2iywxA,"Ascension","Ascension","Marsh;Volen Sentir",2024-10-25,244517,49,false,t!cktack,2024-12-27T23:46:47Z,"melodic house,progressive house,organic house,deep house,melodic techno,progressive trance","Anjunadeep",0.68,0.901,10,-6.818,0,0.0339,0.000487,0.908,0.338,0.0598,122.995,4
spotify:track:0bKeh6PzHLm5WElPsoGXSu,"All Yours","Rakata","THEN",2024-11-08,207096,26,false,t!cktack,2024-12-27T23:47:08Z,"melodic techno,melodic house,progressive house","Simulate Recordings",0.672,0.952,11,-5.347,1,0.0445,0.00106,0.234,0.0978,0.139,123.993,4
spotify:track:2czSNVn7l961gxCiRmB6Y3,"The Creator","The Creator","Space Motion",2024-11-08,226356,20,false,t!cktack,2024-12-27T23:47:28Z,"melodic techno,afro house,melodic house,afro tech,progressive house,tribal house","Realm Records",0.776,0.81,7,-7.147,1,0.0607,0.0364,0.851,0.207,0.177,122.994,4
spotify:track:0HHvbi1IFx0vmPrpqrJaJn,"Life","Life","donnerstag",2024-11-01,410322,5,false,t!cktack,2024-12-27T23:47:45Z,"melodic techno,melodic house","Lelantus Records",0.67,0.742,7,-9.829,1,0.0471,0.0214,0.5,0.189,0.0352,123.991,4
spotify:track:6aiw6FHEJPkWcrPnJIrR8u,"Fall For You (feat. April Morgan) - Hot Since 82 Remix","Fall For You (feat. April Morgan) [Hot Since 82 Remix]","Kings Of Tomorrow;April Morgan;Hot Since 82",2024-10-25,264980,0,false,t!cktack,2024-12-27T23:48:05Z,"funky house,deep house,tech house,house","Defected Records",0.608,0.84,8,-5.366,1,0.0298,0.00025,0.0377,0.0681,0.101,125.003,4
spotify:track:5ISwQStJB7Dr5QryPQ3xfJ,"Come Together","Come Together","Simon Doty;DJ Pierre",2024-11-08,203809,23,false,t!cktack,2024-12-27T23:48:26Z,"melodic house,progressive house,melodic techno,acid house,chicago house,acid techno","Armada Music",0.568,0.886,1,-6.854,1,0.0314,0.000249,0.185,0.157,0.799,126.014,4
spotify:track:1QszMPYg8GCYnNLD6U0aNL,"When I Saw You Again","When I Saw You Again","David Lindmer;Q.U.A.K.E;Eli & Dani",2024-11-22,257142,0,false,t!cktack,2024-12-27T23:48:45Z,"melodic techno,melodic house,progressive house","Running Clouds",0.72,0.898,7,-7.669,1,0.0626,0.00764,0.859,0.107,0.0365,125.995,4
spotify:track:5tWTZwUDixgTZ6T3eXg0VG,"How to Get Lost","Interstellar VA II","Henri Bergmann;Wennink",2024-11-08,236125,28,false,t!cktack,2024-12-27T23:49:00Z,"melodic techno,melodic house,indie dance","Automatik",0.472,0.895,5,-8.719,0,0.0385,0.000143,0.569,0.0837,0.335,123.99,4
spotify:track:1YBYFDWWtBnqGNq9qlkdQg,"Burnin’ - Tim Engelhardt Remix","Burnin’ (Tim Engelhardt Remix)","Rinzen;Shallou;Tim Engelhardt",2024-11-08,208434,18,false,t!cktack,2024-12-27T23:49:17Z,"melodic techno,melodic house,stutter house,organic house,progressive house","This Never Happened",0.709,0.699,2,-8.257,1,0.0382,0.00122,0.77,0.111,0.256,123.001,4
spotify:track:1ubTFuP9rXCYzYQM7jUoWM,"Pressure","Pressure","RÜFÜS DU SOL",2024-09-27,279346,50,false,t!cktack,2024-11-23T16:58:20Z,"","Rose Avenue/Reprise",0.663,0.682,7,-6.834,1,0.0296,0.0319,0.00668,0.097,0.271,122.032,4
spotify:track:3ifvaAvaSYo1WDWXxAiv2A,"RITMO","RITMO","Argy;Omiki;Son of Son",2024-11-01,193700,57,false,t!cktack,2024-11-23T16:58:32Z,"melodic techno,melodic house,techno,psytrance,trance,progressive trance","New World",0.632,0.876,8,-7.073,1,0.0326,0.0508,0.73,0.171,0.413,127.006,4
spotify:track:2fr3zUXQFLztUhpfBu6Wpq,"Last Night","Last Night","Rivo",2024-10-11,222786,70,false,t!cktack,2024-11-23T16:58:47Z,"afro house","Disorder",0.722,0.759,11,-9.456,0,0.122,0.316,0.12,0.116,0.091,122.049,4
spotify:track:6sYFNcjHYERvkEeFrKXSIp,"Feeling - Korolova Remix","Feeling (Korolova Remix)","Woo York;Mark Tarmonea;Korolova",2024-10-18,174193,38,false,t!cktack,2024-11-23T16:59:05Z,"melodic techno,melodic house,techno,minimal techno,progressive house","Watergate Records",0.469,0.966,2,-5.262,0,0.0427,0.000474,0.942,0.304,0.239,124.029,4
spotify:track:7va8gQoezcAhwnKDywsuK2,"Vigilant","Vigilant","Nora En Pure",2024-11-01,188172,34,false,t!cktack,2024-11-23T16:59:18Z,"deep house,melodic house,progressive house,house","Enormous Tunes",0.666,0.929,1,-7.095,1,0.0369,0.0245,0.918,0.106,0.302,124.985,4
spotify:track:5MpcZ5F3J2mqIF4qW2ZLYL,"Rakata","Rakata","THEN",2024-11-08,209032,47,false,t!cktack,2024-11-23T16:59:30Z,"melodic techno,melodic house,progressive house","Simulate Recordings",0.728,0.962,1,-4.081,1,0.0508,0.0183,0.403,0.0781,0.425,124.014,4
spotify:track:5HDB4uKaFcIBIxx5d0rwlB,"Tigra","Tigra","Maxim Lany",2024-10-11,182670,18,false,t!cktack,2024-11-23T16:59:45Z,"melodic techno,melodic house","Kontor Records",0.666,0.699,0,-10.413,1,0.0528,0.485,0.924,0.15,0.175,124.989,4
spotify:track:2k5FAxgu8aIazgH66dYqbn,"Try","Try","Dyzen",2024-10-03,329523,37,false,t!cktack,2024-11-23T16:59:59Z,"melodic techno,melodic house","Habitat Recordings",0.678,0.682,9,-9.803,0,0.0374,0.0107,0.496,0.0982,0.243,126.003,4
spotify:track:48SzmC62uBV20d0vucdxS5,"Kidz","Kidz","Arodes",2024-10-25,168780,37,false,t!cktack,2024-11-23T17:00:13Z,"afro house,melodic house,afro tech,melodic techno","Kontor Records",0.572,0.884,8,-7.722,1,0.0389,0.00702,0.827,0.0683,0.364,122.975,4
spotify:track:0wYWPeRTJ5COtm4UnBw4pD,"ARETE","ARETE","Philipp Straub",2024-10-25,373000,7,false,t!cktack,2024-11-23T17:00:28Z,"melodic techno,melodic house,progressive house","ERRORR",0.798,0.543,1,-6.841,1,0.075,0.000898,0.892,0.0657,0.0902,119.978,4
spotify:track:7CMbrJI8moL6TOzmad5SPj,"SERENA","SERENA","RUBACK;Amesens",2024-06-28,265161,26,false,t!cktack,2024-11-23T17:00:42Z,"melodic techno,melodic house","ERRORR",0.606,0.947,5,-6.718,1,0.0426,0.006,0.829,0.105,0.0493,123.992,4
spotify:track:1ByqyDKGiJv96x5CyHcHBc,"Atlas","Atlas","Sebastian Blanco",2024-03-15,287213,6,false,t!cktack,2024-11-02T12:41:26Z,"progressive house,organic house,melodic techno","IDYLIA",0.77,0.986,0,-6.065,1,0.0423,0.0000494,0.771,0.0569,0.193,121.997,4
spotify:track:3qmfs32mlgS0chtqgJ6Y7Z,"U Cannot Hide","U Cannot Hide","Spada;Francesco Bianco",2024-09-20,162014,15,false,t!cktack,2024-11-02T12:41:41Z,"melodic house,melodic techno,afro house","Hysterical",0.642,0.936,4,-5.746,0,0.0375,0.0257,0.538,0.357,0.0517,120.006,4
spotify:track:25f8mELCcXmLYPQPvD9ksI,"Adonis","Adonis","Herr Nilsson",2024-07-26,256000,8,false,t!cktack,2024-11-02T12:42:00Z,"melodic techno,melodic house","IDYLIA",0.801,0.938,11,-6.673,0,0.0399,0.242,0.87,0.0999,0.191,120.009,4
spotify:track:5xT3lm8VNUyN1bqbElwYF4,"Echoes","Echoes","Daho;Dex (UA)",2024-08-30,217500,4,false,t!cktack,2024-11-02T12:42:19Z,"melodic techno,melodic house","MUDRA",0.385,0.906,11,-5.852,0,0.0433,0.000972,0.648,0.116,0.032,127.982,4
spotify:track:6bzlP2HfrSq3P8Ie3eEeji,"Need Your Love","Need Your Love","SHADU",2024-08-23,223529,31,false,t!cktack,2024-11-02T12:42:36Z,"afro house,tribal house,latin house,afro tech","IDYLIA",0.686,0.718,1,-8.325,0,0.0377,0.0213,0.854,0.16,0.132,123.01,4
spotify:track:064zQysCLTlbcdrngwbI6i,"Echoes","Echoes","Einmusik;Jordan Arts",2024-08-16,295283,20,false,t!cktack,2024-11-02T12:42:53Z,"melodic techno,melodic house,minimal techno,progressive house,afro tech,afro house","Einmusika Recordings",0.598,0.715,0,-9.033,1,0.0429,0.000666,0.773,0.111,0.415,123.993,4
spotify:track:0aa8oDaGkabGIFVBJINXaQ,"Earth's Tears","Earth's Tears","Jefrey Blake",2024-03-29,240000,8,false,t!cktack,2024-11-02T12:43:12Z,"melodic techno,progressive house,melodic house","IDYLIA",0.611,0.781,1,-9.664,1,0.0341,0.0515,0.841,0.116,0.582,122.023,4
spotify:track:4esdEe3qR6Omfef0Rrj0l5,"Change Your Mind - Spada Remix","Change Your Mind","Get The Jackets;Spada;Rebecca May Stoker",2024-08-23,204677,0,false,t!cktack,2024-11-02T12:43:33Z,"melodic techno,melodic house","Ultimo Paradiso",0.315,0.914,11,-5.209,0,0.0355,0.000636,0.00015,0.408,0.642,123.551,4
spotify:track:60xe2J5axessWrJKXh84mE,"Breathe - Notre Dame Remix","Breathe","BOg;Afnan Prince;Notre Dame",2023-02-17,462418,27,false,t!cktack,2024-07-19T08:51:59Z,"melodic techno,melodic house,progressive house,afro house,afro tech,organic house","ATLANT",0.63,0.582,2,-6.351,0,0.04,0.002,0.684,0.285,0.303,121.994,4
spotify:track:68bpLf8R5ovfK9Yt8np1ou,"Say - Tim Bliss Remix","Say","Korolova;Ross Quinn;Tim Bliss",2024-08-09,222992,39,false,t!cktack,2024-08-12T22:51:54Z,"melodic techno,melodic house,progressive house","Captive Soul",0.664,0.794,1,-6.49,1,0.0367,0.00158,0.0285,0.12,0.192,127.017,4
spotify:track:4I2qq6RrVAz3GzIXKq4baR,"Paradox","Paradox","Stone Van Brooken",2024-05-31,209760,9,false,t!cktack,2024-07-19T08:52:32Z,"melodic techno,tropical house","Area Verde",0.708,0.962,11,-8.457,0,0.0514,0.0902,0.852,0.123,0.291,125.001,4
spotify:track:5zp4oyJ7UmUv486GuHeXno,"Midnight Embrace","Midnight Embrace","Magdalena",2024-06-21,309524,31,false,t!cktack,2024-07-19T08:52:48Z,"melodic techno,melodic house","Oddity Records",0.752,0.899,7,-7.762,1,0.0487,0.0000705,0.859,0.171,0.112,124.999,4
spotify:track:4xDv1qcYPtW5sNbsY9WfGQ,"Loverglow","Loverglow","Spada;Noah Kulaga",2024-07-26,192777,24,false,t!cktack,2024-07-26T19:51:26Z,"melodic house,melodic techno","Get Physical Music",0.482,0.904,7,-6.43,0,0.0405,0.0201,0.76,0.391,0.531,124.018,4
spotify:track:7gN41eRbzEDiPVe4JVlZXP,"Wall","The Wall in the Mirror","Fur Coat;Olivier Giacomotto",2024-05-31,340595,19,false,t!cktack,2024-07-19T08:53:03Z,"melodic techno,melodic house,minimal techno,techno","Truesoul",0.682,0.717,0,-8.146,0,0.0978,0.00592,0.741,0.549,0.46,126.007,4
spotify:track:2xrs7tZ9a5mlG32BiVa6Dm,"Shining - Nihil's Mix","Shining","Martyre;Nihil Young",2024-05-10,285120,11,false,t!cktack,2024-07-19T08:53:23Z,"melodic techno,progressive house,melodic house","Area Verde",0.621,0.89,2,-7.535,1,0.0355,0.0129,0.767,0.113,0.0338,125.043,4
spotify:track:78P7Zx00dY8JLtDicfuLYB,"4th Dimension","4th Dimension","Bigfett;Daivic",2024-07-26,215025,23,false,t!cktack,2024-07-26T19:52:25Z,"melodic techno,melodic house,progressive house","Radikon",0.699,0.853,7,-7.871,1,0.0477,0.000676,0.868,0.0968,0.134,123.993,4
spotify:track:2ppzido13eOQlSPew0KrdA,"Interstellar","Interstellar","KASIA",2024-05-10,329032,24,false,t!cktack,2024-07-19T08:54:05Z,"melodic techno,melodic house","Oddity Records",0.776,0.753,1,-8.192,1,0.0548,0.000326,0.899,0.102,0.0365,123.974,4
spotify:track:20Mb3OEO2GYuhvQ7mDmTXe,"Nightshapes","Nightshapes","Korolova;MotherEarth;Tyoz",2024-02-02,205779,49,false,t!cktack,2024-02-02T09:51:31Z,"melodic techno,melodic house,progressive house","Captive Soul",0.581,0.981,7,-4.51,0,0.056,0.00651,0.199,0.32,0.0681,124.009,4
spotify:track:2VO9zYsVMrs0wEFry2nCEX,"Shining","Shining","Korolova;Ekko",2024-05-10,219292,55,false,t!cktack,2024-06-14T23:00:34Z,"melodic techno,melodic house,progressive house,deep house","Tomorrowland Music / Selected.",0.718,0.732,8,-8.548,1,0.0465,0.0286,0.429,0.19,0.194,126.008,4
spotify:track:6ncIQAyVDdHePrHc8HxIjv,"Hey Boy Hey Girl - ARTBAT Remix","Hey Boy Hey Girl (ARTBAT Remix)","The Chemical Brothers;ARTBAT",2024-05-24,192380,49,false,t!cktack,2024-06-14T23:00:52Z,"big beat,alternative dance,electronic,breakbeat,melodic techno,melodic house,techno,progressive house","Positiva",0.574,0.959,0,-3.576,1,0.0703,0.000946,0.246,0.122,0.245,125.953,4
spotify:track:5B3WvKA7ga5HTeganKqZdE,"Reactive","Reactive EP","Korolova;Monophase (IT)",2024-03-29,236606,45,false,t!cktack,2024-06-14T23:01:06Z,"melodic techno,melodic house,progressive house","Captive Soul",0.587,0.945,9,-5.284,0,0.0379,0.0031,0.9,0.204,0.0621,125.001,4
spotify:track:3wPPekju1lN3XgdtYCWmOS,"Shiver - Cassian Remix","Shiver (Cassian Remix)","John Summit;HAYLA;Cassian",2024-05-24,245669,59,false,t!cktack,2024-06-14T23:01:41Z,"house,tech house,melodic techno,melodic house","Experts Only/Darkroom Records",0.575,0.968,2,-5.352,1,0.0648,0.0171,0.022,0.385,0.0967,126.968,4
spotify:track:34sj8Yal6MJ6mtlC5VSUXJ,"TIMESHIFT","TIMESHIFT","PACS",2024-02-02,420000,23,false,t!cktack,2024-06-14T23:01:58Z,"melodic techno,melodic house","ERRORR",0.657,0.823,9,-6.384,1,0.0447,0.000466,0.892,0.123,0.0382,124,4
spotify:track:5YN7zT6oM0FduuivNbVRgi,"Horizon","Horizon","Joris Voorn",2024-03-22,199682,0,false,t!cktack,2024-05-07T22:41:13Z,"melodic techno,melodic house","Spectrum (NL)",0.605,0.831,0,-7.215,0,0.0294,0.00547,0.935,0.27,0.482,124.978,4
spotify:track:0mnEmI6v3cK99DnCoBJKO8,"Usion","Usion","Layla Benitez;MotherEarth",2024-04-19,205161,31,false,t!cktack,2024-05-07T22:41:28Z,"melodic techno,melodic house","Tomorrowland Music",0.557,0.951,7,-5.586,1,0.0407,0.00477,0.738,0.642,0.121,124.01,4
spotify:track:2q18AKTf10vS8iTSg5sQ2r,"Forget","Forget","YOTTO;AVIRA;ALSO ASTIR",2024-04-04,258545,36,false,t!cktack,2024-05-07T22:41:44Z,"melodic house,progressive house,melodic techno,deep house,trance,progressive trance,stutter house","Odd One Out",0.551,0.949,1,-5.21,1,0.0308,0.00326,0.725,0.212,0.383,123.016,4
spotify:track:7lLuAZCes4jKORs3ak8xZP,"In Your Arms","In Your Arms","ARTBAT;Another Life;CAY (DE)",2024-01-26,333750,56,false,t!cktack,2024-03-30T01:22:01Z,"melodic techno,melodic house,techno,progressive house","UPPERGROUND",0.692,0.736,9,-6.482,0,0.0684,0.000717,0.701,0.118,0.182,128.005,4
spotify:track:4D0NUyhjkjMitGQeEzst4X,"Promise - Radio Edit","Space Friends 03","Space Motion;SYNTHETIX (ofc)",2024-03-15,257419,16,false,t!cktack,2024-05-07T22:42:32Z,"melodic techno,afro house,melodic house,afro tech,progressive house,tribal house","Space Motion Records",0.719,0.668,5,-6.432,0,0.0349,0.00229,0.0292,0.193,0.114,124.017,4
spotify:track:3DS1VPEH2ru4G16HZihKBs,"Never Take You For Granted","Never Take You For Granted","Spada",2023-12-29,224500,0,false,t!cktack,2024-05-07T22:42:47Z,"melodic house,melodic techno","Ultimo Paradiso",0.567,0.839,7,-5.874,0,0.038,0.000522,0.0132,0.11,0.544,121.026,4
spotify:track:6AprCQGa1SSGVG3dz3fLfq,"Deep Inside - Tube & Berger Remix","Deep Inside EP (feat. Kieran Fowkes)","Marius Drescher;Monotunes;Kieran Fowkes;Tube & Berger",2024-03-08,202500,6,false,t!cktack,2024-05-07T22:43:14Z,"melodic techno,melodic house,progressive house,afro tech,afro house,deep house","ZEHN Records",0.431,0.883,0,-5.683,0,0.0698,0.00626,0.783,0.117,0.0795,127.975,4
spotify:track:3s96U1ZhM8chlPGTQ0Ljk9,"Shadows","Shadows","Niraj Pundir",2024-05-05,301984,3,false,t!cktack,2024-05-19T10:23:42Z,"melodic techno,edm trap","Pundir Records, a Division of Pundir and Co Music Entertainment",0.635,0.591,2,-16.642,1,0.0443,0.294,0.683,0.104,0.0372,124.041,4
spotify:track:2enhQ6MV3rnkgehlL3xCjD,"Feel Good","Feel Good","DPSTP",2024-04-15,410880,8,false,t!cktack,2024-05-07T22:44:05Z,"","DPSTP",0.707,0.866,8,-10.108,0,0.0518,0.167,0.467,0.108,0.126,124.984,4
spotify:track:5eTXpoAILFvDmAlhezx5LB,"Take Me Away","Take Me Away","Jonas Saalbach;Guzy",2024-02-16,240840,16,false,t!cktack,2024-04-04T19:38:30Z,"melodic techno,melodic house,progressive house,indie dance","Radikon",0.723,0.832,1,-6.397,1,0.0403,0.000656,0.881,0.311,0.0821,124.997,4
spotify:track:7y8EO3j2zakfLNFiuzrXaC,"Dnipro","Dnipro","Monastetiq",2024-02-16,336000,20,false,t!cktack,2024-04-04T19:39:11Z,"melodic techno,indie dance,melodic house,progressive house","Einmusika Recordings",0.607,0.825,11,-7.868,0,0.0465,0.00188,0.879,0.114,0.0439,124.98,4
spotify:track:1D5ifTPFnQWDnSxSAfc1hc,"Pictures Of You","Pictures Of You","Anyma",2024-02-09,175312,0,false,t!cktack,2024-03-30T01:23:02Z,"melodic techno,melodic house,techno,stutter house","Anyma/Afterlife/Interscope Records",0.709,0.882,4,-5.555,0,0.0555,0.0368,0.00577,0.142,0.0357,128.001,4
spotify:track:4aEiPEkgpHcu4HAzmIBfr8,"Cascada","Constellation Series, Vol. 2","Eynka",2024-01-12,452626,16,false,t!cktack,2024-04-04T19:39:34Z,"melodic techno,melodic house","When Stars Align",0.76,0.946,0,-6.195,1,0.0529,0.0104,0.861,0.108,0.128,124.007,4
spotify:track:0IEmWo1Opdmir15BejC5Yt,"Delete Time","Delete Time","Sevenn;Space Motion",2024-01-26,218709,33,false,t!cktack,2024-04-04T19:39:58Z,"brazilian bass,melodic techno,afro house,melodic house,afro tech,progressive house,tribal house","Spinnin' Deep",0.622,0.865,2,-6.031,1,0.0354,0.0136,0.25,0.165,0.513,123.967,4
spotify:track:3e3etSF3AjlDYDuXxZqZU6,"SYNAPSIS","SYNAPSIS","Maxim Lany;RUBACK;Mystical Tunes",2024-02-02,180253,21,false,t!cktack,2024-04-04T19:40:17Z,"melodic techno,melodic house","ERRORR",0.631,0.881,8,-7.456,1,0.0522,0.0371,0.832,0.0965,0.126,125.031,4
spotify:track:2scX5RdL0wByroF3sCBzDX,"Shelter","The Belonging","Innellea;Monolink;CamelPhat",2024-02-09,254032,41,false,t!cktack,2024-04-04T19:40:37Z,"melodic techno,melodic house,techno,progressive house,house,tech house","[PIAS] Électronique",0.615,0.926,2,-6.882,1,0.0556,0.00248,0.173,0.104,0.118,123.975,4
spotify:track:1g4W5F9wq09292xrsfS5y6,"Falling Down - Chris Avantgarde Remix","Falling Down (Chris Avantgarde Remix)","8Kays;Chris Avantgarde;Juan Hansen",2024-02-02,293935,17,false,t!cktack,2024-04-04T19:41:01Z,"melodic techno,melodic house,progressive house,techno","Watergate Records",0.598,0.859,2,-7.543,1,0.0382,0.00288,0.691,0.0438,0.0341,123.961,4
spotify:track:3hfJrWnILolu5Gj0nXFz2z,"Voyager","Reactive EP","Korolova;Monophase (IT)",2024-03-29,224916,44,false,t!cktack,2024-03-30T01:34:52Z,"melodic techno,melodic house,progressive house","Captive Soul",0.616,0.945,7,-6.539,1,0.0536,0.00101,0.841,0.331,0.159,125.006,4
spotify:track:5m4DAdag5uPPohjBcwAcov,"Change Your Mind (Korolova Remix)","Change Your Mind (Korolova Remix)","Piero Pirupa;Korolova",2023-11-24,181043,39,false,t!cktack,2023-12-15T21:16:25Z,"tech house,melodic techno,melodic house,progressive house","Musical Freedom",0.658,0.955,8,-7.087,1,0.0476,0.0606,0.62,0.209,0.119,125.026,4
spotify:track:13dzpIlhBBeZrR0LOFpfUw,"Cybernova","Shut Down","Massano",2023-12-08,245414,42,false,t!cktack,2024-01-12T21:36:02Z,"melodic techno,melodic house,techno","Afterlife",0.641,0.953,11,-6.306,1,0.0869,0.0113,0.842,0.12,0.0383,123.998,4
spotify:track:6MkHAdIqixKMYvVqlfsZQe,"Collision","New World","Argy",2024-03-15,226560,55,false,t!cktack,2024-03-30T01:20:25Z,"melodic techno,melodic house,techno","Afterlife",0.548,0.763,4,-7.909,0,0.0371,0.00249,0.895,0.087,0.0329,125.009,4
spotify:track:13wSFbVCKZEWteQbaGq6Se,"Traces","Traces","Korolova;Jonas Saalbach;SBSTN",2023-05-26,279543,34,false,t!cktack,2023-05-26T13:27:50Z,"melodic techno,melodic house,progressive house","Radikon",0.676,0.788,2,-6.617,1,0.0448,0.0552,0.697,0.308,0.142,123.985,4
spotify:track:0M8Ogv4r0Z9giBneBkF0Zo,"Chase The Sun","Chase The Sun","Danny Avila",2019-11-15,187448,44,false,t!cktack,2024-03-30T01:21:14Z,"","SPRS",0.534,0.924,9,-4.439,0,0.0423,0.0013,0.00067,0.121,0.0435,124.877,4
spotify:track:7n0SczmUVJOQBCdR2piQHt,"No Gravitation","The Belonging","Innellea",2024-02-09,250040,27,false,t!cktack,2024-03-30T01:21:30Z,"melodic techno,melodic house,techno,progressive house","[PIAS] Électronique",0.613,0.66,2,-6.566,0,0.0371,0.0246,0.753,0.106,0.0397,124.029,4
spotify:track:6CF4e62OYBjRJoYyJTSSkF,"Exo","Exo","Jonas Saalbach;RVLF",2024-03-22,194146,15,false,t!cktack,2024-03-30T01:21:47Z,"melodic techno,melodic house,progressive house","Radikon",0.579,0.91,8,-5.873,1,0.0375,0.000276,0.197,0.189,0.21,122.976,4
spotify:track:5qkwzAkZTyA5fvhiW74Im3,"Solar Storm","Apex Sound Inside Nature, Vol. 9","Apex Sound Inside Nature",2022-12-05,230322,7,false,t!cktack,2024-01-12T21:37:55Z,"melodic techno","Smilax Records",0.785,0.794,7,-9.275,0,0.0485,0.000646,0.9,0.104,0.184,123.999,4
spotify:track:1UzAKLIvXCWq3jODe72nh1,"TARAKA - Korolova & Two Are Remix","TARAKA (Korolova & Two Are Remix)","Gordo;Korolova;Two Are",2022-09-16,228387,35,false,t!cktack,2022-09-16T14:37:42Z,"techengue,afro house,latin house,melodic techno,melodic house,progressive house","Ultra Records, LLC",0.614,0.967,0,-4.876,0,0.0537,0.224,0.72,0.0968,0.113,124.007,4
spotify:track:3vjOfogg3ahZQdw2IhYnNi,"Mwaki - Chris Avantgarde & Kevin de Vries Remix","MWAKI: REFRESHED","Zerb;Chris Avantgarde;Kevin de Vries;Sofiya Nzau",2024-03-08,251428,44,false,t!cktack,2024-03-30T01:22:17Z,"afro house,melodic techno,melodic house,techno","TH3RD BRAIN",0.669,0.811,7,-7.988,0,0.0476,0.0156,0.748,0.0969,0.236,126.007,4
spotify:track:0xoYZ45fgTfyQYREZPN7Sa,"You & Me - Rivo Remix","You & Me (Rivo Remix)","Disclosure;Rivo;Eliza Doolittle",2023-12-22,208524,80,false,t!cktack,2024-03-30T01:22:31Z,"house,afro house","UMC (Universal Music Catalogue)",0.702,0.797,10,-6.635,0,0.0557,0.583,0.495,0.179,0.0356,122.011,4
spotify:track:19lFvHpkfrYqRPmMikJkCc,"Vision","Interstellar VA","Henri Bergmann",2023-09-08,336836,14,false,t!cktack,2024-03-30T01:31:03Z,"melodic techno,melodic house,indie dance","Automatik",0.617,0.888,7,-8.736,1,0.0408,0.0012,0.794,0.111,0.0372,125.976,4
spotify:track:0UJ0lglxOzfyRBhZy75f3Q,"Predator","Interstellar VA","Bigfett",2023-09-29,332962,8,false,t!cktack,2024-01-12T21:40:27Z,"melodic techno,melodic house,progressive house","Automatik",0.71,0.847,1,-7.901,1,0.0485,0.000894,0.888,0.0919,0.199,124.009,4
spotify:track:6AYnqhQQeRdLErjV4X999K,"Sweet Surrender","Sweet Surrender","Korolova",2023-01-20,191341,40,false,t!cktack,2023-01-26T19:16:23Z,"melodic techno,melodic house,progressive house","Tomorrowland Music",0.644,0.94,4,-7.122,0,0.0833,0.00996,0.063,0.468,0.138,123.017,4
spotify:track:5zaIHozEuaidkeysMFuKNu,"Inception","Inception","Agents Of Time",2023-11-24,238095,38,false,t!cktack,2024-01-12T21:34:11Z,"melodic techno,melodic house,techno","Afterlife",0.685,0.761,2,-6.957,1,0.0364,0.00621,0.93,0.253,0.0399,125.997,4
spotify:track:6PBcc3kf2O5DyTEsmGj7Bg,"Gattaca","Gattaca","Moonwalk",2023-12-15,361088,15,false,t!cktack,2023-12-24T23:31:58Z,"melodic techno,melodic house,minimal techno,techno,progressive house","Oddity Records",0.795,0.902,6,-7.046,1,0.0503,0.00177,0.822,0.107,0.106,123.997,4
spotify:track:5Qnlnqiq360QFO852tbYr0,"Tokyo Nights","Tokyo Nights","Kevin de Vries;Lehar",2023-11-24,359032,48,false,t!cktack,2024-01-12T21:36:15Z,"melodic techno,melodic house,techno,minimal techno","Afterlife",0.707,0.917,4,-7.129,0,0.0482,0.027,0.907,0.11,0.0875,124.967,4
spotify:track:3cefg1pboKTNqgi3k2t62h,"Omnia","Gattaca","Moonwalk",2023-12-15,393024,13,false,t!cktack,2024-01-12T21:36:31Z,"melodic techno,melodic house,minimal techno,techno,progressive house","Oddity Records",0.762,0.946,2,-7.678,1,0.0451,0.071,0.873,0.112,0.0387,123.998,4
spotify:track:6vykEbbae3Z5LnEMgXUsSg,"Made Of Gold","Made Of Gold","Korolova;Goodboys",2023-03-31,198750,40,false,t!cktack,2023-04-19T21:23:25Z,"melodic techno,melodic house,progressive house","Realm Records",0.622,0.728,1,-7.433,0,0.0424,0.0663,0.000732,0.356,0.0744,123.941,4
spotify:track:6fL2wAZuNKGpze9E3SINnW,"Along Came Polly","Along Came Polly","Rebūke",2018-12-07,389038,52,false,t!cktack,2024-01-12T21:36:50Z,"melodic techno,techno,tech house","Hot Creations",0.825,0.595,0,-9.393,1,0.0669,0.00107,0.94,0.0578,0.0781,124.004,4
spotify:track:0WaQDEvvKURHX8pyO3BUII,"Pulsate","Constellation Series, Vol. 1","MotherEarth",2023-12-15,311518,32,false,t!cktack,2024-01-12T21:37:14Z,"melodic techno,melodic house","When Stars Align",0.492,0.746,4,-10.465,1,0.068,0.0775,0.892,0.124,0.0368,123.877,4
spotify:track:6sx1wwK3ahJn1KEOvTLKQJ,"In Sequence - Korolova Remix","In Sequence (Korolova Remix)","Kasablanca;Korolova",2023-06-12,214439,0,false,t!cktack,2023-07-15T08:33:17Z,"melodic techno,melodic house,progressive house","Anjunabeats",0.541,0.838,7,-7.969,1,0.0331,0.00971,0.812,0.341,0.0557,123.98,4
spotify:track:5166Ws58cqwtQE2YR7Nyal,"Simulation","Simulation","Anyma;Chris Avantgarde",2023-11-24,195238,43,false,t!cktack,2024-01-12T21:38:10Z,"melodic techno,melodic house,techno,stutter house","Afterlife",0.692,0.965,4,-4.271,0,0.0526,0.0137,0.613,0.367,0.067,126.04,4
spotify:track:3w3FNdoX0K3XvfE9o3ENoj,"Symphony (feat. Yann Menge)","Symphony (feat. Yann Menge)","Alar;Korolova;Yann Menge",2021-05-21,263606,41,false,t!cktack,2021-11-19T20:08:49Z,"melodic techno,indie dance,melodic house,progressive house","AFTR:HRS",0.677,0.89,5,-6.28,0,0.032,0.0000814,0.777,0.19,0.273,122.011,4
spotify:track:6XfvBfszP5qYn8uWRE5aa9,"Alive - Maxim Lany Remix","Alive (Maxim Lany Remix)","widerberg;Luke Coulson;Maxim Lany",2023-12-29,240000,13,false,t!cktack,2024-01-12T21:38:30Z,"melodic techno,melodic house,techno,progressive house","Zerothree",0.602,0.807,1,-7.885,1,0.0367,0.0227,0.764,0.114,0.209,123.954,4
spotify:track:2lM24gK4169rgBHKca0xr3,"Lost In Space","Road To Ibiza","Franky Wah;Korolova",2023-06-16,451500,23,false,t!cktack,2024-01-12T21:38:46Z,"melodic house,melodic techno,progressive house","SHEN Recordings",0.668,0.893,7,-9.848,0,0.0368,0.0153,0.851,0.0759,0.11,124.012,4
spotify:track:3mq0nZgd9SJUKG1YvFoIGS,"Mary Go Wild (Hel:sløwed Remix)","Mary Go Wild (Hel:sløwed Remix)","Grooveyard;Hel:sløwed",2023-01-06,181935,24,false,t!cktack,2024-01-12T21:39:46Z,"trance,progressive trance","Spinnin' Deep",0.54,0.936,5,-5.22,1,0.0383,0.000331,0.92,0.123,0.0345,124.004,4
spotify:track:233AL29SR6QWnD7hu7ylbf,"Innerbloom - Radio Edit","Innerbloom (Radio Edit)","RÜFÜS DU SOL",2016-09-30,238067,71,false,t!cktack,2023-07-31T18:33:45Z,"","Sweat It Out",0.572,0.698,3,-6.196,1,0.0327,0.21,0.131,0.106,0.0377,122.008,4
spotify:track:1i3rncFmCIJfIm24QAjfsG,"Heal My Mind","Heal My Mind","Korolova",2023-10-20,205714,51,false,t!cktack,2023-10-20T07:03:50Z,"melodic techno,melodic house,progressive house","Captive Soul",0.524,0.845,1,-7.726,1,0.0385,0.000499,0.73,0.138,0.148,125.993,4
spotify:track:7mQAjg2u5udWhnQ07jIHI7,"Higher Power","Higher Power","Anyma;Argy;MAGNUS",2023-11-10,208601,0,false,t!cktack,2023-12-15T21:13:55Z,"melodic techno,melodic house,techno,stutter house,deep house","Anyma/Afterlife/Interscope Records",0.58,0.94,8,-6.421,0,0.0495,0.00147,0.107,0.11,0.0558,125.98,4
spotify:track:6zlMt99lzV7Ad3rkLMQZrV,"The Day After - The Element MT Remix","The Day After (The Element MT Remix)","AVIRA;Maxim Lany;The Element",2023-11-24,271034,2,false,t!cktack,2023-12-15T21:14:15Z,"melodic techno,trance,progressive trance,melodic house","Kontor Records",0.471,0.704,7,-9.424,1,0.0608,0.00432,0.689,0.145,0.0371,123.014,3
spotify:track:5FnRQDB26aHUp6KnGsRNbW,"Paestum","Paestum","Ale de Maio;Katoff",2023-11-24,424320,6,false,t!cktack,2023-12-24T23:34:03Z,"melodic techno,progressive house,melodic house","Sounds Of Meow",0.64,0.914,0,-6.763,1,0.0424,0.00138,0.778,0.0588,0.295,125.009,4
spotify:track:4Yvr1UYorynSyxXuuSWKtQ,"Rej","Rej","Stone Van Brooken;Marcus Cito",2023-08-18,425250,20,false,t!cktack,2023-12-15T21:14:46Z,"melodic techno,tropical house,deep house","Exx Muzik",0.793,0.859,1,-6.678,1,0.0553,0.0397,0.912,0.079,0.281,125.016,4
spotify:track:25gN4VxQVjZGnhNvl0Urmh,"String Of Lights","String Of Lights","Jerome Isma-Ae;Alastor",2023-12-01,206829,0,false,t!cktack,2023-12-24T23:37:20Z,"progressive house,trance,progressive trance,melodic techno","JEE Productions",0.647,0.946,2,-7.197,1,0.0424,0.00318,0.893,0.122,0.0361,123.011,4
spotify:track:1mcXjRLsKcGVCLm8CgXkmB,"Lullaby - Radio Mix","Lullaby (Radio Mix)","THEN",2023-11-10,245853,0,false,t!cktack,2023-12-15T21:15:15Z,"melodic techno,melodic house,progressive house","Space Motion Records",0.675,0.928,2,-5.415,1,0.0368,0.0171,0.577,0.0965,0.0347,122.966,4
spotify:track:2vGpCrWU9nAvs2CFhw5TsA,"Come Come","Come Come","Vintage Culture;Tube & Berger;Kyle Pearce",2023-11-17,184596,37,false,t!cktack,2023-12-15T21:15:36Z,"brazilian bass,electronic,electro,deep house","Vintage Culture",0.771,0.851,0,-7.098,0,0.05,0.00378,0.376,0.0749,0.152,123.995,4
spotify:track:6WObUFrPZD96DJKGUmOW0V,"Refraction","Siamese Anthology VI","TIMELAPSE;Yanick;BAD LUCK",2023-10-13,396173,7,false,t!cktack,2023-12-15T21:16:04Z,"melodic techno,melodic house","Siamese",0.731,0.322,7,-12.468,1,0.0656,0.000377,0.878,0.112,0.0714,123.991,4
spotify:track:6mzicuQ4PqOguqmixiQXV4,"Remember","Remember","ARTBAT",2023-10-27,415748,43,false,t!cktack,2023-12-15T21:16:45Z,"melodic techno,melodic house,techno,progressive house","UPPERGROUND",0.464,0.726,1,-8.509,1,0.0588,0.0233,0.719,0.0889,0.0381,127.036,4
spotify:track:2Wqj5zW22APlSO9HaSSiFV,"The Face","The Face","Greenjack",2023-07-28,251129,16,false,t!cktack,2023-10-29T10:11:28Z,"melodic techno,techno,acid techno,progressive house","Area Verde",0.694,0.835,6,-7.312,1,0.0375,0.00535,0.817,0.103,0.134,124.986,4
spotify:track:6JW2rbgYAw8672Knt3m15b,"Polaris","Polaris","Stone Van Brooken;Kryptic (UK)",2023-06-09,311612,6,false,t!cktack,2023-10-29T10:14:57Z,"melodic techno,tropical house,melodic house,afro tech,afro house,organic house","Area Verde",0.729,0.799,11,-11.765,1,0.0644,0.0324,0.891,0.112,0.0643,124.006,4
spotify:track:1LnHo6OfHQMSd7MFlT05xx,"Moonlight - Beat Inside, AYU (UA) Remix","Moonlight","Indifferent Guy;ODYSSAY;Beat Inside;AYU (UA)",2023-09-29,215000,7,false,t!cktack,2023-10-29T10:16:09Z,"melodic techno,progressive house,melodic house,indie dance","Area Verde",0.557,0.962,11,-7.517,1,0.0432,0.000202,0.774,0.825,0.117,123.997,4
spotify:track:28XhATzBnpy3JxiY5K8jDv,"Influencia","Influencia","Manu Cerasa",2023-07-07,274560,13,false,t!cktack,2023-10-29T10:16:41Z,"melodic techno,progressive house,melodic house","Area Verde",0.798,0.788,2,-9.475,1,0.0507,0.00585,0.925,0.107,0.0223,124.993,4
spotify:track:5FHa8Qej1iOwFQVwj0IdBX,"Evacuate - Messier Remix","Evacuate","Zy Khan;Messier",2023-08-04,300003,2,false,t!cktack,2023-10-29T10:17:07Z,"progressive house,melodic house,melodic techno","Almar",0.513,0.912,2,-6.924,1,0.0403,0.000248,0.834,0.148,0.479,123.964,4
spotify:track:6tUvkpeTQ8IrjoM9cFVxWh,"Save Me","Maska","Circle of Life",2023-06-30,240000,5,false,t!cktack,2023-11-01T16:06:58Z,"melodic techno,progressive house,melodic house,minimal techno","Pillar",0.597,0.782,2,-7.554,0,0.0334,0.00911,0.956,0.227,0.15,124.038,4
spotify:track:6x0ShgMkuVmOCYVo7nKtrQ,"Myself","Fairy Tale","YU-1",2023-07-21,279363,5,false,t!cktack,2023-10-29T10:18:48Z,"melodic techno,progressive house,melodic house","Area Verde",0.64,0.927,10,-7.216,1,0.0418,0.000798,0.819,0.336,0.0371,125.012,4
spotify:track:0VhtMXh5baM3uk4daBnIcL,"Fairy Tale","Fairy Tale","YU-1",2023-07-21,282003,4,false,t!cktack,2023-10-29T10:19:06Z,"melodic techno,progressive house,melodic house","Area Verde",0.647,0.775,10,-8.62,0,0.0417,0.107,0.83,0.249,0.145,125.021,4
spotify:track:2rmch78V9IRKTuTin0QpSL,"Melodic Mirage","Sonicboom","Suit&Panda",2023-08-25,265161,6,false,t!cktack,2023-10-29T10:19:44Z,"melodic techno,progressive house,melodic house","Pillar",0.607,0.878,7,-7.328,1,0.036,0.0115,0.811,0.121,0.132,123.972,4
spotify:track:7x90dBBIdkR9kcMF0we5xy,"Right Here","I Need Your Love","Sevenkey",2023-09-29,205161,4,false,t!cktack,2023-10-29T10:20:09Z,"","Pillar",0.596,0.968,11,-6.066,0,0.0389,0.000221,0.711,0.0966,0.0506,123.996,4
spotify:track:0mm8LTZCU3sGQzmnIVYI4j,"Solar","Solar","Rafael Osmo",2023-08-04,199680,6,false,t!cktack,2023-10-29T10:20:31Z,"trance,progressive trance,melodic techno","Area Verde",0.666,0.919,6,-7.218,0,0.0434,0.0236,0.901,0.0936,0.0372,124.979,4
spotify:track:4J1RowFWnqG0GytdPRYUQ4,"At Night","At Night","Greenjack",2023-09-01,230875,0,false,t!cktack,2023-10-29T10:20:51Z,"melodic techno,techno,acid techno,progressive house","Siona Records",0.612,0.887,9,-7.898,1,0.0482,0.00106,0.911,0.0836,0.12,126.996,4
spotify:track:11jcGPIxcIjWBdroRheSg3,"Gaia - Remix","Gaia","Marco Bedini;Dave Bloom",2023-07-07,227834,2,false,t!cktack,2023-12-24T23:43:17Z,"progressive house,melodic techno,melodic house,minimal techno","Almar",0.752,0.764,9,-7.882,1,0.0639,0.0228,0.837,0.0748,0.166,124.999,4
spotify:track:34EhuOKxBcX0IZdWCR6eGY,"Eternal","Eternal","Moonwalk;Alessio Cristiano",2023-09-29,351085,18,false,t!cktack,2023-10-12T17:11:35Z,"melodic techno,melodic house,minimal techno,techno,progressive house","Stil Vor Talent Records",0.726,0.759,10,-6.985,0,0.0491,0.00028,0.848,0.0797,0.0382,123.998,4
spotify:track:3M1r9ilL53PLcrLdIuyZ4J,"Aria","Aria","Argy;Omnya",2023-09-22,236065,2,false,t!cktack,2023-10-12T17:12:00Z,"melodic techno,melodic house,techno","Afterlife",0.652,0.818,10,-6.001,0,0.0275,0.00249,0.297,0.201,0.0966,122.003,4
spotify:track:1h0fWqcyyc0VSAKAo1rdj0,"Continuum","Continuum","Bigfett",2023-08-04,375503,12,false,t!cktack,2023-10-12T17:22:26Z,"melodic techno,melodic house,progressive house","Rose Avenue Records",0.687,0.934,10,-8.154,0,0.041,0.000131,0.831,0.074,0.0548,124.012,4
spotify:track:0aVrpFRLlrd5zVyPXWP3mS,"Miracle","Miracle","Adriatique;WhoMadeWho",2023-09-01,302740,60,false,t!cktack,2023-10-12T17:22:46Z,"melodic techno,melodic house,afro house,techno","Rose Avenue",0.553,0.745,5,-7.064,1,0.032,0.0542,0.432,0.168,0.0664,123.003,4
spotify:track:7HbLJLFkJIKZBMiaESie2Y,"Lunar","Lunar","Arodes",2023-08-18,405702,20,false,t!cktack,2023-10-12T17:27:45Z,"afro house,melodic house,afro tech,melodic techno","Rose Avenue",0.65,0.963,7,-6.98,1,0.0408,0.0254,0.889,0.0751,0.189,123.996,4
spotify:track:0x2FCEwCQPBjy9DgyCNTAG,"You & I","You & I","Joris Voorn;Nathan Nicholson",2023-10-13,212506,0,false,t!cktack,2023-10-14T08:53:41Z,"melodic techno,melodic house","BMG Rights Management (UK) Limited",0.697,0.669,0,-8.762,0,0.043,0.00115,0.371,0.0895,0.249,126.028,4
spotify:track:3dhHkxpRp3k91GLuvEH61F,"The Shift","FaCet Vol. 2.1","Cristoph",2023-10-05,437830,8,false,t!cktack,2023-10-12T17:38:28Z,"melodic techno,progressive house,melodic house","Consequence Of Society Recordings",0.67,0.933,11,-6.681,0,0.0469,0.000396,0.834,0.0954,0.538,125.003,4
spotify:track:4GKKnlHdLaVquriX6W1rAE,"Samsara","Nebula","Cherry (UA)",2023-09-08,387096,9,false,t!cktack,2023-10-12T17:41:44Z,"melodic techno,melodic house,progressive house,indie dance","Timeless Moment",0.707,0.909,2,-4.559,1,0.0394,0.000963,0.807,0.207,0.199,124.013,4
spotify:track:4b2rlKIqyLxpxoIaG7sZ5K,"Save Me","Genesys","Anyma;Cassian;Poppy Baskcomb",2023-08-11,189783,57,false,t!cktack,2023-10-12T17:44:32Z,"melodic techno,melodic house,techno,stutter house,drum and bass","Anyma/Afterlife/Interscope Records",0.673,0.931,6,-6.369,0,0.0384,0.00032,0.764,0.118,0.039,126.01,4
spotify:track:1lzWv0kfknAOwNXuVZ7hpd,"Lonely - Philipp Straub & Outcome Remix","Lonely (Philipp Straub & Outcome Remix)","VisionV;PHEA;Philipp Straub;Outcome",2023-09-08,284392,21,false,t!cktack,2023-10-14T08:54:43Z,"stutter house,melodic techno,melodic house,progressive house","Intercord",0.61,0.919,8,-7.804,0,0.0348,0.000145,0.77,0.113,0.0628,125.001,4
spotify:track:5HcFTUjrIn2Z2H87Rr9X7z,"Hope","Hope","CamelPhat;Max Milner",2023-06-16,221762,0,false,t!cktack,2023-08-25T20:42:42Z,"melodic techno,house,progressive house,melodic house,tech house","When Stars Align",0.604,0.7,8,-7.687,1,0.104,0.488,0.00281,0.114,0.174,121.95,4
spotify:track:0FCcdiwbTuSEKzUZFzOVSO,"Choose Your Own Adventure","Choose Your Own Adventure","Franky Wah;Richie Blacker",2023-06-02,284516,15,false,t!cktack,2023-08-25T20:43:01Z,"melodic house,melodic techno,progressive house,breakbeat","SHEN Recordings",0.55,0.826,9,-8.838,0,0.0365,0.000719,0.854,0.19,0.536,124.017,4
spotify:track:4JaCQuCXKEMo3jVDql5pqY,"The Gates Of Babylonia","The Gates Of Babylonia","Stereo Express",2023-08-10,389940,25,false,t!cktack,2023-08-25T20:43:42Z,"melodic techno,minimal techno,electro swing,melodic house","Off World",0.694,0.646,4,-8.33,1,0.0429,0.00231,0.777,0.712,0.252,125.003,4
spotify:track:28AJiOtk5hi9uCllONYPNa,"Making Time - Korolova Remix","Forever, Now Remixed","Sultan + Shepard;Julia Church;Korolova",2023-08-08,356373,23,false,t!cktack,2023-08-25T20:44:01Z,"melodic house,progressive house,melodic techno","This Never Happened",0.684,0.701,0,-9.195,1,0.0461,0.0782,0.653,0.104,0.186,124.992,4
spotify:track:4LNWrIhys5ZnE8bjwQg3OL,"Paranoia","The Theory EP","Massano",2023-06-28,267540,35,false,t!cktack,2023-08-25T20:44:19Z,"melodic techno,melodic house,techno","Simulate Recordings",0.76,0.829,8,-6.648,1,0.0514,0.143,0.865,0.087,0.142,122.031,4
spotify:track:4b5wU2hDlvPYNEB4guB3pH,"Tomb Raider","Tomb Raider","Fur Coat",2023-06-16,347838,8,false,t!cktack,2023-08-25T20:44:50Z,"melodic techno,melodic house,minimal techno","ATLANT",0.793,0.86,2,-9.678,1,0.0675,0.00147,0.803,0.0755,0.039,124.975,4
spotify:track:0Qsm4e0tjof17GOrxoRhLO,"Under My Skin","Under My Skin","Korolova;Richard Judge",2023-07-19,222151,36,false,t!cktack,2023-07-31T18:35:41Z,"melodic techno,melodic house,progressive house","Tomorrowland Music",0.561,0.779,5,-8.074,0,0.032,0.0109,0.197,0.147,0.0568,124.004,4
spotify:track:1h7E73gjm0VELmrT4TcLHo,"Samum - 8Kays Remix","Samum (8Kays Remix)","Woo York;8Kays",2023-04-28,387427,37,false,t!cktack,2023-08-25T20:45:09Z,"melodic techno,melodic house,techno,minimal techno,progressive house","Watergate Records",0.684,0.557,2,-8.788,1,0.0504,0.0208,0.9,0.111,0.144,122.018,4
spotify:track:6MPov1hDIHfNZLXmCuGE3D,"Meadow - TH;EN Remix","Meadow (TH;EN Remix)","YOTTO;Sansa;THEN",2023-06-15,199196,0,false,t!cktack,2023-08-25T20:45:26Z,"melodic house,progressive house,melodic techno,deep house","Odd One Out",0.545,0.819,6,-8.77,1,0.0372,0.000246,0.655,0.199,0.397,124.009,4
spotify:track:71sQu0mpSfFYB4y2W4nzSs,"First Man","Sway","Final Request;stefanoxruta",2023-05-26,340653,8,false,t!cktack,2023-08-25T20:45:44Z,"melodic techno,melodic house,indie dance,progressive house","ATLANT",0.623,0.893,2,-7.446,1,0.0534,0.00125,0.92,0.0818,0.546,123.969,4
spotify:track:6vpwCDfTjqbhg11YrDG7w3,"Free","Free","Majestic;Jem Cooke",2023-06-09,202204,17,false,t!cktack,2023-08-25T20:46:07Z,"","Insomniac Records",0.597,0.867,0,-5.546,1,0.0358,0.00627,0.00489,0.117,0.276,126.976,4
spotify:track:4cKZUOfF3nXZisEZ8EVJSw,"The Edge","The Edge","Cristoph;Adz;Luke Coulson",2023-06-02,226262,31,false,t!cktack,2023-08-12T10:47:49Z,"melodic techno,progressive house,melodic house,progressive trance","Consequence Of Society Recordings",0.553,0.921,4,-5.075,1,0.0331,0.0392,0.131,0.0537,0.0392,124.016,4
spotify:track:22fQT2iAqcetLKwEZ5sKk8,"Motion - Radio Edit","Motion","Stone Van Brooken;Whoriskey",2023-07-21,219187,4,false,t!cktack,2023-08-12T10:48:12Z,"melodic techno,tropical house,progressive house,progressive trance","Of Us Records",0.575,0.944,4,-8.15,0,0.0445,0.384,0.826,0.138,0.0394,123.986,4
spotify:track:2rlprp43zoydEdxOkneJ52,"Live Without Love (David Guetta Remix - Edit)","Live Without Love (David Guetta Remix)","Shouse;David Guetta",2023-06-16,232380,34,false,t!cktack,2023-08-12T10:48:37Z,"edm","Hell Beach",0.541,0.869,9,-8.05,0,0.0399,0.000858,0.197,0.171,0.0441,125.981,4
spotify:track:7lLOSxYlwYqrOt2hzDXUEH,"The Connection","The Connection","Nery;Tolex",2023-08-04,218880,0,false,t!cktack,2023-08-12T10:48:57Z,"melodic techno,melodic house","Ame Records",0.498,0.888,5,-6.625,1,0.0356,0.000481,0.601,0.116,0.185,124.998,4
spotify:track:6yW6KjdBVwpexa0xI26si0,"Losing Control (feat. Nathan Nicholson)","Losing Control (feat. Nathan Nicholson)","Duke Dumont;Nathan Nicholson",2023-07-14,209056,50,false,t!cktack,2023-08-12T10:49:16Z,"house","EMI",0.573,0.938,9,-5.359,1,0.0497,0.0474,0.594,0.101,0.152,123.983,4
spotify:track:3LYFMqmitJaPAwetQ8cN7G,"Mind Games","Mind Games","GIGEE",2023-07-28,266666,24,false,t!cktack,2023-08-12T10:49:28Z,"melodic techno,melodic house,indie dance","Spectrum (NL)",0.638,0.84,1,-7.162,1,0.0353,0.00189,0.825,0.091,0.258,126.004,4
spotify:track:26AQRQRxdZ7hdYHA1tyey6,"Gratitude","Gratitude","Niraj Pundir",2023-08-19,252738,8,false,t!cktack,2023-12-24T23:50:07Z,"melodic techno,edm trap","Niraj Pundir",0.761,0.626,9,-15.13,1,0.0746,0.0000971,0.803,0.134,0.056,123.987,4
spotify:track:5kLvA0WRmzHEvJSeeocNfQ,"Sailor","Sailor","19:26",2023-07-21,324540,20,false,t!cktack,2023-08-12T10:49:41Z,"melodic techno,melodic house,progressive house","Radikon",0.795,0.626,10,-8.98,0,0.0659,0.000538,0.889,0.0803,0.216,125.022,5
spotify:track:5LxPUORcjvRUK3D6X45n7A,"Equilibrium","Manifesto","MRAK",2023-06-28,216774,0,false,t!cktack,2023-08-12T10:49:54Z,"melodic techno,melodic house,techno","Afterlife",0.525,0.682,11,-14.497,0,0.0398,0.0136,0.537,0.101,0.104,124.032,4
spotify:track:0OlXEx92YmVKB5HpgcfyG2,"Still Waiting","Still Waiting","Alfa Romero;Fractures",2023-08-04,365833,14,false,t!cktack,2023-08-12T10:50:08Z,"melodic techno,melodic house","Oddity Records",0.75,0.79,7,-8.129,1,0.0352,0.0671,0.671,0.107,0.0355,125.986,4
spotify:track:1MijguxjzPVv969ytNm3SL,"Astral Connection","Astral Connection / Solar System","James De Torres",2023-07-21,326400,3,false,t!cktack,2023-08-12T10:50:26Z,"melodic techno,melodic house,trance,progressive house","UV Noir",0.635,0.907,8,-9.567,0,0.0489,0.112,0.9,0.107,0.107,125.007,4
spotify:track:02xHB80ExSCCvIJltXOPIE,"Talk To Me","Talk To Me","Dyzen",2023-06-23,400453,21,false,t!cktack,2023-08-12T10:50:39Z,"melodic techno,melodic house","Habitat Recordings",0.736,0.68,1,-8.482,1,0.039,0.00153,0.757,0.128,0.211,122.006,4
spotify:track:4YOLQWXyfWmH1oMV18DOlC,"Cloud Runner","Cloud Runner","Nairo",2023-08-04,434884,7,false,t!cktack,2023-08-12T10:50:50Z,"melodic techno","New Tab Music",0.701,0.782,0,-8.161,1,0.0652,0.000674,0.85,0.107,0.125,122.009,4
spotify:track:0jHezfBKttmYivLmNvUzzt,"The Blaze","The Theory EP","Massano",2023-06-28,270476,37,false,t!cktack,2023-07-02T21:55:18Z,"melodic techno,melodic house,techno","Simulate Recordings",0.766,0.738,11,-7.193,0,0.0379,0.00661,0.826,0.0591,0.194,126.006,4
spotify:track:3LBWAYCXn4GCkg0jOgWD7D,"Breathe In (Short Mix)","Breathe In (Short Mix)","ARTBAT;Another Life;CAY (DE)",2023-06-16,247559,46,false,t!cktack,2023-07-31T18:53:22Z,"melodic techno,melodic house,techno,progressive house","UPPERGROUND",0.525,0.831,7,-5.616,0,0.0539,0.00044,0.533,0.153,0.0366,126.959,4
spotify:track:4OLHog2ZXJ8FMVMgeKdndc,"Traces - Monophase Remix","Traces (Monophase Remix)","Nick Jojo;Monophase (IT)",2023-06-30,416659,9,false,t!cktack,2023-07-15T08:32:11Z,"melodic techno,melodic house,progressive house","Automatik",0.687,0.95,6,-8.993,1,0.0418,0.0455,0.776,0.103,0.0358,124.983,4
spotify:track:69gB3fXOWIh60oSHaxxc82,"Missing - Cedric Gervais Version","Missing (Cedric Gervais Version)","Cedric Gervais;Raffi Saint",2023-06-23,180447,4,false,t!cktack,2023-07-15T08:33:01Z,"edm,melodic techno","Kontor Records",0.444,0.928,9,-7.193,1,0.0884,0.00794,0.072,0.135,0.0382,126.058,4
spotify:track:4iiQHKy1dIbYyRscZuaWTo,"All That I Lost","All That I Lost","Tinlicker",2023-05-25,259838,1,false,t!cktack,2023-07-15T08:33:33Z,"melodic house,progressive house,melodic techno","Cercle Records",0.331,0.902,7,-7.99,0,0.0525,0.0162,0.912,0.114,0.108,123.986,4
spotify:track:54u4BpLMiNYB9TmQG07HSz,"Carte Blanche","Carte Blanche","Dirty South;Ferry Corsten",2023-06-02,201016,9,false,t!cktack,2023-07-22T22:36:37Z,"progressive house,edm,trance,progressive trance","Kontor Records",0.52,0.94,10,-6.004,0,0.0391,0.000663,0.856,0.318,0.318,124.029,4
spotify:track:0EbjpQWNL0jFgepyWb9OKf,"Great Southern Land","Great Southern Land","Cassian;ICEHOUSE",2023-05-10,255483,0,false,t!cktack,2023-07-15T08:35:08Z,"melodic techno,melodic house,synthpop","Rose Avenue Records",0.61,0.834,6,-6.894,1,0.0297,0.00256,0.00162,0.11,0.154,123.968,4
spotify:track:52MZeAIr1B1QWQpUATpFIu,"Safe And Sound","Safe and Sound","Kallak;Modern Machines",2023-04-11,203760,10,false,t!cktack,2023-06-13T20:51:14Z,"tech house","Uprise Music",0.682,0.877,11,-5.052,0,0.0478,0.0261,0.324,0.301,0.339,124.995,4
spotify:track:3XisBBYpK8TmL8ogBPCA8c,"Deep Space","Deep Space","Sevenn;Silver Panda",2023-03-31,181209,30,false,t!cktack,2023-06-12T18:53:35Z,"brazilian bass,melodic techno,melodic house,progressive house,indie dance","Panda Lab Records",0.484,0.898,11,-7.698,1,0.0415,0.000984,0.587,0.305,0.288,123.978,4
spotify:track:6N1X6Cu1pnDIcgzpHwhGdE,"Metamorphose - Adam Sellouk Remix","Metamorphose","PACS;Adam Sellouk",2023-04-07,342334,0,false,t!cktack,2023-06-13T20:52:18Z,"melodic techno,melodic house,indie dance","Ame Records",0.698,0.572,2,-8.528,1,0.0705,0.000466,0.914,0.0986,0.12,122,4
spotify:track:276nfPmoB0wDZvymvtSfHt,"Oblivion","Galassia","Nuran",2023-05-26,412999,2,false,t!cktack,2023-06-13T20:57:07Z,"indie dance,organic house,melodic techno,melodic house","Natura Viva",0.8,0.935,6,-6.476,1,0.0482,0.000381,0.895,0.103,0.11,122,4
spotify:track:5Nn9TSU8Ovs20svx6fS2iR,"Gravity - Adam Sellouk Remix","Gravity (Adam Sellouk Remix)","Maxim Lany;Adam Sellouk",2023-06-16,194754,12,false,t!cktack,2023-07-22T22:40:22Z,"melodic techno,melodic house,indie dance","Kontor Records",0.679,0.766,1,-7.705,1,0.065,0.00666,0.283,0.188,0.0826,121.971,4
spotify:track:1EodL9weeDx3qr5aqln0Mo,"Parallel - Final Request Remix","Parallel","Feelmark;Final Request",2023-04-28,259180,6,false,t!cktack,2023-05-09T20:10:35Z,"melodic techno,melodic house,progressive house,indie dance","BeatFreak Recordings",0.589,0.947,3,-5.286,0,0.0402,0.00158,0.9,0.101,0.274,121.973,4
spotify:track:1yZBuUYcA0Ug7Y7ImNdhwt,"Zodiac","Zodiac","Agents Of Time",2023-05-12,342857,51,false,t!cktack,2023-05-16T19:49:28Z,"melodic techno,melodic house,techno","Time Machine Recordings",0.656,0.84,10,-9.02,0,0.0475,0.0745,0.903,0.101,0.186,125.997,4
spotify:track:4zDG66t4CS5gD2WLq4K9JK,"Your Mind","Your Mind","CamelPhat;Josh Gigante",2023-04-21,354647,34,false,t!cktack,2023-05-09T20:11:12Z,"melodic techno,house,progressive house,melodic house,tech house,indie dance","When Stars Align",0.801,0.753,2,-8.6,1,0.0383,0.0555,0.716,0.556,0.33,126.995,4
spotify:track:0T76dzbr6IGSLH4WyDS5NP,"Another Dimension","Another Dimension","Armonica",2023-05-05,365858,8,false,t!cktack,2023-05-09T20:11:27Z,"melodic techno,afro house,afro tech,melodic house,tribal house","Impressum",0.715,0.844,1,-8.643,1,0.0423,0.00457,0.822,0.0868,0.04,124.986,4
spotify:track:2SIywaExbw39WSlS768Sg6,"Dark Waves","Dark Waves","Moonwalk;EarthLife",2023-02-10,251903,36,false,t!cktack,2023-04-19T21:20:43Z,"melodic techno,melodic house,minimal techno,techno,progressive house","Spectrum (NL)",0.606,0.874,5,-6.614,0,0.0353,0.00207,0.88,0.101,0.245,123.97,4
spotify:track:1SGQ1YgTvuNoRYzHLvpyX7,"Alive","Alive","Jonas Saalbach;SBSTN",2023-02-10,254992,25,false,t!cktack,2023-04-19T21:21:03Z,"melodic techno,melodic house,progressive house","Radikon",0.663,0.836,6,-7.546,0,0.035,0.00243,0.557,0.102,0.12,126.015,4
spotify:track:4WNryQRAAkZC9seSuSr5OZ,"Desire for Life","Desire for Life","Q.U.A.K.E;Martin Magal",2023-02-03,453120,21,false,t!cktack,2023-05-09T20:18:16Z,"melodic techno,melodic house,progressive house,indie dance","Astral Records",0.799,0.88,11,-9.822,0,0.0621,0.00396,0.863,0.108,0.115,125.004,4
spotify:track:6mqalMj0KU2rpSzgrAvD32,"Lay Low (Argy Remix)","Lay Low (Argy Remix)","Tiësto;Argy",2023-02-03,247991,60,false,t!cktack,2023-05-09T20:19:15Z,"edm,trance,big room,house,melodic techno,melodic house,techno","Musical Freedom",0.656,0.79,6,-7.176,1,0.033,0.00434,0.754,0.0938,0.0385,121.994,4
spotify:track:76cT0lXYQnyuCFCUtL8wNq,"Upon Us","Sound of the Jungle (Pt. 6/6)","The Element MT",2023-02-17,417321,12,false,t!cktack,2023-04-19T21:22:03Z,"melodic techno,melodic house","ZAMNA Records",0.798,0.639,0,-8.886,1,0.0759,0.00579,0.863,0.103,0.0596,126.978,3
spotify:track:12cknKcAEanf3PlwPOYvg5,"Rise Of The 2nd Sun","Rise Of The 2nd Sun","Stereo Express",2023-03-16,425927,33,false,t!cktack,2023-04-19T21:22:20Z,"melodic techno,minimal techno,electro swing,melodic house","Off World",0.689,0.684,5,-6.348,1,0.046,0.000676,0.696,0.416,0.194,123.993,4
spotify:track:1pYszZFe7AM4xrUEvaquBi,"L'amour","L'amour/Endeavour","Rafa'EL",2023-01-13,254000,4,false,t!cktack,2023-04-19T21:22:41Z,"organic house,progressive house,melodic house,melodic techno","Zerothree",0.558,0.837,2,-6.298,0,0.033,0.0223,0.854,0.222,0.0901,121.992,3
spotify:track:0POCCj3oC5q04ezRDGyJAm,"Breathe - Fur Coat Remix","Breathe (Fur Coat Remix)","BOg;Afnan Prince;Fur Coat",2023-02-23,375000,6,false,t!cktack,2023-04-19T21:23:00Z,"melodic techno,melodic house,progressive house,minimal techno","ATLANT",0.698,0.736,2,-7.157,1,0.0515,0.000465,0.694,0.112,0.197,124.985,4
spotify:track:7gEFQdhgMAuiQjpESZoYSk,"Who We Are - Lufthaus Remix","Who We Are (Lufthaus Remix)","Enamour;Warung;Lufthaus",2023-01-19,249954,13,false,t!cktack,2023-04-19T21:23:14Z,"melodic house,progressive house,melodic techno,organic house,deep house","Kontor Records",0.546,0.836,4,-9.115,0,0.0367,0.00958,0.722,0.109,0.0384,122.983,4
spotify:track:2Nq06gpBMrjYnBLpi0cNYy,"Night After Night - CamelPhat Remix","Night After Night","Fideles;CamelPhat;Be No Rain",2023-03-03,418528,0,false,t!cktack,2023-05-09T20:20:40Z,"melodic techno,melodic house,techno,house,progressive house,tech house","Afterlife",0.767,0.7,2,-7.887,1,0.0597,0.0144,0.419,0.0946,0.0383,123.984,4
spotify:track:1eFmlpXaOBHXFVoeeuQaF7,"Faith - Eddy Tango Remix","Faith","Sundrej Zohar;Eddy Tango",2022-11-25,266880,3,false,t!cktack,2023-03-10T17:10:36Z,"melodic techno,progressive house,melodic house,organic house","Area Verde",0.645,0.708,2,-7.884,0,0.0335,0.643,0.878,0.105,0.0392,123.984,4
spotify:track:5p9VGZddlwKDOnqatOBtmv,"Don't Take Sides","Don't Take Sides","Bound;Aves Volare",2022-11-04,290066,4,false,t!cktack,2023-03-10T17:11:00Z,"melodic techno,melodic house,indie dance,progressive house","Area Verde",0.708,0.67,7,-10.836,1,0.0405,0.0093,0.859,0.114,0.106,125.999,4
spotify:track:6ZrBSdKtSp19z8c5niBO5e,"Boo York","Peace & Love","Hiboo",2023-01-06,232320,15,false,t!cktack,2023-03-10T17:11:18Z,"minimal techno,techno,melodic techno","Area Verde",0.79,0.747,7,-8.55,1,0.0723,0.00431,0.855,0.0989,0.645,125.017,4
spotify:track:52vvPE3TrYkYw2xZk0imk8,"Endless Nights","White Shadows","Sebastian Haas;Lanna M",2022-12-02,267316,4,false,t!cktack,2023-03-10T17:11:36Z,"progressive house,melodic techno,organic house,indie dance","Area Verde",0.76,0.885,1,-8.516,1,0.0463,0.00164,0.772,0.096,0.126,122.999,4
spotify:track:1bJaM1PuvwPqltXtvMFkor,"Heaven Is Calling","Heaven Is Calling","Amir Telem",2023-02-03,279435,3,false,t!cktack,2023-03-10T17:11:51Z,"organic house,progressive house,melodic techno,melodic house","Area Verde",0.614,0.841,2,-8.397,1,0.0332,0.0138,0.861,0.19,0.0291,123.991,4
spotify:track:2M4L6LM5wO7dq6ekWoMLsr,"Steps","Steps","Rafael Osmo",2023-03-24,276476,4,false,t!cktack,2023-05-11T19:08:11Z,"trance,progressive trance,melodic techno","Area Verde",0.749,0.724,7,-7.387,1,0.042,0.0000952,0.86,0.179,0.0236,125.009,4
spotify:track:5LX5TORXDPpNsRirCLg8GG,"Healing","Healing","HunterSynth",2023-02-10,286451,17,false,t!cktack,2023-03-10T17:13:18Z,"tech house,melodic techno","Area Verde",0.704,0.959,4,-7.235,0,0.0462,0.0424,0.832,0.0766,0.0378,123.982,4
spotify:track:3ZMabzaGg0zonh3ihnhISk,"Stugna","Just.Love","The Advocate",2022-10-07,308160,7,false,t!cktack,2023-03-10T17:13:34Z,"melodic techno,afro tech,afro house,melodic house","Skybar Records",0.6,0.855,6,-8.328,0,0.039,0.00582,0.818,0.137,0.0476,125,4
spotify:track:6me8pWUeC1vcqkFckaVAbw,"Evolution","Evolution","Stone Van Brooken;LKX",2023-01-27,225529,3,false,t!cktack,2023-03-10T17:14:03Z,"melodic techno,tropical house,trance,progressive trance","Area Verde",0.68,0.95,11,-7.488,0,0.0434,0.00427,0.792,0.26,0.483,124.008,4
spotify:track:2LVZY7GuWXxzhfhaCBzG9A,"What Is Real","Sirius","Fernandez",2023-03-03,251612,8,false,t!cktack,2023-03-10T17:14:25Z,"melodic techno,melodic house,brazilian bass","Area Verde",0.673,0.863,6,-7.496,1,0.0392,0.00556,0.549,0.213,0.284,123.976,4
spotify:track:4cMOEDmp170asF7I6X5zyS,"Siren - AYU (UA) Remix","Siren","The Kode;Beat Inside;AYU (UA)",2023-03-31,274146,4,false,t!cktack,2023-05-11T19:07:12Z,"indie dance,melodic techno,progressive house,melodic house","Area Verde",0.592,0.858,11,-9.242,0,0.0381,0.000779,0.785,0.121,0.0382,122.975,4
spotify:track:1IWiORVPZ6FOOhS4lA6C0x,"Reborn - Jonas Saalbach Remix","Reborn (Jonas Saalbach Remix)","Ferry Corsten;Jonas Saalbach",2023-03-31,239041,4,false,t!cktack,2023-04-07T14:50:03Z,"trance,progressive trance,melodic techno,melodic house,progressive house","Kontor Records",0.572,0.906,1,-7.22,0,0.0406,0.0156,0.913,0.128,0.223,124.967,4
spotify:track:2piEb4RGCQ2O19JOSQx8cy,"Atlas","Atlas","Indifferent Guy",2023-03-24,226341,20,false,t!cktack,2023-04-07T14:51:20Z,"melodic techno,progressive house,melodic house","Indifferent Music",0.621,0.976,2,-6.124,1,0.0381,0.000581,0.791,0.105,0.0383,123.006,4
spotify:track:2SKJ3PjCB2svl2hfccIgOJ,"Tuka Tu","Tuka Tu","Space Motion;Silver Panda;Erika Krall;Lian Gold",2022-05-23,360000,0,false,t!cktack,2023-04-07T14:51:39Z,"melodic techno,afro house,melodic house,afro tech,progressive house,tribal house,indie dance,minimal techno","Space Motion Records",0.8,0.6,6,-8.807,0,0.102,0.00101,0.909,0.0769,0.0461,123.989,4
spotify:track:5mCLCA1bnQHPU4EZBtZgqo,"Sternstunde - Joris Voorn Edit","Sternstunde (Joris Voorn Edit)","Solee;Joris Voorn",2023-02-24,226680,39,false,t!cktack,2023-04-07T14:51:57Z,"melodic techno,minimal techno,melodic house,techno","Spectrum (NL)",0.674,0.415,10,-13.746,1,0.0355,0.00688,0.748,0.553,0.256,125.016,4
spotify:track:5E8Q6eXY1EGAnf9a8vF8eT,"System","In My System EP","Massano",2022-04-15,367737,0,false,t!cktack,2023-04-07T14:52:16Z,"melodic techno,melodic house,techno","Afterlife",0.742,0.657,5,-9.708,1,0.0508,0.00143,0.863,0.0873,0.0385,122.005,4
spotify:track:4M5K6HYMIIoXLutK1v7g7U,"Hunting - Senses of Mind Remix","Hunting Remixes","Mark Tarmonea;Senses Of Mind",2021-08-27,418064,6,false,t!cktack,2023-04-07T14:52:35Z,"melodic techno,melodic house","Bull In A China Shop Records",0.781,0.658,1,-10.312,1,0.0446,0.0306,0.742,0.112,0.106,124.017,4
spotify:track:60LXnlFE4YaX7BsLcfGx2b,"XX","Siamese Anthology V (Part 1/4)","19:26;Animal Picnic",2023-01-27,344640,43,false,t!cktack,2023-04-07T14:52:53Z,"melodic techno,melodic house,progressive house","Siamese",0.734,0.605,1,-7.819,1,0.0554,0.0422,0.941,0.124,0.121,123.992,4
spotify:track:59K05Ni8kobtukwONep074,"Medea","Medea","Cherry (UA)",2023-03-03,285000,12,false,t!cktack,2023-03-16T22:10:36Z,"melodic techno,melodic house,progressive house,indie dance","SVET",0.658,0.915,10,-5.483,1,0.0559,0.000836,0.848,0.299,0.335,123.994,4
spotify:track:4XzeThE3txvCBIrP40tj85,"Eternity","Eternity","Anyma;Chris Avantgarde",2023-02-10,186284,1,false,t!cktack,2023-03-16T22:13:28Z,"melodic techno,melodic house,techno,stutter house","Afterlife",0.606,0.884,8,-5.897,1,0.0412,0.00541,0.848,0.102,0.243,125.045,4
spotify:track:5Eg5xHri5j0SHi9TF5Qxgx,"Devotion","Sound of the Jungle (Pt. 2/6)","Armonica",2023-02-17,352962,11,false,t!cktack,2023-03-16T22:13:46Z,"melodic techno,afro house,afro tech,melodic house,tribal house","ZAMNA Records",0.702,0.739,2,-8.594,1,0.045,0.0017,0.854,0.0984,0.035,124.018,4
spotify:track:0gYv4j8cNxnxN8KUW1UGgj,"Burning - Night Vision","Burning","Erika Krall;Lian Gold",2022-01-27,396762,3,false,t!cktack,2023-03-16T22:22:23Z,"melodic techno,indie dance,progressive house,melodic house,afro tech,minimal techno","Tech Warriors",0.765,0.94,2,-6.359,1,0.0398,0.0121,0.761,0.0692,0.0391,121.991,4
spotify:track:735PDoBMhWUNaUy1spdA03,"Drive Me","Drive Me","ONEN;Erika Krall;Lian Gold",2023-01-20,281951,4,false,t!cktack,2023-03-16T22:14:32Z,"melodic techno,progressive house,indie dance,melodic house,afro tech,minimal techno","Almar",0.698,0.98,9,-6.031,1,0.0434,0.000858,0.799,0.158,0.233,122.995,4
spotify:track:6Qo139iy3pkM0K7AfBynvM,"Ready For More","Ready For More","Korolova;Two Are;Alar",2021-12-10,247991,14,false,t!cktack,2023-03-16T22:21:05Z,"melodic techno,melodic house,progressive house,indie dance","Armada Electronic Elements",0.681,0.948,6,-7.564,0,0.0407,0.00158,0.682,0.103,0.0262,122.984,4
spotify:track:6l9nZIsZ4JbcCc4GyWgQYC,"Homecoming","Sound of the Jungle (Pt. 3/6)","Coeus",2023-02-17,382418,9,false,t!cktack,2023-03-16T22:15:08Z,"melodic techno,melodic house","ZAMNA Records",0.688,0.772,9,-6.067,0,0.0449,0.000307,0.903,0.0855,0.148,123.996,4
spotify:track:1PI6MPyMGeRLbKDCaQ3BDi,"Be Strong","Be Strong","Spada;Korolova",2022-02-04,192605,55,false,t!cktack,2023-03-16T22:15:21Z,"melodic house,melodic techno,progressive house","Armada Electronic Elements",0.599,0.905,8,-6.659,0,0.0339,0.0277,0.422,0.398,0.308,121.002,4
spotify:track:0WGNlTtsFwUbCY1gQGeLlf,"The Air Of Freedom","The Air Of Freedom","Spada;No Day After",2023-01-20,260976,0,false,t!cktack,2023-01-26T19:05:16Z,"melodic house,melodic techno","Ultimo Paradiso",0.629,0.921,1,-6.339,1,0.0435,0.00194,0.0323,0.145,0.377,125.985,4
spotify:track:5DVVw9e4D656vURT3pfnjg,"No Place","No Place","RÜFÜS DU SOL",2018-05-24,237986,36,false,t!cktack,2023-01-26T19:59:02Z,"","Rose Avenue/Reprise",0.612,0.876,4,-6.247,0,0.0315,0.0167,0.175,0.189,0.187,120.022,4
spotify:track:7k9WJPAYRjAzvPQ34be7A7,"Laroc","Laroc","Scorz;Silvio Soul",2022-12-09,203824,6,false,t!cktack,2023-01-26T19:59:18Z,"progressive trance,trance,melodic techno,melodic house","Armada Music",0.541,0.723,8,-8.993,1,0.0346,0.0406,0.873,0.105,0.0387,125.994,4
spotify:track:39xbjWMhqIpPZVT0V4uDSh,"Perfect Mistake","Perfect Mistakes","Tinlicker",2022-10-04,253143,43,false,t!cktack,2023-01-26T19:59:35Z,"melodic house,progressive house,melodic techno","Anjunadeep",0.549,0.954,1,-8.762,1,0.036,0.00444,0.852,0.11,0.0382,123.99,4
spotify:track:09ctjXoWwXxYcvqIkmIFas,"Back To The Roots","Back To The Roots","Makebo;Amonita",2022-05-13,286229,53,false,t!cktack,2023-01-26T19:59:56Z,"organic house,melodic house,deep house","Anjunadeep",0.692,0.472,9,-9.235,1,0.0405,0.00043,0.831,0.105,0.474,121.998,4
spotify:track:2ugboeyvu6sclWlZg1MijE,"Run & Hide","Run & Hide","Mark Tarmonea",2022-07-22,324191,12,false,t!cktack,2023-01-26T20:00:13Z,"melodic techno,melodic house","Eye And Eye",0.7,0.655,10,-11.142,1,0.0385,0.0196,0.774,0.0744,0.273,122.008,4
spotify:track:2NA6sbp1th99SalqDA8hzi,"Don't Hold Back - Yotto Remix","Don't Hold Back (Yotto Remix)","Monolink;YOTTO",2022-07-22,356097,30,false,t!cktack,2023-01-26T20:00:29Z,"melodic techno,melodic house,techno,progressive house,deep house","Embassy One",0.696,0.63,7,-9.828,1,0.0385,0.00211,0.438,0.0799,0.22,121.999,4
spotify:track:3UJCKjHkww2fDutctXzdfB,"Soul Connection","Soul Connection","Silver Panda",2022-11-18,330000,30,false,t!cktack,2023-01-17T21:25:20Z,"melodic techno,melodic house,progressive house,indie dance","Panda Lab Records",0.747,0.934,4,-7.238,0,0.0481,0.00272,0.825,0.115,0.0659,124.003,4
spotify:track:73ndJlD4HtcANSnVXHGfTA,"Peace & Love","Peace & Love","Hiboo",2023-01-06,277073,33,false,t!cktack,2023-01-17T21:25:41Z,"minimal techno,techno,melodic techno","Area Verde",0.727,0.868,7,-7.181,1,0.0439,0.128,0.866,0.0786,0.0946,122.981,4
spotify:track:1UJM9br0irPPZqG4GPzWha,"Occhiolism","Occhiolism","Animal Picnic",2022-12-16,441393,13,false,t!cktack,2023-01-17T21:26:00Z,"melodic techno,melodic house","ATLANT",0.746,0.626,6,-10.037,0,0.0465,0.0377,0.889,0.109,0.0361,122.004,4
spotify:track:2ykio2Gv8ZiyRMtTNBhB8r,"Close Your Eyes","Close Your Eyes","Moonwalk",2022-12-08,204370,0,false,t!cktack,2023-01-17T21:26:19Z,"melodic techno,melodic house,minimal techno,techno,progressive house","Odd One Out",0.722,0.972,2,-7.529,1,0.0415,0.0000797,0.664,0.493,0.0334,124.993,4
spotify:track:3UjOGrDAnjNk2FsAWdIlis,"Reach Out","Reach Out","GRAZZE;Beacon Bloom",2022-12-09,235282,27,false,t!cktack,2023-01-17T21:26:37Z,"melodic techno,melodic house,progressive house","Zerothree",0.555,0.899,2,-6.903,0,0.0423,0.0072,0.175,0.129,0.0436,124.007,4
spotify:track:3sZn7OWnoVcaGNiaNV8VUJ,"Ashes - Brina Knauss Remix","Ashes","Axel Haube;Running Pine;Brina Knauss",2022-10-28,435389,18,false,t!cktack,2023-01-17T21:26:55Z,"melodic techno,melodic house,deep house","Petit matin",0.72,0.733,0,-9.022,0,0.0407,0.0219,0.713,0.11,0.0387,128.006,4
spotify:track:7BrbDaxiewXA38HI7aVwHN,"Crucible","Crucible","Kasablanca",2022-12-12,286947,19,false,t!cktack,2023-01-18T23:27:06Z,"melodic techno,melodic house,progressive house","Anjunabeats",0.55,0.936,6,-7.256,0,0.0359,0.00387,0.867,0.149,0.0648,124.021,4
spotify:track:212NuSNwyqWEIdDhpJkZ9d,"Activate","Reactivate","Cassian",2022-02-11,292051,0,false,t!cktack,2023-03-16T22:26:38Z,"melodic techno,melodic house","Rose Avenue Records",0.605,0.932,9,-6.522,0,0.038,0.00121,0.786,0.0942,0.143,122.006,4
spotify:track:0NL6PYY0tDszmywyDGeZsf,"Yula","Yula","Drumstone",2023-01-27,412258,24,false,t!cktack,2023-03-16T22:26:57Z,"melodic techno,melodic house","Theory X",0.732,0.6,5,-9.072,1,0.0481,0.00338,0.917,0.1,0.0526,124.001,4
spotify:track:1btR4BkhNh2j5s2m3yMBdS,"Inception","Inception","Bigfett",2022-09-23,358193,0,false,t!cktack,2023-03-16T22:27:16Z,"melodic techno,melodic house,progressive house","Running Clouds",0.711,0.965,1,-6.679,0,0.0375,0.132,0.893,0.111,0.0935,123.997,4
spotify:track:7uckA4A3hQi0YXA5rL3YVn,"This Feeling - Korolova Remix","This Feeling (Remixes)","Vintage Culture;Goodboys;Korolova",2022-12-20,200640,18,false,t!cktack,2023-03-16T22:27:39Z,"brazilian bass,electronic,electro,melodic techno,melodic house,progressive house","Insomniac Records",0.513,0.971,4,-7.16,1,0.0457,0.000046,0.139,0.38,0.0397,125.005,4
spotify:track:08T5Ibykp5D758EGSAFJb8,"Transmission - Joris Voorn Remix","Transmission (Joris Voorn Remix)","Eelke Kleijn;Joris Voorn",2022-11-11,224274,42,false,t!cktack,2023-03-16T22:27:54Z,"melodic techno,melodic house,progressive house","Kontor Records",0.711,0.837,2,-7.984,1,0.0422,0.294,0.926,0.145,0.22,124,4
spotify:track:7i08AhQcrdD4GLlr2Pmamg,"Dance With Me","Dance With Me EP","Kevin de Vries",2022-09-07,391590,1,false,t!cktack,2023-03-16T22:28:46Z,"melodic techno,melodic house,techno","Afterlife",0.792,0.704,6,-7.181,0,0.0631,0.00213,0.564,0.123,0.472,124.003,4
spotify:track:7xvl39LuJ8o5yeHR1kta90,"Tibet","Tibet","ARTBAT;Argy;Zafrir",2022-11-18,403676,51,false,t!cktack,2022-12-03T12:05:19Z,"melodic techno,melodic house,techno,progressive house,big room,slap house,psytrance","UPPERGROUND",0.729,0.919,4,-8.763,0,0.0855,0.000355,0.616,0.321,0.0382,123.989,4
spotify:track:38GnX2MVw0dyV8fylyz1ea,"Andromeda - Extended Mix","Andromeda","Che Jose",2022-11-04,360960,0,false,t!cktack,2022-12-03T12:05:53Z,"melodic techno,melodic house,progressive house","Siona Records",0.694,0.901,7,-8.39,1,0.0418,0.193,0.848,0.096,0.0344,125.004,4
spotify:track:0hjRzBuGh9qGGzcbW7xK12,"The Sign","The Sign","CamelPhat;Anyma",2022-10-28,213495,1,false,t!cktack,2022-12-03T12:06:23Z,"melodic techno,house,progressive house,melodic house,tech house,techno,stutter house","Afterlife",0.714,0.782,7,-7.316,0,0.0402,0.0756,0.64,0.256,0.0663,121.969,4
spotify:track:4snXjVqAlCym0l9NZFXoz4,"Reflection","Odd Ones V2","Bigfett",2022-12-08,283689,0,false,t!cktack,2022-12-09T18:17:18Z,"melodic techno,melodic house,progressive house","Odd One Out",0.706,0.95,6,-8.04,0,0.0469,0.025,0.877,0.106,0.0599,123.994,4
spotify:track:2FSqI5NbnNqqjNE73h051g,"Ten Elephants","Ten Elephants","ASHER SWISSA;Hevi Levi",2022-10-28,379596,12,false,t!cktack,2022-12-03T12:07:39Z,"melodic techno,melodic house,progressive house","Joy Techno",0.659,0.944,0,-6.262,1,0.0424,0.012,0.831,0.103,0.0643,123.975,4
spotify:track:7tl2vxHCKzuMGFoipipLMG,"Panic Attack","Weird Lead","Stas Underhill",2022-11-18,299016,3,false,t!cktack,2022-12-03T12:08:04Z,"melodic techno,progressive house,melodic house","Area Verde",0.651,0.859,5,-9.211,1,0.0345,0.0106,0.878,0.114,0.0362,122.004,4
spotify:track:4M4klHGURkskecabNhCanS,"This Feeling - Korolova Remix","This Feeling (Korolova Remix)","Vintage Culture;Goodboys;Korolova",2022-12-20,200640,38,false,t!cktack,2022-12-20T13:59:18Z,"brazilian bass,electronic,electro,melodic techno,melodic house,progressive house","Insomniac Records",0.51,0.972,4,-7.16,1,0.0457,0.0000481,0.134,0.414,0.0397,125.003,4
spotify:track:0maguJepJxve2G3BZczWv7,"New Beginning","New Beginning","Paradoks",2022-11-18,261855,18,false,t!cktack,2022-12-03T12:09:50Z,"melodic techno,melodic house,progressive house","Antinome Records",0.617,0.672,1,-9.271,0,0.0343,0.00906,0.0102,0.113,0.146,123.001,4
spotify:track:6Cwtq7nwknLKmUPQhJvBlb,"Game Over","Game Over & DoomTak","Steve Levi",2022-08-12,367802,34,false,t!cktack,2022-12-03T12:10:35Z,"melodic techno","Exx Muzik",0.661,0.899,7,-7.244,1,0.0413,0.00221,0.816,0.381,0.0737,123.99,4
spotify:track:7jRFCgpYTc31QpAyJJP2Vz,"Bad Memories ft. Elley Duhe and FAST BOY (Korolova Remix)","Bad Memories ft. Elley Duhe and FAST BOY (Korolova Remix)","MEDUZA;James Carter;Korolova;Elley Duhé;FAST BOY",2022-10-28,232320,34,false,t!cktack,2022-11-02T18:27:26Z,"melodic techno,melodic house,progressive house","Universal-Island Records Ltd.",0.535,0.91,10,-7.792,0,0.0439,0.00255,0.775,0.0769,0.149,125.012,4
spotify:track:4a7CNTDlNapl46KBnIWc3g,"Aries","Dune","Moonwalk",2022-09-09,420244,23,false,t!cktack,2022-11-02T18:28:28Z,"melodic techno,melodic house,minimal techno,techno,progressive house","Stil Vor Talent Records",0.691,0.826,7,-7.823,1,0.0366,0.0015,0.902,0.108,0.156,124.995,4
spotify:track:1CgOq2jxhaF1sNC2X8h5My,"Oz","Oz / Don't Look Behind You","Ursarix",2022-09-26,480674,0,false,t!cktack,2022-11-02T18:31:10Z,"melodic techno,progressive house","JOOF Aura",0.438,0.888,1,-7.035,1,0.0454,0.000621,0.81,0.254,0.273,124.007,4
spotify:track:51UMClWVLwVsK2YiG7iIgq,"Matter of Time - Fur Coat Remix","Matter of Time","Casper Cole;Ed Begley;Fur Coat",2022-11-04,393750,6,false,t!cktack,2022-11-02T19:47:37Z,"melodic house,melodic techno,afro house,spoken word,afro tech,minimal techno","Oddity Records",0.723,0.929,2,-5.303,1,0.0395,0.000592,0.819,0.106,0.0338,123.989,4
spotify:track:26RfGZj3z5Y25w6tQDcAyM,"It's Ours - Short Mix","It's Ours","ARTBAT;David Guetta;IDRIS",2022-10-14,200299,42,false,t!cktack,2022-11-02T18:31:52Z,"melodic techno,melodic house,techno,progressive house,edm","UPPERGROUND",0.389,0.802,11,-9.003,0,0.0592,0.00445,0.715,0.318,0.0666,127.089,4
spotify:track:1k1Sp1bFMG4lqNqEu2D0lp,"Able to Dream","Able to Dream","19:26",2022-09-23,406823,14,false,t!cktack,2022-11-02T18:32:55Z,"melodic techno,melodic house,progressive house","ATLANT",0.773,0.556,7,-10.696,1,0.0615,0.0112,0.898,0.104,0.0381,125.011,4
spotify:track:1rFFWztyr2N5REyljmQjgb,"More Horses","More Horses feat. Tegan & Sara","Argy;Matthew Dear;Tegan and Sara",2022-10-07,333125,0,false,t!cktack,2022-11-02T18:33:24Z,"melodic techno,melodic house,techno,minimal techno","Renaissance Records",0.661,0.596,2,-10.421,1,0.0416,0.00345,0.827,0.167,0.0626,123.005,4
spotify:track:5HB3SIkqYauruHtrPq0ga1,"Derben","Derben","Gespona;NonReal",2022-07-15,380357,0,false,t!cktack,2022-11-02T18:33:54Z,"melodic house,indie dance,melodic techno,organic house,progressive house","Einmusika Recordings",0.798,0.79,2,-8.425,1,0.0487,0.000288,0.821,0.0885,0.123,122.012,4
spotify:track:5feEKo5NtY6GPmvRqZqb31,"SVITANOK - GEONOZIS Remix","SVITANOK (GEONOZIS Remix)","Olha Voit;Geonozis",2022-10-26,323809,7,false,t!cktack,2022-11-02T19:48:59Z,"melodic techno,progressive house","Olha Voit",0.652,0.886,9,-5.382,0,0.0693,0.271,0.59,0.0989,0.189,126.03,4
spotify:track:3MTwgiEcNnh7ZW5v1he5bU,"Adagio - Original Mix","Adagio","Kinree",2022-10-21,289180,3,false,t!cktack,2022-11-02T18:34:51Z,"melodic techno,indie dance,g-house,progressive house","SVET",0.753,0.887,4,-5.186,0,0.0484,0.00158,0.863,0.104,0.0264,122.003,4
spotify:track:218lbzfwCNGqcn9te5T3GD,"Andante n.64","Unity Pt. 3","Alfa Romero",2022-07-20,439164,0,false,t!cktack,2022-11-02T18:35:20Z,"melodic techno,melodic house","Afterlife",0.727,0.874,1,-10.437,0,0.0412,0.00000958,0.799,0.0983,0.0311,123.997,4
spotify:track:6l4DAumg138A324aTQfXUi,"Wildfire - Colyn Remix","Surrender (Remixes)","RÜFÜS DU SOL;Colyn",2022-08-12,462978,54,false,t!cktack,2022-10-05T22:15:13Z,"melodic techno,melodic house,techno,progressive house","Rose Avenue/Reprise",0.798,0.601,6,-7.27,1,0.0551,0.0373,0.852,0.0756,0.282,123.993,4
spotify:track:71e7lY8mQwpHD0MHtNPGiL,"What You Believe","What You Believe / Ride","Aaron Suiss;Mayro",2022-08-12,438016,8,false,t!cktack,2022-10-05T22:15:29Z,"melodic techno,progressive house,melodic house,organic house","Perspectives Digital",0.807,0.821,6,-8.96,1,0.0646,0.000458,0.922,0.048,0.205,123.015,4
spotify:track:3MIxc5bbdQrR1erXF7STww,"Lose Myself - Original Mix","Lose Myself","Space Motion",2022-08-12,424354,32,false,t!cktack,2022-10-05T22:15:43Z,"melodic techno,afro house,melodic house,afro tech,progressive house,tribal house","ICONYC",0.704,0.87,8,-7.506,1,0.0401,0.00177,0.214,0.112,0.128,124.001,4
spotify:track:4JKpWhydtnRXDYqu6kyizG,"Emerther","Emerther","Morttagua;Melody Stranger",2022-08-19,421463,4,false,t!cktack,2022-10-05T22:15:57Z,"progressive house,melodic techno,melodic house","Timeless Moment",0.704,0.745,7,-11.397,1,0.0505,0.00712,0.836,0.234,0.16,123.002,4
spotify:track:1qdmZX4b2TPrmJnQnHHhDL,"Get Out - Pakka Remix Edit","Get Out (Pakka Remix)","ELSP;Pakka",2022-08-26,263031,3,false,t!cktack,2022-10-05T22:16:21Z,"melodic techno,progressive house,melodic house","Intricate Records",0.609,0.862,10,-8.984,0,0.0383,0.0129,0.638,0.257,0.0387,123.992,4
spotify:track:28mBccWCQNnBT0fE7b3VES,"Tadasana - Sean & Dee Remix","Tadasana (Sean & Dee Remix)","Analog Jungs;Sean & Dee",2022-08-19,446680,5,false,t!cktack,2022-10-05T22:16:40Z,"progressive house,organic house,melodic house,melodic techno","Clubsonica Records",0.535,0.768,10,-9.731,0,0.036,0.00392,0.839,0.094,0.109,121.967,4
spotify:track:1G3kwVs3JHqN5UPiFXcAID,"Moth To A Flame (feat. The Weeknd) - Adriatique Remix","Moth To A Flame (Adriatique Remix)","Swedish House Mafia;Adriatique;The Weeknd",2022-08-12,389956,54,false,t!cktack,2022-10-05T22:17:05Z,"edm,melodic techno,melodic house,afro house,techno","Republic Records",0.663,0.817,0,-7.793,0,0.0332,0.000118,0.37,0.0683,0.113,120.013,4
spotify:track:6xNkRctcx49SDhs2Bkoa66,"Skynet","Arcade","Undercatt",2022-06-17,353346,10,false,t!cktack,2022-10-05T22:17:22Z,"melodic techno,melodic house,minimal techno,techno","ATLANT",0.786,0.805,1,-8.777,0,0.0493,0.00128,0.918,0.108,0.0379,123.979,4
spotify:track:5xDnw56JL5apmzIM3MnjO5,"Fear For Tomorrow - Paul Anthonee Revision","Fear For Tomorrow","Alessio Pennati;Paul Anthonee",2022-08-05,443714,6,false,t!cktack,2022-10-05T22:17:42Z,"melodic techno,melodic house,progressive house","Sequence Music",0.699,0.685,7,-8.238,1,0.0819,0.00812,0.914,0.0978,0.231,126.011,4
spotify:track:6VztmbKdEMOv2AtFGqHtXe,"Blossom","Blossom","Stephan Jolk",2022-05-27,358346,30,false,t!cktack,2022-10-05T22:18:00Z,"melodic techno,melodic house,afro house,techno","UPPERGROUND",0.718,0.759,8,-6.898,0,0.0439,0.00136,0.875,0.0879,0.0398,124,4
spotify:track:4M4klHGURkskecabNhCanS,"This Feeling - Korolova Remix","This Feeling (Korolova Remix)","Vintage Culture;Goodboys;Korolova",2022-12-20,200640,38,false,t!cktack,2022-12-20T14:00:07Z,"brazilian bass,electronic,electro,melodic techno,melodic house,progressive house","Insomniac Records",0.51,0.972,4,-7.16,1,0.0457,0.0000481,0.134,0.414,0.0397,125.003,4
spotify:track:0ZRHMpb6ZidUtsHmjWtQCW,"Rover","Rover","Two Are",2022-07-22,216774,18,false,t!cktack,2022-09-09T17:33:42Z,"melodic techno,progressive house,melodic house","Kontor Records",0.643,0.954,7,-5.026,0,0.0395,0.00534,0.806,0.584,0.0538,124.015,4
spotify:track:7vwtS27mCNMx8JyFVQzNbO,"Sweet Disposition","Sweet Disposition","Gundamea;Korolova;Andy Ruddy",2022-08-26,209759,20,false,t!cktack,2022-09-09T17:34:04Z,"melodic techno,melodic house,progressive house","Kontor Records",0.364,0.758,7,-7.867,1,0.0378,0.0105,0.0000114,0.241,0.0418,125.038,4
spotify:track:7LHqxlhat0OIf3gCOGnOGr,"Age of Love - ARTBAT Rave Mix","Age of Love (ARTBAT Rave Mix)","ARTBAT;Pete Tong",2022-01-07,445440,41,false,t!cktack,2022-09-09T17:34:21Z,"melodic techno,melodic house,techno,progressive house","Ministry of Sound Recordings",0.566,0.774,6,-9.427,0,0.0644,0.0284,0.896,0.0562,0.0288,124.988,4
spotify:track:1CSpqWhM6rbOvA268uT9jh,"On My Knees - Cassian Remix","On My Knees (Cassian Remix)","RÜFÜS DU SOL;Cassian",2022-05-20,348350,39,false,t!cktack,2022-09-09T17:34:36Z,"melodic techno,melodic house","Rose Avenue/Reprise",0.587,0.827,1,-7.26,1,0.0401,0.000548,0.354,0.0728,0.551,122.003,4
spotify:track:1UzAKLIvXCWq3jODe72nh1,"TARAKA - Korolova & Two Are Remix","TARAKA (Korolova & Two Are Remix)","Gordo;Korolova;Two Are",2022-09-16,228387,35,false,t!cktack,2022-09-16T14:30:52Z,"techengue,afro house,latin house,melodic techno,melodic house,progressive house","Ultra Records, LLC",0.614,0.967,0,-4.876,0,0.0537,0.224,0.72,0.0968,0.113,124.007,4
spotify:track:39U2Ryd4imSGCEOou6hy4W,"Oxygen Levels Low","Oxygen Levels Low EP","Colyn",2022-04-29,446280,0,false,t!cktack,2022-09-09T17:35:32Z,"melodic techno,melodic house,techno,progressive house","Afterlife",0.803,0.811,7,-6.268,1,0.0467,0.0207,0.832,0.114,0.156,125.006,4
spotify:track:2BaC36FSodMCAFacTpgh75,"React","Reactivate","Cassian",2022-02-11,287257,0,false,t!cktack,2022-09-10T15:19:20Z,"melodic techno,melodic house","Rose Avenue Records",0.677,0.964,4,-6.555,0,0.0486,0.000654,0.873,0.0851,0.0346,121.987,4
spotify:track:2ex7NzlDpZ7uIqVd6sQIX4,"The Feeling","The Feeling","Massano",2020-06-01,512000,0,false,t!cktack,2022-09-10T15:19:38Z,"melodic techno,melodic house,techno","Running Clouds",0.755,0.603,11,-12.081,0,0.0761,0.00207,0.906,0.0881,0.0592,123.998,4
spotify:track:0OQF6YgMW5gOe8k4wfvLRJ,"Ready For More","Ready For More","Korolova;Two Are;Alar",2021-12-10,247991,46,false,t!cktack,2022-09-10T15:19:54Z,"melodic techno,melodic house,progressive house,indie dance","Armada Electronic Elements",0.681,0.948,6,-7.564,0,0.0407,0.00158,0.682,0.103,0.0262,122.984,4
spotify:track:6eCRmIS436mdOdcUJbglWo,"Twisted Voice","Twisted Voice","Space Motion",2022-01-07,402439,0,false,t!cktack,2022-09-10T15:20:08Z,"melodic techno,afro house,melodic house,afro tech,progressive house,tribal house","Space Motion Records",0.815,0.849,11,-8.145,0,0.114,0.000629,0.718,0.625,0.522,123.016,4
spotify:track:1DOuZaf52j4O1zlyQpxSQx,"Consciousness","Consciousness","Anyma;Chris Avantgarde",2022-05-18,274551,1,false,t!cktack,2022-09-10T15:20:22Z,"melodic techno,melodic house,techno,stutter house","Afterlife",0.596,0.837,7,-5.983,0,0.0488,0.0775,0.806,0.297,0.0954,125.93,3
spotify:track:1amfDxySvja0PP6LjosvNB,"The Mirage","The Mirage EP","Agents Of Time",2022-02-18,371903,0,false,t!cktack,2022-09-10T15:20:36Z,"melodic techno,melodic house,techno","Afterlife",0.724,0.866,10,-7.028,0,0.0448,0.0658,0.923,0.103,0.525,126,4
spotify:track:496cbjL6L8hREbKLyUBUJ7,"Alive - Solomun Remix Edit","Alive (Remixes)","RÜFÜS DU SOL;Solomun",2021-07-29,269508,27,false,t!cktack,2022-09-10T15:20:51Z,"melodic techno,minimal techno,techno,melodic house,deep house","Rose Avenue/Reprise",0.709,0.738,10,-6.785,0,0.0337,0.0107,0.671,0.0802,0.155,122.003,4
spotify:track:3w3FNdoX0K3XvfE9o3ENoj,"Symphony (feat. Yann Menge)","Symphony (feat. Yann Menge)","Alar;Korolova;Yann Menge",2021-05-21,263606,41,false,t!cktack,2022-09-10T15:21:16Z,"melodic techno,indie dance,melodic house,progressive house","AFTR:HRS",0.677,0.89,5,-6.28,0,0.032,0.0000814,0.777,0.19,0.273,122.011,4
spotify:track:565T570kFIPLPJeHAjyULn,"Better Off Alone","Better Off Alone","TuraniQa;Airsand",2022-06-24,404516,18,false,t!cktack,2022-08-05T21:25:42Z,"melodic techno,indie dance,melodic house,afro house,progressive house","Exx Muzik",0.749,0.934,6,-5.677,0,0.0472,0.000464,0.899,0.0943,0.0313,124.002,4
spotify:track:4QKgq7twx3wHL3fS73WKHo,"Landa","Unity Pt. 3","Cassian",2022-07-20,360242,0,false,t!cktack,2022-08-05T21:25:57Z,"melodic techno,melodic house","Afterlife",0.736,0.883,10,-7.98,0,0.0413,0.00683,0.901,0.0679,0.0527,123.986,4
spotify:track:0YnelkN5zAjcRHIf8kWMFf,"Every Minute Alone - Tale Of Us Remix","Dead Remixes","WhoMadeWho;Tale Of Us",2011-03-28,426454,5,false,t!cktack,2022-08-05T21:26:10Z,"melodic techno,melodic house,afro house,techno,minimal techno","Life And Death",0.852,0.467,3,-12.189,1,0.0466,0.00641,0.725,0.153,0.527,125.007,4
spotify:track:1Q67GzAimjd3OLMJJOTy9H,"Believe","Believe","CamelPhat;Mathame",2022-07-15,213753,0,false,t!cktack,2022-08-05T21:26:26Z,"melodic techno,house,progressive house,melodic house,tech house,techno","Astralwerks",0.584,0.904,10,-7.384,0,0.0371,0.0185,0.491,0.332,0.0539,128.043,4
spotify:track:3JvHrWx1xEIdhhkR6pXW0L,"My Sound","My Sound","Chico Rose;SLVR;AFROJACK",2021-10-22,125584,15,false,t!cktack,2022-08-05T21:26:40Z,"slap house,bass house,melodic techno,g-house,big room,edm","Wall Recordings",0.721,0.928,7,-6.329,1,0.0571,0.0613,0.282,0.334,0.552,121.982,4
spotify:track:6tpg8mR9MqLqTyXQP2A3rS,"Human Aura - Massano Remix","Human Aura","Yubik;Massano",2022-08-05,404529,21,false,t!cktack,2022-08-05T21:27:21Z,"melodic techno,melodic house,techno","Radikon",0.663,0.768,10,-9.981,0,0.0477,0.113,0.874,0.108,0.0394,124.013,4
spotify:track:3IXXrC5AFX7YWTbt39WHZn,"Here To There","Here to There","Tal Fussman",2022-07-15,359024,8,false,t!cktack,2022-08-05T21:27:36Z,"indie dance,melodic techno,melodic house","Sum Over Histories",0.741,0.564,6,-12.795,1,0.0841,0.218,0.915,0.104,0.0968,123.013,4
spotify:track:60IGjCo9qOkbwDnZpI8ROE,"Drain","Unity Pt. 3","Agents Of Time;Fideles",2022-07-20,369303,0,false,t!cktack,2022-08-05T21:27:49Z,"melodic techno,melodic house,techno","Afterlife",0.716,0.777,6,-8.806,0,0.0436,0.0594,0.885,0.103,0.158,125.007,4
spotify:track:0P9vw0W3BmRcDwR8BgYVrn,"Ego Lab","Ego Lab","NoNameLeft;Hiboo",2022-07-15,294375,0,false,t!cktack,2022-08-05T21:28:02Z,"techno,minimal techno,melodic techno","Nova Collective",0.69,0.917,11,-7.878,0,0.0478,0.00932,0.858,0.0657,0.687,127.998,4
spotify:track:47j9IGIIZAyqrQRp8qUBXh,"Fugitive","Unity Pt. 3","The Element MT;Lyke",2022-07-20,394611,0,false,t!cktack,2022-08-05T21:28:17Z,"melodic techno,melodic house","Afterlife",0.742,0.586,10,-9.16,0,0.0491,0.0111,0.806,0.111,0.0232,124.98,4
spotify:track:0O0iDz0vl5lh55PyOWuzEj,"Voicemail","Unity Pt. 3","Josh Gigante;Mooglie",2022-07-20,365652,0,false,t!cktack,2022-08-05T21:28:59Z,"melodic techno,melodic house,indie dance","Afterlife",0.779,0.811,7,-11.162,1,0.0548,0.00403,0.911,0.108,0.0706,123.012,4
spotify:track:1OTixnhGk8U4HleNJCNUg9,"Stutter","Stutter EP","Jansons;Notelle",2022-03-11,233333,0,false,t!cktack,2022-08-05T21:29:21Z,"tech house","Circus Recordings",0.779,0.878,1,-6.264,0,0.0556,0.000445,0.642,0.0527,0.363,126.029,4
spotify:track:1UzAKLIvXCWq3jODe72nh1,"TARAKA - Korolova & Two Are Remix","TARAKA (Korolova & Two Are Remix)","Gordo;Korolova;Two Are",2022-09-16,228387,35,false,t!cktack,2022-09-16T14:31:56Z,"techengue,afro house,latin house,melodic techno,melodic house,progressive house","Ultra Records, LLC",0.614,0.967,0,-4.876,0,0.0537,0.224,0.72,0.0968,0.113,124.007,4
spotify:track:6UkfA0IA3AGEUwDw3M38Qa,"U Say - Original Mix","U Say","Santiago Luna",2022-05-13,257724,3,false,t!cktack,2022-07-23T13:17:38Z,"melodic techno,progressive house,melodic house","Pillar",0.715,0.939,10,-7.073,0,0.043,0.00316,0.716,0.0799,0.0369,123.998,4
spotify:track:5qwYRQntG2EXrHWMqZ8JCP,"Ecstasy","Ecstasy","YU-1",2022-06-10,241935,2,false,t!cktack,2022-07-23T13:17:50Z,"melodic techno,progressive house,melodic house","Area Verde",0.663,0.948,1,-8.068,1,0.065,0.0178,0.782,0.449,0.0913,123.986,4
spotify:track:68zzv24XEscCT1WKhWy5pa,"Mars - Original Mix","Atreus","Bolotin;Mjunior",2022-05-27,256935,2,false,t!cktack,2022-07-23T13:18:04Z,"melodic techno,progressive house","Area Verde",0.758,0.682,10,-8.67,0,0.0613,0.00106,0.866,0.0906,0.158,124.005,4
spotify:track:3V0o9MEcoobI9V8FNJk9Xq,"Time to Heal - Original Mix","Time to Heal","Amir Telem",2022-05-20,221311,10,false,t!cktack,2022-07-23T13:18:22Z,"organic house,progressive house,melodic techno,melodic house","Almar",0.637,0.771,6,-9.124,0,0.0378,0.00342,0.904,0.115,0.105,122.012,4
spotify:track:5sqgrv1KRLPvtr8rPe9w0X,"Sideral - Original Mix","Sideral","Seleck",2022-01-07,257419,1,false,t!cktack,2022-07-23T13:18:36Z,"progressive house,melodic techno,melodic house","Area Verde",0.613,0.996,0,-6.888,0,0.045,0.0000332,0.716,0.0936,0.294,124.018,4
spotify:track:3mp06bErIVLOvP6TL8PfaG,"Era - Original Mix","Era","ONEN;Erika Krall;Lian Gold",2022-05-13,246885,3,false,t!cktack,2022-07-23T13:18:57Z,"melodic techno,progressive house,indie dance,melodic house,afro tech,minimal techno","Almar",0.648,0.791,2,-6.219,1,0.0437,0.0013,0.747,0.0835,0.105,122.004,4
spotify:track:5AWQBHJcE3Kq0pXVMZSI1c,"Mirador - Original Mix","Mirador","Rafael Cerato",2022-05-06,300480,4,false,t!cktack,2022-07-23T13:19:12Z,"melodic techno,indie dance,melodic house,progressive house,techno,minimal techno","SVET",0.7,0.931,9,-7.755,1,0.0719,0.0457,0.885,0.133,0.437,122.985,4
spotify:track:3o9ycp3k0n9WOeTLnqKWjP,"Symmetric Love - Alternative Mix","Symmetric Love","Da Fresh",2021-11-19,269268,1,false,t!cktack,2022-07-23T13:19:34Z,"chicago house,melodic techno,progressive house,french house","Area Verde",0.702,0.718,6,-8.935,0,0.0351,0.0464,0.821,0.17,0.106,122.986,4
spotify:track:7324i7BZD8M042M9JvmO8h,"One More Conversation - Original Mix","One More Conversation","Bondi",2022-05-20,319322,13,false,t!cktack,2022-07-23T13:19:46Z,"","SVET",0.804,0.806,5,-8.899,0,0.0544,0.00629,0.797,0.0771,0.639,118.006,4
spotify:track:2cVGCUx6xnmcdIz2Ns9OLw,"Safe - Joris Voorn Remix","Safe (Joris Voorn Remix)","Monkey Safari;Joris Voorn",2022-02-18,294009,56,false,t!cktack,2022-07-16T19:36:05Z,"melodic house,organic house,afro house,deep house,melodic techno","Spectrum (NL)",0.608,0.637,1,-9.265,1,0.0329,0.00178,0.575,0.178,0.191,126.023,4
spotify:track:6VztmbKdEMOv2AtFGqHtXe,"Blossom","Blossom","Stephan Jolk",2022-05-27,358346,30,false,t!cktack,2022-07-16T19:36:18Z,"melodic techno,melodic house,afro house,techno","UPPERGROUND",0.718,0.759,8,-6.898,0,0.0439,0.00136,0.875,0.0879,0.0398,124,4
spotify:track:4qv3j6MwDoeQNVb2GL6JRy,"Attention Seeker","Attention Seeker","Josh Gigante",2021-11-05,327880,0,false,t!cktack,2022-07-16T19:36:38Z,"melodic techno,melodic house,indie dance","Diynamic Music",0.705,0.732,0,-7.177,1,0.0454,0.000177,0.867,0.0701,0.0572,123.007,4
spotify:track:5bOQbX1U3NaDffTXKnyDqi,"Dna - Radio Edit","Dna","Space Motion;Narah",2022-06-03,272056,29,false,t!cktack,2022-07-16T19:36:57Z,"melodic techno,afro house,melodic house,afro tech,progressive house,tribal house","Saturate",0.79,0.853,10,-7.298,0,0.0507,0.0192,0.81,0.107,0.0665,124,4
spotify:track:7vwtS27mCNMx8JyFVQzNbO,"Sweet Disposition","Sweet Disposition","Gundamea;Korolova;Andy Ruddy",2022-08-26,209759,20,false,t!cktack,2022-09-16T14:42:54Z,"melodic techno,melodic house,progressive house","Kontor Records",0.364,0.758,7,-7.867,1,0.0378,0.0105,0.0000114,0.241,0.0418,125.038,4
spotify:track:1vfHeuRHQd5Rj1Anv4Y2VC,"Find the Line","Find the Line","Matchy",2022-06-17,226542,7,false,t!cktack,2022-07-16T19:37:19Z,"melodic techno,melodic house,progressive house,techno,minimal techno","Beyond Now",0.586,0.968,6,-3.949,0,0.05,0.018,0.236,0.056,0.0397,124.006,4
spotify:track:1amfDxySvja0PP6LjosvNB,"The Mirage","The Mirage EP","Agents Of Time",2022-02-18,371903,0,false,t!cktack,2022-07-16T19:37:33Z,"melodic techno,melodic house,techno","Afterlife",0.724,0.866,10,-7.028,0,0.0448,0.0658,0.923,0.103,0.525,126,4
spotify:track:6koq1DWY1e6JVFy7wQgYCo,"Leaving Earth","Leaving Earth","KAS:ST;Gordo;Ki Bae",2022-06-23,303431,2,false,t!cktack,2022-07-16T19:37:46Z,"melodic techno,techno,acid techno,melodic house,techengue,afro house,latin house","Cercle Records",0.573,0.891,4,-7.074,0,0.0452,0.00908,0.835,0.0601,0.038,129.976,4
spotify:track:3vnD8ASYfv81L18m8kE8tb,"Time After Time (feat. Diana Miro)","Time After Time EP","Dosem;Diana Miro",2022-06-08,253548,9,false,t!cktack,2022-07-16T19:37:59Z,"progressive house,melodic house,tech house,melodic techno,minimal techno,trance,progressive trance","Anjunadeep",0.61,0.91,5,-7.6,1,0.0516,0.0375,0.539,0.108,0.118,124.012,4
spotify:track:0NOc4yq31E6cMpxhdcAszB,"Take a Ride","Take a Ride","A2Z",2021-05-21,482177,4,false,t!cktack,2022-06-22T18:43:35Z,"melodic techno,progressive house,melodic house","Duenia",0.658,0.8,7,-8.314,1,0.0405,0.00544,0.831,0.0837,0.0346,124.02,4
spotify:track:2tMjppxL1R7HATqZ3dDDCL,"Me And You","Me And You / Gravity","Korolova",2022-05-27,376320,32,false,t!cktack,2022-06-22T18:43:49Z,"melodic techno,melodic house,progressive house","Franky Wah",0.742,0.829,6,-11.445,0,0.0453,0.0145,0.823,0.115,0.42,124.973,4
spotify:track:2bnO96CNM1AcmplbBje9sA,"Liquid Prayer","Liquid Prayers","A2Z",2022-02-18,456393,0,false,t!cktack,2022-06-22T18:44:03Z,"melodic techno,progressive house,melodic house","Mago Music",0.716,0.826,10,-7.783,0,0.0367,0.0137,0.903,0.104,0.182,121.987,4
spotify:track:51Xj2kth87gEj6dF2tqvkX,"Circle Of Life","Circle of Life","A2Z",2020-12-21,429762,7,false,t!cktack,2022-06-22T18:44:20Z,"melodic techno,progressive house,melodic house","Hover Mind",0.469,0.876,11,-7.294,1,0.0508,0.00388,0.636,0.16,0.144,121.998,4
spotify:track:4BwzDGFKjQ3N0lWjoC4HHR,"Gravity","Me And You / Gravity","Korolova",2022-05-27,373548,28,false,t!cktack,2022-06-22T18:44:37Z,"melodic techno,melodic house,progressive house","Franky Wah",0.779,0.797,1,-8.453,0,0.0419,0.0117,0.893,0.0639,0.0687,124.004,4
spotify:track:4xbgaKcwcttKud1BbbkiaA,"Ghost Lead","Ghost Lead","A2Z",2020-08-24,401162,5,false,t!cktack,2022-06-22T18:44:52Z,"melodic techno,progressive house,melodic house","RunAfter Records",0.479,0.836,8,-5.996,1,0.0639,0.000497,0.776,0.0847,0.314,122.005,4
spotify:track:7LW3YDs6loH0LLVXBWtTjU,"Under the Moonlight","Under the Moonlight","ASHER SWISSA;Korolova;Evelynka",2022-04-29,228196,34,false,t!cktack,2022-06-22T18:45:07Z,"melodic techno,melodic house,progressive house,organic house,indie dance","Black Hole Recordings",0.561,0.881,5,-7.086,1,0.0297,0.000466,0.701,0.168,0.21,122.028,4
spotify:track:4mIfoLqE8d0R13Olbz995G,"Face to Face","Ghost Lead","A2Z",2020-08-24,499125,9,false,t!cktack,2022-06-22T18:45:24Z,"melodic techno,progressive house,melodic house","RunAfter Records",0.497,0.895,7,-6.819,1,0.0704,0.00217,0.634,0.0985,0.121,118.699,4
spotify:track:6ZmWDB2YQlSbbMTd8rjcB0,"Kupala","Kupala","Doanro;Lonner;F.R.I.M",2022-05-06,471794,0,false,t!cktack,2022-06-18T00:48:28Z,"melodic house,melodic techno,indie dance","Diynamic Music",0.795,0.897,4,-5.499,0,0.0699,0.000192,0.553,0.0698,0.063,122,4
spotify:track:0esqnRo6slUc3hjqppnVAn,"About My Dreams","About My Dreams","Stephan Jolk",2022-05-06,320000,33,false,t!cktack,2022-06-18T00:48:43Z,"melodic techno,melodic house,afro house,techno","Rukus",0.594,0.826,4,-7.117,0,0.043,0.000161,0.872,0.0932,0.0632,126.007,4
spotify:track:6ullHFwuOfPLDQlD4kuQGR,"Dhruva","Sensitivity Spirals","Binaryh",2022-04-29,373826,8,false,t!cktack,2022-06-18T00:49:03Z,"melodic techno,melodic house,progressive house,techno,minimal techno","Hiato Music",0.803,0.672,10,-14.587,0,0.0557,0.0201,0.962,0.1,0.0316,123.002,4
spotify:track:0BQccmeybpZLxGaxPqikPV,"Everlasting Love","Everlasting Love","Octavio Gimenez",2022-06-17,383225,2,false,t!cktack,2022-06-18T00:49:36Z,"melodic techno,melodic house,progressive house","Ciccada",0.521,0.719,9,-9.674,0,0.0365,0.0897,0.826,0.108,0.476,123.97,4
spotify:track:0pyjqTGLsrg1r6m5YR4tuq,"Home - Mind Against Remix","Home (Mind Against Remix)","Adriatique;Marino Canal;Delhia De France;Mind Against",2022-05-06,437647,44,false,t!cktack,2022-06-18T00:49:51Z,"melodic techno,melodic house,afro house,techno,minimal techno","Siamese",0.651,0.744,7,-7.441,0,0.0314,0.0167,0.621,0.115,0.0372,119.995,4
spotify:track:4BwzDGFKjQ3N0lWjoC4HHR,"Gravity","Me And You / Gravity","Korolova",2022-05-27,373548,28,false,t!cktack,2022-06-18T00:50:09Z,"melodic techno,melodic house,progressive house","Franky Wah",0.779,0.797,1,-8.453,0,0.0419,0.0117,0.893,0.0639,0.0687,124.004,4
spotify:track:1eKSPMRzGdglxelX3kyrqc,"Under The Sun","Under The Sun","Franky Wah;AR/CO",2022-05-06,208374,47,false,t!cktack,2022-06-18T00:50:24Z,"melodic house,melodic techno,progressive house","Terracotta Records",0.633,0.916,7,-6.699,0,0.0357,0.0127,0.35,0.13,0.095,121.99,4
spotify:track:1CSpqWhM6rbOvA268uT9jh,"On My Knees - Cassian Remix","On My Knees (Cassian Remix)","RÜFÜS DU SOL;Cassian",2022-05-20,348350,39,false,t!cktack,2022-06-03T09:10:00Z,"melodic techno,melodic house","Rose Avenue/Reprise",0.587,0.827,1,-7.26,1,0.0401,0.000548,0.354,0.0728,0.551,122.003,4
spotify:track:07tV6Ro2csghCKKggJ0IFO,"Mind Escape","Philosophy of Time","Hollt",2022-06-10,275121,0,false,t!cktack,2022-06-10T10:37:22Z,"melodic techno,melodic house,progressive house","die Stube Records",0.575,0.935,10,-7.577,0,0.0399,0.0372,0.772,0.0888,0.194,121.994,4
spotify:track:1DOuZaf52j4O1zlyQpxSQx,"Consciousness","Consciousness","Anyma;Chris Avantgarde",2022-05-18,274551,1,false,t!cktack,2022-06-03T09:10:24Z,"melodic techno,melodic house,techno,stutter house","Afterlife",0.596,0.837,7,-5.983,0,0.0488,0.0775,0.806,0.297,0.0954,125.93,3
spotify:track:6ZmWDB2YQlSbbMTd8rjcB0,"Kupala","Kupala","Doanro;Lonner;F.R.I.M",2022-05-06,471794,0,false,t!cktack,2022-06-04T07:20:40Z,"melodic house,melodic techno,indie dance","Diynamic Music",0.795,0.897,4,-5.499,0,0.0699,0.000192,0.553,0.0698,0.063,122,4
spotify:track:44q90g5h6dBJAkWbKrCSuW,"Moving On","The Valley EP","YOTTO",2022-05-11,205317,0,false,t!cktack,2022-06-03T09:10:52Z,"melodic house,progressive house,melodic techno,deep house","Odd One Out",0.64,0.882,7,-9.035,1,0.0491,0.000112,0.506,0.149,0.327,124.997,4
spotify:track:43ZuXZl27TjX5Q4noop0tl,"Underwater - Massano Remix","Underwater (Massano Remix)","BOg;19:26;Diana Miro;Massano",2022-05-27,406451,19,false,t!cktack,2022-06-03T09:11:20Z,"melodic techno,melodic house,progressive house,trance,progressive trance,techno","ATLANT",0.614,0.528,0,-10.309,1,0.0437,0.0257,0.579,0.149,0.0567,123.986,4
spotify:track:1P7gXbnZAqtAfRmW0R4Ovw,"Endless","Endless","GNTN",2022-06-10,402188,11,false,t!cktack,2022-09-16T14:45:54Z,"melodic techno,melodic house,minimal techno","FACES",0.746,0.712,6,-9.819,1,0.0457,0.0241,0.914,0.096,0.203,127.993,4
spotify:track:7sSfRGqa418Tjk6ej1HqSH,"Love Brand New (Vintage Culture Remix)","Love Brand New (Vintage Culture Remix)","Bob Moses;Vintage Culture",2022-05-20,231582,36,false,t!cktack,2022-06-03T09:11:35Z,"brazilian bass,electronic,electro","Domino Recording Company/Astralwerks",0.494,0.917,11,-7.214,0,0.0566,0.000805,0.134,0.363,0.0903,120.981,4
spotify:track:67Ln9Ajx0ZsXb9Zh9oZ5BM,"Rhapsody","Rhapsody / Endgame","Maxim Lany",2022-06-03,272003,1,false,t!cktack,2022-06-04T07:22:41Z,"melodic techno,melodic house","Kontor Records",0.75,0.68,7,-9.474,1,0.0499,0.277,0.907,0.105,0.0931,126.029,4
spotify:track:1Y908LkyfyVZ25jVzsZ0Yd,"Kreatur der Nacht (feat. Isolation Berlin) - Maceo Plex Remix","Nobody Is Not Loved, Remixes, Pt. 1","Solomun;Maceo Plex;Isolation Berlin",2022-04-08,265511,0,false,t!cktack,2022-06-03T09:11:58Z,"melodic techno,minimal techno,techno,melodic house,deep house,tech house,german indie,german indie pop,neue deutsche welle","BMG Rights Management GmbH",0.642,0.619,11,-8.929,0,0.0433,0.00414,0.673,0.112,0.268,127.011,4
spotify:track:1UzAKLIvXCWq3jODe72nh1,"TARAKA - Korolova & Two Are Remix","TARAKA (Korolova & Two Are Remix)","Gordo;Korolova;Two Are",2022-09-16,228387,35,false,t!cktack,2022-09-16T14:32:42Z,"techengue,afro house,latin house,melodic techno,melodic house,progressive house","Ultra Records, LLC",0.614,0.967,0,-4.876,0,0.0537,0.224,0.72,0.0968,0.113,124.007,4
spotify:track:2BaC36FSodMCAFacTpgh75,"React","Reactivate","Cassian",2022-02-11,287257,0,false,t!cktack,2022-06-03T09:12:44Z,"melodic techno,melodic house","Rose Avenue Records",0.677,0.964,4,-6.555,0,0.0486,0.000654,0.873,0.0851,0.0346,121.987,4
spotify:track:7vwtS27mCNMx8JyFVQzNbO,"Sweet Disposition","Sweet Disposition","Gundamea;Korolova;Andy Ruddy",2022-08-26,209759,20,false,t!cktack,2022-08-26T16:49:54Z,"melodic techno,melodic house,progressive house","Kontor Records",0.364,0.758,7,-7.867,1,0.0378,0.0105,0.0000114,0.241,0.0418,125.038,4
spotify:track:74oc8wSuilCIueLaqNOi3B,"Drown - Massano Remix","In My System EP","Øostil;Juan Hansen;Massano",2022-04-15,440949,0,false,t!cktack,2022-06-03T09:13:58Z,"melodic techno,melodic house,techno","Afterlife",0.788,0.745,2,-8.358,1,0.0527,0.145,0.85,0.102,0.199,122.001,4
spotify:track:3w3FNdoX0K3XvfE9o3ENoj,"Symphony (feat. Yann Menge)","Symphony (feat. Yann Menge)","Alar;Korolova;Yann Menge",2021-05-21,263606,41,false,t!cktack,2022-06-04T07:24:26Z,"melodic techno,indie dance,melodic house,progressive house","AFTR:HRS",0.677,0.89,5,-6.28,0,0.032,0.0000814,0.777,0.19,0.273,122.011,4
spotify:track:39U2Ryd4imSGCEOou6hy4W,"Oxygen Levels Low","Oxygen Levels Low EP","Colyn",2022-04-29,446280,0,false,t!cktack,2022-06-04T07:25:08Z,"melodic techno,melodic house,techno,progressive house","Afterlife",0.803,0.811,7,-6.268,1,0.0467,0.0207,0.832,0.114,0.156,125.006,4
spotify:track:2tMjppxL1R7HATqZ3dDDCL,"Me And You","Me And You / Gravity","Korolova",2022-05-27,376320,32,false,t!cktack,2022-05-29T13:41:47Z,"melodic techno,melodic house,progressive house","Franky Wah",0.742,0.829,6,-11.445,0,0.0453,0.0145,0.823,0.115,0.42,124.973,4
spotify:track:3pXUAl4K4LdoYyHyQNPXEm,"Symbol - Short Edit","Cosmo","DAYKON",2022-04-29,274899,1,false,t!cktack,2022-05-21T12:28:10Z,"melodic techno,progressive house,melodic house","Polyptych Noir",0.721,0.591,0,-14.933,1,0.0348,0.0502,0.836,0.0925,0.077,123.982,4
spotify:track:2nVUEKKPv9DDilSZwCcMfu,"Canopée des Cîmes","Canopée des Cîmes","Jan Blomqvist",2022-05-05,296376,8,false,t!cktack,2022-05-21T12:28:23Z,"melodic house,melodic techno","Cercle Records",0.594,0.764,8,-10.72,1,0.0395,0.00174,0.657,0.167,0.0358,122.051,4
spotify:track:752j5VZ5CW7E3Pe2xfUYHl,"Time's Up","Liquid Prayers","A2Z",2022-02-18,464516,0,false,t!cktack,2022-06-10T10:41:25Z,"melodic techno,progressive house,melodic house","Mago Music",0.367,0.74,1,-7.485,1,0.0403,0.00488,0.558,0.0951,0.207,122.786,4
spotify:track:3lqPgamSY3ProIgtwn3rfO,"New Dawn","New Dawn","Sean & Dee",2022-04-22,261290,3,false,t!cktack,2022-05-21T12:28:54Z,"melodic techno,progressive house,melodic house","UV",0.561,0.952,1,-7.371,1,0.0445,0.000168,0.449,0.641,0.0357,124.008,4
spotify:track:1AlWqeDOU80bS0xVkHM3wO,"A Time To","A Time To","Giorgia Angiuli",2022-04-15,231980,16,false,t!cktack,2022-05-21T12:29:19Z,"melodic techno,melodic house,minimal techno,techno","Kontor Records",0.605,0.725,6,-14.009,1,0.0364,0.123,0.643,0.118,0.0365,121.01,4
spotify:track:7EUwF6nT1jvrrkHFiTG3T7,"Ready to Dream - Rauschhaus Remix","Ready to Dream (Rauschhaus Remix)","Memos;Rauschhaus",2022-04-22,486000,4,false,t!cktack,2022-05-21T12:29:34Z,"organic house,melodic techno,progressive house,downtempo,melodic house","Harabe Lab",0.788,0.75,6,-9.17,1,0.0848,0.000288,0.877,0.0792,0.191,121.999,4
spotify:track:4sINTZQxR0n7yEidMy3QQK,"Stranger To Your Love - Pretty Pink Remix","Stranger To Your Love (Pretty Pink Remix)","Ilan Bluestone;Ellen Smith;Pretty Pink",2022-03-07,183805,19,false,t!cktack,2022-05-21T12:29:49Z,"trance,progressive trance,progressive house,melodic techno,melodic house","Anjunabeats",0.455,0.642,1,-10.631,0,0.0372,0.0549,0.694,0.104,0.0633,123.936,4
spotify:track:6jrBiQawm4yBEdAQXJzcqO,"Odyssey","In My System EP","Massano",2022-04-15,397089,0,false,t!cktack,2022-05-21T12:30:05Z,"melodic techno,melodic house,techno","Afterlife",0.662,0.706,4,-9.549,1,0.0406,0.00461,0.859,0.108,0.0373,121.982,4
spotify:track:5jotgqiS2ueWyLiwb7Usdl,"Someone That I Used to Know - Radio Edit","Someone That I Used to Know (Radio Edit)","Pete K",2022-03-18,219335,12,false,t!cktack,2022-05-21T12:30:17Z,"progressive house,progressive trance,melodic house,stutter house","Deep State",0.563,0.929,11,-3.67,0,0.0377,0.0758,0.637,0.0782,0.499,126.996,4
spotify:track:47vdE1ipJy1PkQFtWR6D4G,"Altered State","Altered State","David Lindmer;Ela Ira",2022-04-22,276480,21,false,t!cktack,2022-05-21T12:30:29Z,"melodic techno,melodic house","Purified Records",0.697,0.855,10,-10.363,0,0.0437,0.221,0.584,0.111,0.0319,125,4
spotify:track:21xwg9txvCVCCtPhlP0Ivv,"Reflection","Reflection","Space Motion;OC & Verde;Artche",2022-04-11,447580,0,false,t!cktack,2022-05-08T19:42:50Z,"melodic techno,afro house,melodic house,afro tech,progressive house,tribal house,techno,tech house","Space Motion Records",0.702,0.595,7,-8.321,1,0.0463,0.00041,0.787,0.029,0.104,123.986,4
spotify:track:39U2Ryd4imSGCEOou6hy4W,"Oxygen Levels Low","Oxygen Levels Low EP","Colyn",2022-04-29,446280,0,false,t!cktack,2022-05-08T19:43:15Z,"melodic techno,melodic house,techno,progressive house","Afterlife",0.803,0.811,7,-6.268,1,0.0467,0.0207,0.832,0.114,0.156,125.006,4
spotify:track:0KhHEt7WMPFvdEdOsP7Jta,"In The Sun","Acid Afternoon","Giza Djs",2022-04-22,404732,0,false,t!cktack,2022-05-08T19:45:52Z,"indie dance,melodic house,melodic techno","Diynamic Music",0.715,0.792,0,-8.146,0,0.0411,0.00786,0.899,0.0811,0.236,125.012,4
spotify:track:0vlauZfceQ2eiuqwDMf1jb,"Rush - Miss Monique Remix","Rush (Miss Monique Remix)","Sied Van Riel;Miss Monique",2022-04-08,291840,35,false,t!cktack,2022-05-08T19:46:07Z,"trance,progressive trance,melodic techno,melodic house,progressive house,techno","Black Hole Recordings",0.689,0.904,0,-8.304,1,0.0462,0.00264,0.88,0.169,0.0939,124.975,4
spotify:track:4gJMsAYnnwNBsrhqjLWbWi,"Somebody To Love - Gorgon City Remix","Somebody To Love (Gorgon City Remix)","Ben Kim;Gorgon City",2022-01-21,282461,39,false,t!cktack,2022-05-08T19:46:31Z,"tech house,house","Realm Records",0.691,0.849,1,-8.735,0,0.0456,0.0453,0.49,0.106,0.0345,123.978,4
spotify:track:6PXLUDOUGRlvQU5ZX8sncU,"Melt","Land Of Heroes","Woo York",2022-04-01,397000,0,false,t!cktack,2022-05-08T19:46:46Z,"melodic techno,melodic house,techno,minimal techno","Afterlife",0.826,0.438,2,-12.866,1,0.112,0.0642,0.837,0.0968,0.184,125.998,4
spotify:track:74oc8wSuilCIueLaqNOi3B,"Drown - Massano Remix","In My System EP","Øostil;Juan Hansen;Massano",2022-04-15,440949,0,false,t!cktack,2022-05-08T19:47:09Z,"melodic techno,melodic house,techno","Afterlife",0.788,0.745,2,-8.358,1,0.0527,0.145,0.85,0.102,0.199,122.001,4
spotify:track:2bHGHbsFmjQdmdE7hZSKr6,"Freedom","Freedom","Stephan Jolk",2022-04-08,240000,38,false,t!cktack,2022-05-08T19:47:22Z,"melodic techno,melodic house,afro house,techno","Watergate Records",0.626,0.665,7,-10.134,0,0.0574,0.00775,0.756,0.0811,0.0327,125.009,4
spotify:track:3YEofHNLCwtG0Xg6e9AfC6,"Alchemy","Alchemy EP","Paige;Nihil Young;Lauren L'aimant",2022-04-14,278710,0,false,t!cktack,2022-05-08T19:47:37Z,"melodic house,melodic techno,progressive house,drum and bass","Odd One Out",0.612,0.925,1,-9.586,1,0.0367,0.00443,0.604,0.138,0.0397,123.999,4
spotify:track:3suWhbwZuOmuJiGzHbKu6h,"Path of the Sun","Activate EP","Curt Reynolds",2022-05-19,222720,0,false,t!cktack,2022-05-29T13:43:49Z,"organic house,melodic house,melodic techno","Immersed",0.493,0.879,7,-6.546,1,0.0299,0.203,0.952,0.391,0.0978,124.968,4
spotify:track:32uzMvtg0JKDKZzg6KhHoZ,"Angel 1","Angel 1","Innellea;Anyma",2022-03-18,346587,0,false,t!cktack,2022-04-23T00:49:21Z,"melodic techno,melodic house,techno,progressive house,stutter house","EVA 0",0.614,0.887,10,-6.724,0,0.0558,0.000917,0.88,0.0959,0.0395,121.986,4
spotify:track:7yDGJDmoV1svzL4pgsmQgR,"Cherry Garden - The Organism Remix","Cherry Garden","Serge Proshe;July Vitraniuk;The Organism",2022-04-08,434262,15,false,t!cktack,2022-04-23T00:49:41Z,"organic house,indie dance,melodic techno,melodic house","Organic Tunes",0.8,0.728,7,-10.226,1,0.0619,0.0114,0.823,0.0818,0.08,121.997,4
spotify:track:1Y908LkyfyVZ25jVzsZ0Yd,"Kreatur der Nacht (feat. Isolation Berlin) - Maceo Plex Remix","Nobody Is Not Loved, Remixes, Pt. 1","Solomun;Maceo Plex;Isolation Berlin",2022-04-08,265511,0,false,t!cktack,2022-04-23T00:50:11Z,"melodic techno,minimal techno,techno,melodic house,deep house,tech house,german indie,german indie pop,neue deutsche welle","BMG Rights Management GmbH",0.642,0.619,11,-8.929,0,0.0433,0.00414,0.673,0.112,0.268,127.011,4
spotify:track:7vwtS27mCNMx8JyFVQzNbO,"Sweet Disposition","Sweet Disposition","Gundamea;Korolova;Andy Ruddy",2022-08-26,209759,20,false,t!cktack,2022-08-26T16:51:02Z,"melodic techno,melodic house,progressive house","Kontor Records",0.364,0.758,7,-7.867,1,0.0378,0.0105,0.0000114,0.241,0.0418,125.038,4
spotify:track:2sUkEAXJBIvh9EvuuOOKuW,"Silenced","Dark Matter","CamelPhat;Jem Cooke",2022-02-25,232245,42,false,t!cktack,2022-04-23T00:50:25Z,"melodic techno,house,progressive house,melodic house,tech house","RCA Records Label",0.594,0.92,10,-6.399,0,0.0509,0.035,0.0358,0.22,0.0356,121.97,4
spotify:track:2euBWg0NcyhmKC51wfPDRY,"Confronted Reality","Distorted Youth EP","Innellea",2022-02-04,402711,0,false,t!cktack,2022-04-23T00:50:38Z,"melodic techno,melodic house,techno,progressive house","Afterlife",0.624,0.631,11,-8.045,0,0.0553,0.00392,0.755,0.107,0.22,121.99,4
spotify:track:1amfDxySvja0PP6LjosvNB,"The Mirage","The Mirage EP","Agents Of Time",2022-02-18,371903,0,false,t!cktack,2022-04-23T00:51:12Z,"melodic techno,melodic house,techno","Afterlife",0.724,0.866,10,-7.028,0,0.0448,0.0658,0.923,0.103,0.525,126,4
spotify:track:1ngJbqd6UWfkH1ze9sGoVK,"Jatayu","Jatayu","Colyn",2022-03-24,239668,3,false,t!cktack,2022-04-23T00:51:25Z,"melodic techno,melodic house,techno,progressive house","Cercle Records",0.706,0.804,2,-8.739,1,0.045,0.00118,0.865,0.131,0.225,124.006,4
spotify:track:41rjAEQbD85oUdFX9uPGqG,"Our Space - Edit","Our Space","ARTBAT;Dino Lenny",2022-03-04,309677,39,false,t!cktack,2022-04-23T00:51:39Z,"melodic techno,melodic house,techno,progressive house,indie dance","UPPERGROUND",0.701,0.589,7,-10.028,1,0.0666,0.0897,0.873,0.101,0.0326,124.011,4
spotify:track:3w3FNdoX0K3XvfE9o3ENoj,"Symphony (feat. Yann Menge)","Symphony (feat. Yann Menge)","Alar;Korolova;Yann Menge",2021-05-21,263606,41,false,t!cktack,2022-04-23T00:51:56Z,"melodic techno,indie dance,melodic house,progressive house","AFTR:HRS",0.677,0.89,5,-6.28,0,0.032,0.0000814,0.777,0.19,0.273,122.011,4
spotify:track:0ZRHMpb6ZidUtsHmjWtQCW,"Rover","Rover","Two Are",2022-07-22,216774,18,false,t!cktack,2022-09-16T14:51:04Z,"melodic techno,progressive house,melodic house","Kontor Records",0.643,0.954,7,-5.026,0,0.0395,0.00534,0.806,0.584,0.0538,124.015,4
spotify:track:1UzAKLIvXCWq3jODe72nh1,"TARAKA - Korolova & Two Are Remix","TARAKA (Korolova & Two Are Remix)","Gordo;Korolova;Two Are",2022-09-16,228387,35,false,t!cktack,2022-09-16T14:34:02Z,"techengue,afro house,latin house,melodic techno,melodic house,progressive house","Ultra Records, LLC",0.614,0.967,0,-4.876,0,0.0537,0.224,0.72,0.0968,0.113,124.007,4
spotify:track:6eCRmIS436mdOdcUJbglWo,"Twisted Voice","Twisted Voice","Space Motion",2022-01-07,402439,0,false,t!cktack,2022-04-23T00:52:32Z,"melodic techno,afro house,melodic house,afro tech,progressive house,tribal house","Space Motion Records",0.815,0.849,11,-8.145,0,0.114,0.000629,0.718,0.625,0.522,123.016,4
spotify:track:2ex7NzlDpZ7uIqVd6sQIX4,"The Feeling","The Feeling","Massano",2020-06-01,512000,0,false,t!cktack,2022-04-23T00:52:44Z,"melodic techno,melodic house,techno","Running Clouds",0.755,0.603,11,-12.081,0,0.0761,0.00207,0.906,0.0881,0.0592,123.998,4
spotify:track:6Tsu0E4Z7mGMKrpYVTePiu,"Age of Love (feat. Jules Buckley) - Edit","Age of Love (ARTBAT Rave Mix)","ARTBAT;Pete Tong;Jules Buckley",2022-01-07,239850,22,false,t!cktack,2022-04-23T00:53:05Z,"melodic techno,melodic house,techno,progressive house","Ministry of Sound Recordings",0.566,0.854,11,-10.297,0,0.0624,0.129,0.89,0.0641,0.0365,124.944,4
spotify:track:06nMFhxSht6JBeTA3PoS2n,"Freedom","Freedom","ODYSSAY",2022-05-20,253658,16,false,t!cktack,2022-06-10T10:47:27Z,"melodic techno,progressive house,melodic house","Magik Muzik",0.603,0.899,10,-7.761,1,0.0375,0.0975,0.518,0.109,0.0486,123.018,4
spotify:track:6eSSfDCp2fV9dmrfzyYg8w,"No Spoon","No Spoon","Hevi Levi;Moreso",2022-04-15,390975,4,false,t!cktack,2022-04-27T09:29:46Z,"melodic techno,progressive house","Joy Techno",0.78,0.74,0,-12.371,1,0.0596,0.00328,0.894,0.15,0.377,123.007,4
spotify:track:4k18mfL43jHQ3X11NujUFe,"Big Pony","Big Pony","The Organism",2022-05-06,445573,3,false,t!cktack,2022-06-10T10:48:24Z,"indie dance,melodic techno,melodic house","Organic Tunes",0.793,0.86,0,-7.748,1,0.0433,0.0525,0.869,0.0855,0.393,123.008,4
spotify:track:1k6weqUmhC7NLZRbQ7Mhni,"Feel What You Want - Korolova Remix","Feel What You Want (Korolova Remix)","Phonique;Rebecca;Korolova",2022-07-01,439146,0,false,t!cktack,2022-09-16T14:53:52Z,"brazilian bass,melodic techno,melodic house,progressive house","Zatar Music",0.758,0.758,4,-10.196,0,0.0606,0.000405,0.313,0.139,0.0935,122.983,4
spotify:track:5XokJ043iLPOlQBPytBdhP,"Siren - Original Mix","Mover","The Kode;Beat Inside",2020-06-19,253000,2,false,t!cktack,2022-04-27T09:31:22Z,"indie dance,melodic techno,progressive house,melodic house","Area Verde",0.743,0.843,11,-7.563,0,0.144,0.000264,0.871,0.0749,0.0337,123.008,4
spotify:track:5vHB8qThUnEUo8mWHEUhpZ,"Dorime","Dorime","Karina Ram",2022-04-01,354285,2,false,t!cktack,2022-06-10T10:49:03Z,"melodic techno,progressive house","Joy Techno",0.738,0.851,1,-11.725,0,0.0601,0.00159,0.869,0.0953,0.0645,125.992,4
spotify:track:3YSaxb2e34jTKrpTFX4YPJ,"Glucose","Glucose","Monastetiq;Zanjma",2022-03-25,352258,20,false,t!cktack,2022-06-10T10:49:15Z,"melodic techno,indie dance,melodic house,progressive house,organic house","Parquet Recordings",0.83,0.67,0,-7.105,1,0.0473,0.000466,0.877,0.0849,0.0567,123.988,4
spotify:track:3T7IRylHw5NraaJwXztVid,"Mission: Apollo - Radio Edit","Mission: Apollo","The Advocate",2021-08-20,194875,15,false,t!cktack,2022-06-10T10:49:28Z,"melodic techno,afro tech,afro house,melodic house","Skybar Records",0.677,0.9,0,-7.928,1,0.0336,0.0206,0.847,0.545,0.299,125,4
spotify:track:2JgA2RdmSbm4MIx3AOwlM5,"Eclipse","Eclipse","Miss Monique;Anima",2021-12-10,317419,0,false,t!cktack,2022-06-10T10:49:41Z,"melodic techno,melodic house,progressive house,techno","Siona Records",0.635,0.84,11,-8.941,0,0.0375,0.00126,0.659,0.081,0.0349,124.019,4
spotify:track:1bqLz6dF5MhBZkZO5QSf4N,"Just To Hear You Say","Just To Hear You Say","Tinlicker",2022-01-11,212009,19,false,t!cktack,2022-02-26T09:01:25Z,"melodic house,progressive house,melodic techno","Intercord",0.705,0.795,3,-5.783,0,0.0316,0.096,0.881,0.207,0.404,123.999,4
spotify:track:1tvsN2P4ILZ1HGMqMjaJIr,"Hollow - Colyn Remix","Hollow (Colyn Remix)","Armin van Buuren;AVIRA;Colyn;Be No Rain",2022-01-07,259672,0,false,t!cktack,2022-02-26T09:01:56Z,"trance,progressive trance,progressive house,electronica,edm,melodic techno,melodic house,techno","Kontor Records",0.689,0.898,7,-4.014,1,0.031,0.00125,0.527,0.373,0.407,121.997,4
spotify:track:37d9Q7VOQmdRaDcasgeXEX,"Disruption","Disruption","Maxim Lany",2020-06-03,240072,0,false,t!cktack,2022-02-26T09:02:18Z,"melodic techno,melodic house","Kontor Records",0.518,0.653,11,-8.285,0,0.0547,0.013,0.795,0.0718,0.0984,123.73,4
spotify:track:6dpeP8F41xsVO1vDcxftHr,"Hide U - Jerome Isma-Ae 2022 Remix","Hide U (Jerome Isma-Ae 2022 Remix)","Roger Shah;Sian Evans;Jerome Isma-Ae",2022-01-14,253548,20,false,t!cktack,2022-02-26T09:02:39Z,"trance,progressive trance,melodic techno,melodic house,progressive house","Kontor Records",0.628,0.839,0,-8.011,1,0.0481,0.0015,0.497,0.0644,0.156,124.002,4
spotify:track:4bLsNA65AI3flmrBOdLHmM,"Duna","Duna / Rakis","Taly Shum",2022-01-28,432923,2,false,t!cktack,2022-02-26T09:03:01Z,"indie dance,melodic techno,progressive house","Bassmatic Records",0.76,0.874,11,-6.379,0,0.0556,0.000827,0.899,0.302,0.32,121.993,4
spotify:track:0Mr5f70jNTGjKE4EHVgHzo,"Closer - AVIRA Remix","Closer (AVIRA Remix)","Andrew Rayel;Takis;AVIRA;Zagata",2022-01-21,218709,2,false,t!cktack,2022-02-26T09:03:17Z,"trance,progressive trance,tropical house,melodic techno,melodic house,rap québécois,pop québécoise,chanson québécoise","Kontor Records",0.643,0.842,7,-8.322,1,0.0362,0.0501,0.464,0.351,0.0372,124.005,4
spotify:track:5twGTwrfKmxSc21cTGNPNn,"Silence & Secrets - Adriatique Remix","Silence & Secrets (Adriatique Remix)","WhoMadeWho;Adriatique",2022-01-28,441898,29,false,t!cktack,2022-02-26T09:03:34Z,"melodic techno,melodic house,afro house,techno","Embassy One",0.755,0.891,7,-8.592,1,0.043,0.0399,0.6,0.0756,0.338,124.007,4
spotify:track:48HjtjfTnSYy0VzUXcjeNv,"Never Stop","Losing / Never Stop","Alexey Union;Anturage;Jon.K",2022-01-07,281951,2,false,t!cktack,2022-02-26T09:03:56Z,"indie dance,melodic techno,organic house,melodic house,progressive house","BeatFreak Recordings",0.708,0.63,11,-9.299,1,0.0397,0.00937,0.735,0.11,0.3,122.996,4
spotify:track:5FnjiqUVYcMcvpOlafPv8C,"Be Strong","Be Strong","Spada;Korolova",2022-02-04,192605,4,false,t!cktack,2022-02-26T09:04:10Z,"melodic house,melodic techno,progressive house","Kontor Records",0.599,0.905,8,-6.659,0,0.0339,0.0277,0.422,0.398,0.308,121.002,4
spotify:track:2L9a2YdgBlXm3v85GyiL4Q,"Doesn't Mean A Thing - Dirty South Remix","Habits (Remixes)","Maeta;Dirty South",2021-08-27,275000,8,true,t!cktack,2022-02-11T18:44:02Z,"indie r&b,progressive house,edm","Roc Nation Records LLC",0.606,0.751,7,-11.098,0,0.0317,0.00866,0.26,0.206,0.156,123.012,4
spotify:track:4Um0JIYl9Gsvflc1pd45MK,"Daydream","Daydream","AÏA",2021-09-10,182950,2,false,t!cktack,2022-02-11T18:44:52Z,"melodic techno,melodic house","Armada Electronic Elements",0.571,0.684,6,-9.379,0,0.032,0.0742,0.00194,0.222,0.035,121.998,4
spotify:track:21EMnhfPmznmRtXVAa7XVw,"Energy","Symbolism","Massano",2021-09-17,407355,19,false,t!cktack,2022-02-11T18:45:09Z,"melodic techno,melodic house,techno","Oddity Records",0.646,0.64,11,-9.635,0,0.0436,0.00927,0.909,0.111,0.116,124.004,4
spotify:track:7IVWGU5XaJ0MZHfRHmiIDT,"As The Rush Comes - Space Motion Remix","As The Rush Comes (Collected, Pt. 2)","Motorcycle;Space Motion",2021-12-03,222580,0,false,t!cktack,2022-02-11T18:46:03Z,"trance,melodic techno,afro house,melodic house,afro tech,progressive house,tribal house","Positiva",0.46,0.766,11,-7.816,0,0.0676,0.0142,0.364,0.384,0.0695,123.884,4
spotify:track:6ri2yTawF5SWpbrmX9fKet,"Hypnos - Soul Button Remix","Hypnos - Remixes","Morttagua;Soul Button",2021-09-10,425901,11,false,t!cktack,2022-02-11T18:46:21Z,"progressive house,melodic techno,melodic house","Timeless Moment",0.723,0.789,2,-9.347,0,0.0395,0.00863,0.87,0.119,0.0501,122.008,4
spotify:track:5nHc8CmiPllMzHbJhhx3KS,"Under Dark - Innellea Remix","Under Dark (Innellea Remix)","Monolink;Innellea",2021-10-22,405887,40,false,t!cktack,2022-02-11T18:47:15Z,"melodic techno,melodic house,techno,progressive house","Embassy One",0.772,0.733,11,-9.406,0,0.0573,0.3,0.453,0.106,0.457,120.005,4
spotify:track:0taXMIBTuLzQzFCCbh6ie1,"Feel the Same - Radio Edit","Feel the Same (Radio Edit)","Insimon;PY & Mastro Sally",2021-08-20,174193,5,false,t!cktack,2022-02-11T18:47:36Z,"","BLK Leaf Recordings",0.586,0.754,9,-10.622,1,0.038,0.042,0.0507,0.189,0.0383,123.998,4
spotify:track:55CfpYFGq2uYaxhV86hWky,"Circuitry - Pavel Khvaleev Remix","Circuitry","Pavel Khvaleev;PARAFRAME;Denton Thrift",2021-08-20,210398,14,false,t!cktack,2022-02-11T18:47:59Z,"melodic techno,progressive house,progressive trance,trance,melodic house","Black Hole Recordings",0.638,0.823,11,-9.593,0,0.0542,0.282,0.833,0.245,0.434,124.005,4
spotify:track:0fTyEzi3tnz8z6VwNs7Mpf,"Time (feat. Jules Buckley) - Edit","Pete Tong + Friends: Ibiza Classics - The B-Sides","Tale Of Us;Pete Tong;Jules Buckley",2022-02-04,234289,35,false,t!cktack,2022-02-11T18:48:26Z,"melodic techno,techno,melodic house,minimal techno","Ministry of Sound Recordings",0.535,0.815,7,-11.832,1,0.0398,0.00347,0.911,0.085,0.0379,125.992,4
spotify:track:3qVvO8WZQPpxmtb7URr2b2,"I'm Not Afraid - Binaryh Remix","I'm Not Afraid (Binaryh Remix)","Malov;Binaryh",2021-12-20,399360,9,false,t!cktack,2022-01-28T18:30:43Z,"melodic techno,melodic house,progressive house,techno,minimal techno","Androgyne Audio",0.795,0.544,10,-12.534,0,0.0691,0.0257,0.924,0.0682,0.0399,124.997,4
spotify:track:5AK5VtObaJtze8pvlPbv9V,"To See You - Rich Vom Dorf Remix","To See You (Rich Vom Dorf Remix)","Kuhisi;Rich Vom Dorf",2021-12-10,312619,15,false,t!cktack,2022-01-28T18:31:05Z,"deep house","Tächno",0.761,0.625,0,-8.867,1,0.0462,0.000375,0.846,0.0758,0.475,126.009,4
spotify:track:6KTszGfdIAsucOJBr1L211,"Lift Me Up - Mathame Remix","Lift Me Up (Mathame Remix)","Moby;Mathame",2022-01-07,421978,28,false,t!cktack,2022-01-28T18:31:19Z,"downtempo,trip hop,melodic techno,melodic house,techno","Deutsche Grammophon (DG)",0.698,0.692,11,-8.575,1,0.0389,0.00087,0.89,0.0974,0.0711,127.005,4
spotify:track:6eCRmIS436mdOdcUJbglWo,"Twisted Voice","Twisted Voice","Space Motion",2022-01-07,402439,0,false,t!cktack,2022-01-28T18:31:40Z,"melodic techno,afro house,melodic house,afro tech,progressive house,tribal house","Space Motion Records",0.815,0.849,11,-8.145,0,0.114,0.000629,0.718,0.625,0.522,123.016,4
spotify:track:65TSo3TJ115e2DNtMBeyCg,"Aquatic","Liberator","Mimram;DJ AroZe",2022-01-14,392690,2,false,t!cktack,2022-01-28T18:31:54Z,"melodic techno,melodic house,progressive house,indie dance","Timeless Moment",0.796,0.833,11,-10.123,1,0.0405,0.0437,0.85,0.109,0.141,123.003,4
spotify:track:7wfay8MJ6fkEWOsr8ZNcxn,"Sky Is the Limit - Mind Conspiracy Remix","Sky Is the Limit","Ziger;Mind Conspiracy",2021-12-24,382076,3,false,t!cktack,2022-01-28T18:32:24Z,"progressive house,melodic techno,melodic house,organic house","Eat My Hat Music",0.637,0.905,10,-8.644,0,0.0338,0.000604,0.729,0.0864,0.0384,124.998,3
spotify:track:4ulWwZD0wmyKgFpee2CTJW,"Find a Way - Tube & Berger and Nick Schwenderling Remix","Find a Way (Tube & Berger and Nick Schwenderling Remix)","Jordan Arts;Tube & Berger;Nick Schwenderling",2022-01-28,229030,9,false,t!cktack,2022-01-28T18:53:08Z,"melodic house,melodic techno,afro tech,afro house,deep house,acid techno","ZEHN Records",0.577,0.851,1,-7.522,1,0.0364,0.00151,0.726,0.117,0.0411,124.995,4
spotify:track:2gB7z91xXvfxbQTZgDLQEz,"Free You (feat. Stereo MC's) - Super Flu Remix","Free You (feat. Stereo MC's)","Moscoman;Kadosh;Stereo MC's;Super Flu",2021-12-17,442622,0,false,t!cktack,2022-01-28T19:58:07Z,"indie dance,melodic house,melodic techno,acid jazz,madchester,afro house,minimal techno","Disco Halal",0.788,0.846,1,-9.207,1,0.0411,0.000216,0.817,0.094,0.277,121.986,4
spotify:track:5VyVQuqtPkKZt1jaXKuQkR,"Queen of Ice - Nora En Pure Club Mix","Queen of Ice (Nora En Pure Remix)","Claptone;Dizzy;Nora En Pure",2022-01-07,255121,31,false,t!cktack,2022-06-10T10:55:57Z,"deep house,melodic house,progressive house,house","Different Recordings",0.714,0.891,6,-6.752,1,0.0381,0.0513,0.0837,0.152,0.0415,123,4
spotify:track:61nxXJfQzMdIfNmznqRnRw,"Fortuna","Odd Echoes, Vol. 5","Casper Cole",2021-12-17,312229,6,false,t!cktack,2022-01-28T19:58:48Z,"melodic house,melodic techno","Oddity Records",0.685,0.77,5,-8.97,0,0.0445,0.00678,0.882,0.0898,0.316,122.998,4
spotify:track:5qfeURk7x5xkBpYyOHCxxq,"Picture - Fabian Krooss Remix","Made of Wood Remixed","Oliver Koletzki;Niko Schwind;Judith Ahrends;Fabian Krooss",2021-12-03,506120,18,false,t!cktack,2022-01-14T20:02:46Z,"organic house,minimal techno,downtempo","Stil Vor Talent Records",0.543,0.806,9,-8.372,0,0.0481,0.035,0.832,0.0644,0.0509,121.999,4
spotify:track:0iP4oGGuZMSXdRPhxL8iQ4,"Sense of Wonder","Sense of Wonder","Paradoks",2021-11-26,241282,36,false,t!cktack,2022-01-14T20:02:59Z,"melodic techno,melodic house,progressive house","Purified Records",0.61,0.93,7,-6.689,1,0.0406,0.0000234,0.835,0.0953,0.0453,124.006,4
spotify:track:0iM0qeZYlvGvVFO5NzoBOB,"Running (feat. Meg Myers) - Edit","Running","Anyma;MEG MYERS",2021-12-08,190000,0,false,t!cktack,2022-01-14T20:03:14Z,"melodic techno,melodic house","Armada Music",0.584,0.799,11,-5.773,0,0.0465,0.0436,0.0827,0.387,0.0384,124.978,4
spotify:track:47FD8LKPnlaiziAWfXYue1,"Spitfire - Short Edit","Spitfire","Cary Crank;OBL",2021-12-03,243000,5,false,t!cktack,2022-01-14T20:03:36Z,"progressive house,melodic techno,melodic house,organic house","Parquet Recordings",0.578,0.915,5,-9.833,1,0.0475,0.0164,0.817,0.27,0.089,124.035,4
spotify:track:0hf2R5h56KZOM7TXCS8ygE,"Lights On Me - Savin Remix Radio Edit","Lights On Me (Savin Remix)","Svet;Savin",2021-12-02,207804,6,false,t!cktack,2022-01-14T20:04:03Z,"deep house,indie dance,melodic techno","Extra Sound Recordings",0.639,0.968,6,-7.089,0,0.0447,0.00102,0.314,0.261,0.0381,122.99,4
spotify:track:3nmndTL7UoCZaeTx8Y5QwX,"Tik Tak - Radio Edit","Tik Tak","Erika Krall;Lian Gold",2021-11-26,212950,19,false,t!cktack,2022-01-14T20:15:25Z,"melodic techno,indie dance,progressive house,melodic house,afro tech,minimal techno","HOLY",0.76,0.92,6,-7.74,1,0.04,0.000821,0.304,0.113,0.0365,121.983,4
spotify:track:6ri2yTawF5SWpbrmX9fKet,"Hypnos - Soul Button Remix","Hypnos - Remixes","Morttagua;Soul Button",2021-09-10,425901,11,false,t!cktack,2022-01-14T20:16:01Z,"progressive house,melodic techno,melodic house","Timeless Moment",0.723,0.789,2,-9.347,0,0.0395,0.00863,0.87,0.119,0.0501,122.008,4
spotify:track:7yolE0gH2wsSZOmdnJcNdA,"No Love","No Love","Reezer;Antdot;Michael Nicholas",2021-12-17,278709,0,false,t!cktack,2022-01-14T20:16:15Z,"brazilian bass,electronic,afro house,afro tech,organic house","Braslive Records",0.715,0.958,1,-7.235,1,0.047,0.00883,0.758,0.114,0.484,124,4
spotify:track:0mD4CVAwzKrZad0yYCADFe,"Nothing Matters - Sultan + Shepard Remix","Nothing Matters (Sultan + Shepard Remix)","Mark Knight;Skin;Sultan + Shepard",2021-10-22,232745,35,false,t!cktack,2022-01-14T20:20:04Z,"tech house,house,disco house,funky house,progressive house,melodic house","Zerothree",0.629,0.802,4,-6.911,0,0.0379,0.0294,0.00387,0.13,0.0786,121.996,4
spotify:track:127HoSpXqRooOWrh40Yqoh,"Cyberlove (Andrewboy Remix) - Short Edit","Cyberlove","Darksun;Andrewboy",2022-01-14,253542,4,false,t!cktack,2022-01-14T20:20:18Z,"melodic techno,progressive house,melodic house","Polyptych Noir",0.587,0.863,7,-9.206,1,0.0427,0.069,0.916,0.115,0.224,123.994,4
spotify:track:3w3FNdoX0K3XvfE9o3ENoj,"Symphony (feat. Yann Menge)","Symphony (feat. Yann Menge)","Alar;Korolova;Yann Menge",2021-05-21,263606,41,false,t!cktack,2021-12-31T17:06:46Z,"melodic techno,indie dance,melodic house,progressive house","AFTR:HRS",0.677,0.89,5,-6.28,0,0.032,0.0000814,0.777,0.19,0.273,122.011,4
spotify:track:37hEQdTGZ5qDjtTXWi7U1G,"Everybody’s Free (To Feel Good)","Everybody’s Free (To Feel Good)","Piero Pirupa",2021-04-16,172800,36,false,t!cktack,2021-12-31T17:10:35Z,"tech house","Spinnin' Deep",0.548,0.935,9,-4.71,0,0.0393,0.00228,0.04,0.472,0.51,130.106,4
spotify:track:1UzAKLIvXCWq3jODe72nh1,"TARAKA - Korolova & Two Are Remix","TARAKA (Korolova & Two Are Remix)","Gordo;Korolova;Two Are",2022-09-16,228387,35,false,t!cktack,2022-09-16T14:35:18Z,"techengue,afro house,latin house,melodic techno,melodic house,progressive house","Ultra Records, LLC",0.614,0.967,0,-4.876,0,0.0537,0.224,0.72,0.0968,0.113,124.007,4
spotify:track:4MdhJw0k22Qmfg5KPKbVXQ,"I Don't Wanna Leave - Innellea Remix","I Don't Wanna Leave (Innellea Remix)","RÜFÜS DU SOL;Innellea",2021-11-19,383292,36,false,t!cktack,2021-12-31T17:29:38Z,"melodic techno,melodic house,techno,progressive house","Rose Avenue/Reprise",0.414,0.626,7,-6.728,0,0.0347,0.0274,0.187,0.0908,0.0569,121.979,4
spotify:track:0OQF6YgMW5gOe8k4wfvLRJ,"Ready For More","Ready For More","Korolova;Two Are;Alar",2021-12-10,247991,46,false,t!cktack,2021-12-31T17:37:42Z,"melodic techno,melodic house,progressive house,indie dance","Armada Electronic Elements",0.681,0.948,6,-7.564,0,0.0407,0.00158,0.682,0.103,0.0262,122.984,4
spotify:track:2TyyNtsIxpQiigEqFZZ6a0,"Flame","Flame","ARTBAT",2021-09-24,461102,36,false,t!cktack,2021-12-31T17:39:12Z,"melodic techno,melodic house,techno,progressive house","Artbat",0.635,0.912,4,-6.881,0,0.0686,0.00443,0.801,0.299,0.0369,127.008,4
spotify:track:6I9RdlRSBF3NNcwZ9eNXaV,"Spektrum (feat. Ali Love)","Dark Matter","CamelPhat;Ali Love",2020-10-30,319103,49,false,t!cktack,2021-12-31T17:46:53Z,"melodic techno,house,progressive house,melodic house,tech house,afro house","RCA Records Label",0.535,0.707,1,-7.055,1,0.0489,0.398,0.335,0.174,0.0347,122.979,4
spotify:track:4pMcfHYvQvNPeXA9vzzPu7,"The Feeling - Original Mix","The Feeling","Massano",2020-06-15,512000,0,false,t!cktack,2021-12-31T17:54:10Z,"melodic techno,melodic house,techno","Running Clouds",0.755,0.604,11,-12.075,0,0.0757,0.00202,0.906,0.0881,0.0552,123.997,4
spotify:track:1TLMjTN1xLiirWK0PWcvxP,"Symphony (feat. Yann Menge) - Dub Mix","Symphony (feat. Yann Menge) [Dub Mix]","Alar;Korolova;Yann Menge",2021-05-28,263606,33,false,t!cktack,2021-12-31T18:03:42Z,"melodic techno,indie dance,melodic house,progressive house","AFTR:HRS",0.669,0.897,10,-6.358,1,0.033,0.0000799,0.798,0.149,0.329,122.006,4
spotify:track:5bRdtvv1s4G7iUCS2id1Rd,"Synthetism - Extended Mix","Unified Vol.15","Andrea Martini;Hrederik",2021-12-03,403278,3,false,t!cktack,2021-12-16T22:52:04Z,"melodic techno,melodic house","Zerothree",0.668,0.754,4,-8.623,0,0.04,0.0041,0.912,0.313,0.0174,121.996,4
spotify:track:71lnKUbHZ97IvA1lkHXuRt,"Sentinel - Jab Vix Remix","Sentinel","Ezy;Jab Vix",2021-12-25,439999,3,false,t!cktack,2022-06-10T10:59:10Z,"progressive house,progressive trance","Oz Land Music",0.626,0.662,4,-10.016,0,0.041,0.00108,0.884,0.0923,0.0388,120.015,4
spotify:track:6jJmzpQaOJmcay1UG4CYm0,"Need To Feel Loved - Cristoph Remix","Need To Feel Loved (Cristoph Remix)","Reflekt;Cristoph;delline bass",2021-10-01,466560,41,false,t!cktack,2021-12-16T22:15:17Z,"trance,melodic techno,progressive house,melodic house","Altra Moda Music",0.716,0.636,3,-10.251,0,0.0507,0.000898,0.891,0.0978,0.0648,124.994,4
spotify:track:7jyK00YbZcypSXOwfQQCYs,"5th Element","5th Element","Space Motion;Stylo",2021-11-29,382574,0,false,t!cktack,2021-12-16T22:20:01Z,"melodic techno,afro house,melodic house,afro tech,progressive house,tribal house","Space Motion Records",0.693,0.721,7,-10.745,1,0.0394,0.00237,0.869,0.0768,0.0266,121.989,4
spotify:track:2J5WmR0QxW8i8EarTCJ2uD,"Dissonant Shadows","Dissonant Shadows","Morttagua;Maty Owl",2021-12-10,428910,4,false,t!cktack,2021-12-16T22:23:35Z,"progressive house,melodic techno,melodic house,organic house","Timeless Moment",0.738,0.764,4,-12.271,0,0.0539,0.02,0.813,0.67,0.184,122.994,4
spotify:track:21GCZAuEUosa18f5zwot6c,"Tell It To My Heart (feat. Hozier) - Fideles Remix","Tell It To My Heart (Fideles Remix)","MEDUZA;Hozier;Fideles",2021-11-26,232131,27,false,t!cktack,2021-12-16T22:29:53Z,"melodic techno,melodic house,techno","Universal-Island Records Ltd.",0.816,0.484,11,-6.685,0,0.0318,0.0174,0.451,0.108,0.634,122.024,4
spotify:track:4TosyaG3txLQC5sJzs8Yl5,"Cafe Del Mar","Cafe Del Mar","Spada",2021-12-17,186666,8,false,t!cktack,2021-12-20T12:02:21Z,"melodic house,melodic techno","Solar Storm",0.55,0.99,5,-4.145,0,0.0696,0.0566,0.0515,0.327,0.0976,126.019,4
spotify:track:186WIu0ansJrV8puRQzfcy,"Otherside","Otherside","Reezer",2021-11-05,205161,0,false,t!cktack,2021-12-16T22:30:38Z,"brazilian bass,electronic","Braslive Records",0.582,0.922,1,-5.709,1,0.0374,0.0305,0.812,0.0902,0.365,123.996,4
spotify:track:4BibeVR6oBb0nAWi63nJmu,"Holding My Breath","Holding My Breath","BLR;Ali Bakgor",2021-12-10,179047,0,false,t!cktack,2021-12-16T22:30:54Z,"melodic techno,deep house","FRCST RCRDS",0.74,0.736,7,-9.545,1,0.0415,0.144,0.856,0.112,0.103,125.963,4
spotify:track:0D4rkPjbzxhHHv9WZuNpYN,"Distant Voices","Distant Voices","Che Jose",2021-12-03,189515,3,false,t!cktack,2021-12-16T22:31:17Z,"melodic techno,melodic house,progressive house","Enormous Chills",0.264,0.895,9,-7.541,0,0.0382,0.00113,0.764,0.395,0.034,123.012,4
spotify:track:3gSkq1erosXDKzy6fFfHns,"Y Deep I - Original Mix","I Don't Know Y","Y do I",2021-06-25,491520,7,false,t!cktack,2021-12-16T11:08:21Z,"melodic techno,melodic house,minimal techno","Area Verde",0.722,0.717,7,-6.676,1,0.0445,0.00386,0.845,0.11,0.0939,124.989,4
spotify:track:7LDxuyPPGO4hIDsKqwEsoS,"Vertigo - Original Mix","Vertigo","Jam Rumi",2021-07-16,253770,3,false,t!cktack,2021-12-14T16:03:59Z,"melodic techno,progressive house,melodic house","Area Verde",0.685,0.88,2,-4.82,1,0.0548,0.119,0.907,0.0645,0.215,121.989,4
spotify:track:2wLO8twWh3tDyqMc53l4eK,"Like a Fire - Original Mix","Like a Fire","Alar;Korolova;VS20",2021-07-30,332459,0,false,t!cktack,2021-12-14T16:04:17Z,"melodic techno,indie dance,melodic house,progressive house","Area Verde",0.711,0.814,4,-6.007,0,0.0485,0.0016,0.795,0.136,0.174,122.006,4
spotify:track:0lLGW35pExbvqMEAmRVRe7,"Space Time - Da Fresh Remix","Space Time","Two Are;High On Mars;Da Fresh",2021-08-13,452926,6,false,t!cktack,2021-12-14T16:04:42Z,"melodic techno,progressive house,melodic house,chicago house,french house","Area Verde",0.802,0.841,9,-10.513,1,0.0515,0.00127,0.903,0.13,0.0335,123.015,4
spotify:track:73eBtF8F6yAB4a4SG33T5Z,"Sadness - Original Mix","Sadness","Space Motion;Sassa",2021-06-18,420983,6,false,t!cktack,2021-12-14T16:05:15Z,"melodic techno,afro house,melodic house,afro tech,progressive house,tribal house","Area Verde",0.763,0.857,7,-8.992,1,0.063,0.0476,0.889,0.0953,0.104,122.005,4
spotify:track:5fUPkBZLc8toCgcrKp5b4Q,"Warsaw - Original Mix","Warsaw","Alexander Alar;Beat Inside",2021-11-26,299992,14,false,t!cktack,2021-12-14T16:05:35Z,"melodic techno,indie dance,melodic house,progressive house","Area Verde",0.699,0.964,5,-4.223,1,0.035,0.001,0.771,0.187,0.404,122.007,4
spotify:track:6m2MRI2iPV2ZsvRABagpXn,"Morning Lights - Original Mix","Insomniac","Da Fresh",2020-11-06,236129,4,false,t!cktack,2021-12-14T16:05:52Z,"chicago house,melodic techno,progressive house,french house","Area Verde",0.778,0.568,5,-9.437,0,0.0424,0.0486,0.863,0.109,0.136,123.015,4
spotify:track:6xmmuCSB1XaMjOXwPMIo72,"Coming Closer - Original Mix","Coming Closer","Redspace;Lluís Ribalta;Eleene",2021-10-29,216910,12,false,t!cktack,2021-12-14T16:06:08Z,"progressive house,organic house,indie dance,melodic techno,melodic house","Area Verde",0.759,0.91,2,-8.263,1,0.0442,0.00268,0.824,0.368,0.262,122,4
spotify:track:42KdDuwUxDvU1XMDgU69Rg,"Before You Go - Two Are Remix","Before You Go","Indifferent Guy;ODYSSAY;Two Are",2021-05-21,412682,20,false,t!cktack,2021-12-14T16:06:29Z,"melodic techno,progressive house,melodic house","Area Verde",0.762,0.751,10,-6.518,0,0.0454,0.00926,0.773,0.0923,0.26,122.979,3
spotify:track:7gKeAmWHiUXPWLPFKrjKuY,"Beyond Control - KAS:ST Remix","Beyond Control (KAS:ST Remix)","NTO;Monolink;KAS:ST",2021-11-12,435500,34,false,t!cktack,2021-12-06T11:09:52Z,"melodic techno,minimal techno,electro,techno,melodic house,acid techno","Chapau under exclusive licence to AllPoints",0.573,0.78,6,-9.779,1,0.0465,0.0168,0.553,0.27,0.183,124.996,3
spotify:track:3076IusoisUX5gaNsrxtNr,"In the Glow","In the Glow","OC & Verde;Artche",2021-11-18,337618,0,false,t!cktack,2021-12-03T18:21:14Z,"melodic techno,techno,melodic house,tech house,progressive house","Odd One Out",0.593,0.835,10,-7.555,0,0.0381,0.0146,0.0769,0.103,0.046,124.015,4
spotify:track:51FahuAlqvr3exz2Bwy7e3,"Nuwa","Nuwa","Aquadro",2021-11-05,414000,10,false,t!cktack,2021-12-03T18:21:29Z,"melodic techno,melodic house,progressive house","Astral Records",0.721,0.613,7,-12.424,1,0.0498,0.05,0.81,0.0753,0.0382,124.999,4
spotify:track:7CsdHQZlVcksVMwGlvulD0,"Music Is the Way","Music Is the Way","Spada;Klara Sestiniova",2021-11-05,385786,0,false,t!cktack,2021-12-03T18:21:42Z,"melodic house,melodic techno","Diynamic Music",0.694,0.62,6,-6.875,0,0.0385,0.00129,0.867,0.0993,0.402,119.996,4
spotify:track:4MdhJw0k22Qmfg5KPKbVXQ,"I Don't Wanna Leave - Innellea Remix","I Don't Wanna Leave (Innellea Remix)","RÜFÜS DU SOL;Innellea",2021-11-19,383292,36,false,t!cktack,2021-12-03T18:24:33Z,"melodic techno,melodic house,techno,progressive house","Rose Avenue/Reprise",0.414,0.626,7,-6.728,0,0.0347,0.0274,0.187,0.0908,0.0569,121.979,4
spotify:track:3YWZLncNE6ypQC079775ek,"Vacio","One EP","MRAK",2021-11-12,307046,0,false,t!cktack,2021-12-03T18:29:56Z,"melodic techno,melodic house,techno","Afterlife",0.653,0.805,2,-9.297,1,0.0357,0.00456,0.701,0.135,0.336,121.997,4
spotify:track:6novp0cmp5qTEaO6xr9i8L,"Wild Skies - Marsh Remix","Wild Skies (Marsh Remix)","Eli & Fur;Marsh",2021-11-05,237345,19,false,t!cktack,2021-12-03T18:34:06Z,"melodic house,deep house,melodic techno,progressive house,organic house,progressive trance","Anjunadeep",0.739,0.707,5,-8.379,0,0.0397,0.112,0.879,0.115,0.453,123.005,4
spotify:track:3TqgIcsQhCUkmkVjtbjZ20,"Prey - Original Mix","Prey","Clivton",2021-12-05,338360,4,false,t!cktack,2021-12-07T01:31:49Z,"melodic techno,organic house,progressive house,melodic house","Polyptych",0.706,0.913,6,-8.996,0,0.0433,0.00223,0.764,0.0763,0.0712,122.002,4
spotify:track:4ZkT5qhZY0mPkMrkOjcO9I,"Bring Me Back To You - Extended Mix","Bring Me Back To You","Franky Wah;iiola",2021-11-10,456337,12,false,t!cktack,2021-12-03T18:43:25Z,"melodic house,melodic techno,progressive house,drum and bass,liquid funk","Anjunadeep",0.652,0.843,1,-5.921,1,0.0347,0.266,0.86,0.0458,0.24,124.986,4
spotify:track:2G8lZJkPiS6NHBLFCNqjlj,"Aposch","Aposch","Goom Gum",2021-11-26,424660,20,false,t!cktack,2021-12-03T18:47:10Z,"melodic techno,melodic house,indie dance,techno","Avtook Records",0.787,0.946,0,-6.633,1,0.0811,0.0609,0.539,0.0557,0.258,119.991,4
spotify:track:325VVodN2bVcByGxLyybTK,"Callisto - Ben Böhmer Remix","Luna (The Remixes)","Stephan Bodzin;Marc Romboy;Ben Böhmer",2021-11-05,436399,35,false,t!cktack,2021-12-03T18:48:26Z,"melodic techno,minimal techno,techno,melodic house,progressive house,deep house","Systematic Recordings",0.672,0.716,5,-10.259,0,0.0419,0.00225,0.833,0.091,0.0735,125.007,4
spotify:track:4ctAPuTEycAxvSPrG1npKf,"Without You","Without You","Alar;Korolova;Krismi",2021-10-22,203703,38,false,t!cktack,2021-11-19T20:07:41Z,"melodic techno,indie dance,melodic house,progressive house","Magik Muzik",0.529,0.933,4,-6.605,0,0.0403,0.000781,0.634,0.101,0.216,121.988,4
spotify:track:1yBGkMuZCL5JfRfRAUWzj1,"Time Again","Time Again","Jan Blomqvist;Alar;Korolova",2021-04-16,501737,0,false,t!cktack,2021-11-19T20:07:55Z,"melodic house,melodic techno,indie dance,progressive house","Get Physical Music",0.629,0.865,2,-6.873,1,0.0413,0.00108,0.857,0.0613,0.242,122.989,4
spotify:track:6hmmotpfYqhoR45YrUf6i8,"Get Down - Alar & Korolova Remix","Get Down (Remixes)","Alegant;Tube & Berger;Alar;Korolova",2021-04-02,277073,25,false,t!cktack,2021-11-19T20:08:26Z,"melodic techno,melodic house,deep house,indie dance,progressive house","ZEHN Records",0.582,0.825,2,-7.919,1,0.0347,0.00269,0.426,0.245,0.0319,123.004,4
spotify:track:1WouecMZUNZl8fNrT4KcXw,"Only Road - Edit","The Only Road","Gabriel & Dresden;Sub Teal",2017-12-15,244001,6,false,t!cktack,2021-11-19T20:12:58Z,"trance,progressive trance","Anjunabeats",0.51,0.911,0,-8.599,1,0.0391,0.00497,0.715,0.0737,0.106,119.911,4
spotify:track:5syEp3BeXTxh4CIExEuY9L,"Resize - Alar & Korolova Remix","Bar25 - Zeitgeist, Vol. 8","Bondi;ROTH;Alar;Korolova",2021-04-30,474344,34,false,t!cktack,2021-11-19T20:08:58Z,"melodic techno,organic house,indie dance,melodic house,progressive house","Bar 25 Music",0.806,0.643,3,-8.614,0,0.0475,0.00467,0.749,0.0786,0.365,120.014,4
spotify:track:5nHc8CmiPllMzHbJhhx3KS,"Under Dark - Innellea Remix","Under Dark (Innellea Remix)","Monolink;Innellea",2021-10-22,405887,40,false,t!cktack,2021-11-11T18:22:27Z,"melodic techno,melodic house,techno,progressive house","Embassy One",0.772,0.733,11,-9.406,0,0.0573,0.3,0.453,0.106,0.457,120.005,4
spotify:track:4ctAPuTEycAxvSPrG1npKf,"Without You","Without You","Alar;Korolova;Krismi",2021-10-22,203703,38,false,t!cktack,2021-11-11T18:22:46Z,"melodic techno,indie dance,melodic house,progressive house","Magik Muzik",0.529,0.933,4,-6.605,0,0.0403,0.000781,0.634,0.101,0.216,121.988,4
spotify:track:402GdLbxlibtygiW2LIWuG,"Glue","Glue","Tim Mason",2021-10-08,239250,5,false,t!cktack,2021-11-11T18:23:10Z,"progressive house,progressive trance","Monomod",0.433,0.973,11,-6.819,0,0.0452,0.00015,0.932,0.283,0.0633,124.002,4
spotify:track:3C7QpMCuiosMnYWWQfWbNM,"Dangerous Power - Edu Imbernon Remix","Dangerous Power (Edu Imbernon Remix)","Gabriel & Dresden;Jan Burton;Edu Imbernon",2021-10-22,251612,0,false,t!cktack,2021-11-11T18:23:47Z,"trance,progressive trance,melodic techno,melodic house,tech house","Kontor Records",0.628,0.691,11,-8.924,1,0.0406,0.0079,0.0283,0.128,0.0845,123.967,4
spotify:track:3lWXYEQOaXwXPytcuv63MT,"Diamond Veins (feat. Sarah Rebecca) - VER:WEST Remix","Diamond Veins (feat. Sarah Rebecca) [VER:WEST Remix]","French 79;Tiësto;VER:WEST;Sarah Rebecca",2021-10-01,212581,38,false,t!cktack,2021-11-11T18:24:02Z,"french house,edm,trance,big room,house,melodic house","AFTR:HRS",0.625,0.845,8,-7.849,1,0.0565,0.00217,0.552,0.285,0.0398,122.043,4
spotify:track:7soWoh9zvl3fo5s1WIxFsb,"Night Walk","Night Walk","Monophase (IT)",2021-11-26,400121,0,false,t!cktack,2021-11-28T23:17:45Z,"melodic techno,melodic house,progressive house","MD Media",0.805,0.659,4,-8.66,0,0.0487,0.149,0.868,0.0631,0.0655,120.001,4
spotify:track:5PwMw7KstSyOlCgkmKRFzM,"As The Rush Comes - Cristoph Remix","As The Rush Comes (Cristoph Remix)","Motorcycle;Cristoph",2021-10-08,219993,0,false,t!cktack,2021-11-11T18:24:50Z,"trance,melodic techno,progressive house,melodic house","Positiva",0.575,0.961,7,-5.719,1,0.0431,0.00861,0.485,0.0772,0.142,125,4
spotify:track:4d2Gndzn9dnmUC8jIzI9d4,"Time - feat. Jules Buckley","Time (feat. Jules Buckley)","Tale Of Us;Pete Tong;Jules Buckley",2021-10-08,310986,52,false,t!cktack,2021-11-11T18:36:04Z,"melodic techno,techno,melodic house,minimal techno","Ministry of Sound Recordings",0.555,0.834,4,-11.908,0,0.0381,0.00198,0.88,0.0821,0.0404,126,4
spotify:track:70nUQ9n4i1jJiZLlo6OtR8,"Illusions","Illusions","Cristoph;Artche",2021-10-29,240544,39,false,t!cktack,2021-11-05T19:26:07Z,"melodic techno,progressive house,melodic house","Pryda Presents",0.59,0.95,0,-5.656,0,0.0393,0.00103,0.00523,0.124,0.113,123.009,4
spotify:track:4h92Z1GFBigNPN2JeHzWu7,"22 Police","22 Police","19:26;BOg",2021-10-22,336188,21,false,t!cktack,2021-11-05T19:26:32Z,"melodic techno,melodic house,progressive house","ATLANT",0.757,0.322,1,-9.436,1,0.055,0.00285,0.755,0.103,0.172,124.995,4
spotify:track:3DMScvrPcnikiAR0CY4FFt,"Grouplove","Grouplove","Anden;YOTTO",2021-10-28,193623,0,false,t!cktack,2021-11-05T19:26:46Z,"melodic house,melodic techno,progressive house,deep house","Odd One Out",0.626,0.793,5,-9.291,0,0.0325,0.0843,0.601,0.182,0.145,123.995,4
spotify:track:2HgjpejPIJ7NeEXZaIKUv6,"Serengeti - Dmitry Molosh Remix","Serengeti","Matan Caspi;Dmitry Molosh",2021-10-22,487868,8,false,t!cktack,2021-11-05T19:27:13Z,"progressive house,melodic techno,progressive trance,melodic house,organic house","Clubsonica Records",0.799,0.797,11,-9.844,1,0.0461,0.000788,0.85,0.0854,0.0566,121.999,4
spotify:track:0BnMxecl54XdtWG4FS5Jjg,"Hold Me Close - Vintage Culture Remix","Hold Me Close (Vintage Culture Remix)","Kasablanca;Vintage Culture",2021-10-22,227903,3,false,t!cktack,2021-11-05T19:27:57Z,"melodic techno,melodic house,progressive house,brazilian bass,electronic,electro","Kontor Records",0.611,0.78,0,-7.542,1,0.0459,0.000218,0.0629,0.042,0.291,124.015,4
spotify:track:6tyGJ7IYwU4UKrFncDOGgY,"Rush","Rush","Eelke Kleijn",2021-10-29,296489,7,false,t!cktack,2021-11-05T19:28:13Z,"melodic techno,melodic house,progressive house","Kontor Records",0.514,0.85,2,-8.529,0,0.0404,0.0134,0.825,0.0989,0.112,118.98,4
spotify:track:2hMe7LIKaqAFl2cgGvlLk8,"Venus - Original Mix","Venus","Indifferent Guy",2021-10-22,286451,8,false,t!cktack,2021-11-05T19:28:31Z,"melodic techno,progressive house,melodic house","Area Verde",0.619,0.922,5,-5.182,0,0.0492,0.012,0.797,0.456,0.0335,124.002,4
spotify:track:7DQcJJasN7dVW6Tdn2EVTK,"Cosmo","Aeternum","Philipp Straub;Ian Carpenter",2021-10-22,384516,5,false,t!cktack,2021-11-05T19:30:50Z,"melodic techno,melodic house,progressive house","Balance Music",0.426,0.551,4,-10.737,0,0.0499,0.0283,0.713,0.0861,0.0563,119.985,3
spotify:track:1XaXWEBOcDErI1DcS7fzg3,"Squid Game (Red Light Green Light) - Techno Edit","Squid Game (Red Light Green Light)","Danny Darko",2021-10-26,250696,14,false,t!cktack,2021-11-05T19:31:08Z,"","Oryx Music",0.679,0.873,4,-8.046,0,0.0427,0.000416,0.601,0.614,0.229,124.999,4
spotify:track:3fIta7BC0QYRcYyE8Lmt4t,"Hera","Hypnos","HI-LO;Oliver Heldens",2021-11-05,335586,0,false,t!cktack,2021-11-05T19:31:29Z,"techno,future house,house,acid techno","Drumcode",0.397,0.817,1,-7.177,1,0.0611,0.0355,0.808,0.201,0.106,129.903,4
spotify:track:5FnjiqUVYcMcvpOlafPv8C,"Be Strong","Be Strong","Spada;Korolova",2022-02-04,192605,4,false,t!cktack,2022-02-04T11:28:13Z,"melodic house,melodic techno,progressive house","Kontor Records",0.599,0.905,8,-6.659,0,0.0339,0.0277,0.422,0.398,0.308,121.002,4
spotify:track:4AHbsdacRagQT4GklwTtON,"Skywalk","Skywalk","Gorgon City",2021-09-09,303125,0,false,t!cktack,2021-10-19T19:23:27Z,"house","Cercle Records",0.672,0.712,9,-8.198,0,0.0594,0.000587,0.24,0.088,0.0389,124.015,4
spotify:track:1UzAKLIvXCWq3jODe72nh1,"TARAKA - Korolova & Two Are Remix","TARAKA (Korolova & Two Are Remix)","Gordo;Korolova;Two Are",2022-09-16,228387,35,false,t!cktack,2022-09-16T14:36:21Z,"techengue,afro house,latin house,melodic techno,melodic house,progressive house","Ultra Records, LLC",0.614,0.967,0,-4.876,0,0.0537,0.224,0.72,0.0968,0.113,124.007,4
spotify:track:4tNTFv8uj4SvFmjf0gKH1j,"Breathing You","Closer (You're Not Alone)","Maxim Lany",2021-08-27,474155,3,false,t!cktack,2021-10-19T19:24:51Z,"melodic techno,melodic house","Kontor Records",0.652,0.663,11,-11.079,1,0.0438,0.0242,0.848,0.0938,0.121,122.995,4
spotify:track:2bidvM5hM1LGiEDkgp0EUz,"Next to Me - Vintage Culture Remix","Next to Me (Remixes)","RÜFÜS DU SOL;Vintage Culture",2021-09-10,382439,52,false,t!cktack,2021-10-08T17:35:40Z,"brazilian bass,electronic,electro","Rose Avenue/Reprise",0.548,0.846,4,-7.534,0,0.0295,0.000324,0.0284,0.242,0.109,123.001,4
spotify:track:7A7Y1Q9V3UFMusXdSHkABW,"Tangible","Symbolism","Massano",2021-09-17,409744,21,false,t!cktack,2021-10-19T19:27:18Z,"melodic techno,melodic house,techno","Oddity Records",0.711,0.465,7,-14.344,0,0.0569,0.281,0.878,0.0986,0.139,126.022,4
spotify:track:7LW3YDs6loH0LLVXBWtTjU,"Under the Moonlight","Under the Moonlight","ASHER SWISSA;Korolova;Evelynka",2022-04-29,228196,34,false,t!cktack,2022-04-29T15:38:47Z,"melodic techno,melodic house,progressive house,organic house,indie dance","Black Hole Recordings",0.561,0.881,5,-7.086,1,0.0297,0.000466,0.701,0.168,0.21,122.028,4
spotify:track:6HDKnbJpahdlprPsi81McM,"Who's to Say What's Real - Mind Against, Colyn Remix","A Magic World (Remixes)","KAS:ST;Mind Against;Colyn",2021-09-10,455045,24,false,t!cktack,2021-10-19T19:29:48Z,"melodic techno,techno,acid techno,melodic house,minimal techno,progressive house","Afterlife",0.758,0.584,11,-11.259,0,0.0593,0.00914,0.853,0.0901,0.0352,122.994,4
spotify:track:1k6weqUmhC7NLZRbQ7Mhni,"Feel What You Want - Korolova Remix","Feel What You Want (Korolova Remix)","Phonique;Rebecca;Korolova",2022-07-01,439146,0,false,t!cktack,2022-07-05T12:43:14Z,"brazilian bass,melodic techno,melodic house,progressive house","Zatar Music",0.758,0.758,4,-10.196,0,0.0606,0.000405,0.313,0.139,0.0935,122.983,4
spotify:track:7sSTTQbR0C0pKSlJYHWg0L,"Orbital Love","Orbital Love","Hollt",2021-09-10,237390,44,false,t!cktack,2021-10-19T19:32:32Z,"melodic techno,melodic house,progressive house","Zerothree",0.651,0.603,11,-9.68,0,0.0384,0.0876,0.733,0.0566,0.0332,120.976,4
spotify:track:4ctAPuTEycAxvSPrG1npKf,"Without You","Without You","Alar;Korolova;Krismi",2021-10-22,203703,38,false,t!cktack,2021-10-22T18:59:43Z,"melodic techno,indie dance,melodic house,progressive house","Magik Muzik",0.529,0.933,4,-6.605,0,0.0403,0.000781,0.634,0.101,0.216,121.988,4
spotify:track:0OQF6YgMW5gOe8k4wfvLRJ,"Ready For More","Ready For More","Korolova;Two Are;Alar",2021-12-10,247991,46,false,t!cktack,2021-12-14T23:25:12Z,"melodic techno,melodic house,progressive house,indie dance","Armada Electronic Elements",0.681,0.948,6,-7.564,0,0.0407,0.00158,0.682,0.103,0.0262,122.984,4
spotify:track:3jAPlfftOtKBgrJ722luE3,"Pont de la Caille","Pont de la Caille","Hidden Empire",2021-09-02,313809,1,false,t!cktack,2021-09-24T17:07:25Z,"melodic techno,minimal techno,techno,melodic house","Cercle Records",0.678,0.901,7,-8.83,1,0.0438,0.00168,0.899,0.109,0.0338,123.98,4
spotify:track:1UzAKLIvXCWq3jODe72nh1,"TARAKA - Korolova & Two Are Remix","TARAKA (Korolova & Two Are Remix)","Gordo;Korolova;Two Are",2022-09-16,228387,35,false,t!cktack,2022-09-16T14:38:45Z,"techengue,afro house,latin house,melodic techno,melodic house,progressive house","Ultra Records, LLC",0.614,0.967,0,-4.876,0,0.0537,0.224,0.72,0.0968,0.113,124.007,4
spotify:track:2jKqOmlWT2H3VIUUT834BC,"Tired Of Myself","Tired Of Myself","Julien Fade",2021-08-19,147172,0,false,t!cktack,2021-09-24T17:13:09Z,"deep house","Red Ocean Records",0.647,0.801,1,-7.182,0,0.0495,0.000718,0.38,0.418,0.482,122.001,4
spotify:track:6zgTv4uyrLZ5nq36fV0dbn,"Ocean","Ocean","AVIRA;Kiko Franco;Nathan Nicholson",2021-09-24,256984,3,false,t!cktack,2021-09-24T17:16:18Z,"melodic techno,trance,progressive trance,melodic house,afro house,brazilian bass","Kontor Records",0.555,0.851,7,-8.504,1,0.0322,0.00443,0.00555,0.187,0.141,125.03,4
spotify:track:1TepyN2GXukyc6wo3kTFMO,"Domino (feat. Oxia)","Domino (feat. Oxia)","Alok;Vintage Culture;Oxia",2021-07-29,158000,44,false,t!cktack,2021-09-24T17:45:24Z,"brazilian bass,electronic,slap house,electro house,electro,techno,minimal techno","CONTROVERSIA",0.613,0.949,6,-7.949,1,0.0359,0.0592,0.812,0.115,0.0971,125.997,4
spotify:track:1gk6NQJFUjZZo2a5xuWXKR,"My Head Is a Jungle","My Head Is a Jungle","DEE:VISION;Padox;Laura Rogalli",2021-08-06,209488,36,false,t!cktack,2021-10-10T22:55:04Z,"brazilian bass,melodic techno,afro tech,afro house","Só Track Boa",0.556,0.857,2,-8.851,1,0.036,0.0355,0.707,0.242,0.0327,123.974,4
spotify:track:26Yk79sAcZyBZZGTvo1Woi,"Starboy","Starboy","Goom Gum",2021-08-13,428908,24,false,t!cktack,2021-09-24T17:45:40Z,"melodic techno,melodic house,indie dance,techno","Avtook Records",0.798,0.682,5,-10.714,1,0.0541,0.00421,0.922,0.076,0.0706,121.994,4
spotify:track:4ctAPuTEycAxvSPrG1npKf,"Without You","Without You","Alar;Korolova;Krismi",2021-10-22,203703,38,false,t!cktack,2021-10-22T19:44:03Z,"melodic techno,indie dance,melodic house,progressive house","Magik Muzik",0.529,0.933,4,-6.605,0,0.0403,0.000781,0.634,0.101,0.216,121.988,4
spotify:track:3T7IRylHw5NraaJwXztVid,"Mission: Apollo - Radio Edit","Mission: Apollo","The Advocate",2021-08-20,194875,15,false,t!cktack,2021-09-24T17:45:56Z,"melodic techno,afro tech,afro house,melodic house","Skybar Records",0.677,0.9,0,-7.928,1,0.0336,0.0206,0.847,0.545,0.299,125,4
spotify:track:6vuaoMRz138UAdftJkTApY,"Waiting (feat. Chiara Galiazzo)","Waiting (feat. Chiara Galiazzo)","Spada;Chiara Galiazzo",2021-08-20,190648,25,false,t!cktack,2021-09-24T17:54:59Z,"melodic house,melodic techno","AFTR:HRS",0.573,0.953,6,-5.44,0,0.0383,0.0347,0.522,0.584,0.315,122.007,4
spotify:track:6E1VvKBTi0FtLhE8b6GxbE,"Insomnia 2021 - Epic Edit","Insomnia 2021","Maceo Plex;Faithless",2021-06-11,288238,45,false,t!cktack,2021-09-11T00:12:07Z,"melodic techno,techno,minimal techno,tech house,trip hop","Ministry of Sound Recordings",0.643,0.968,4,-5.323,0,0.0589,0.029,0.0426,0.0994,0.23,126.028,4
spotify:track:1gk6NQJFUjZZo2a5xuWXKR,"My Head Is a Jungle","My Head Is a Jungle","DEE:VISION;Padox;Laura Rogalli",2021-08-06,209488,36,false,t!cktack,2021-09-11T00:12:41Z,"brazilian bass,melodic techno,afro tech,afro house","Só Track Boa",0.556,0.857,2,-8.851,1,0.036,0.0355,0.707,0.242,0.0327,123.974,4
spotify:track:3w3FNdoX0K3XvfE9o3ENoj,"Symphony (feat. Yann Menge)","Symphony (feat. Yann Menge)","Alar;Korolova;Yann Menge",2021-05-21,263606,41,false,t!cktack,2021-09-11T00:13:23Z,"melodic techno,indie dance,melodic house,progressive house","AFTR:HRS",0.677,0.89,5,-6.28,0,0.032,0.0000814,0.777,0.19,0.273,122.011,4
spotify:track:0OQF6YgMW5gOe8k4wfvLRJ,"Ready For More","Ready For More","Korolova;Two Are;Alar",2021-12-10,247991,46,false,t!cktack,2021-12-14T23:23:41Z,"melodic techno,melodic house,progressive house,indie dance","Armada Electronic Elements",0.681,0.948,6,-7.564,0,0.0407,0.00158,0.682,0.103,0.0262,122.984,4
spotify:track:3RMErdK4uyu6aXbobniGgi,"Feel Again - Alar & Korolova Remix","Feel Again","Spada;Britt Lari;Alar;Korolova",2021-09-24,210102,24,false,t!cktack,2021-09-24T08:38:14Z,"melodic house,melodic techno,tropical house,indie dance,progressive house","Zerothree",0.582,0.843,4,-11.478,0,0.0447,0.15,0.704,0.111,0.183,121.956,4
spotify:track:18weulVGrDukxgOaUlnQJO,"All I See","All I See","BetweenUs",2021-08-06,255483,35,false,t!cktack,2021-08-27T18:34:29Z,"progressive trance,trance,progressive house,melodic house","Songspire Records",0.551,0.716,5,-7.817,0,0.0398,0.157,0.00000215,0.084,0.0865,124.074,4
spotify:track:37hEQdTGZ5qDjtTXWi7U1G,"Everybody’s Free (To Feel Good)","Everybody’s Free (To Feel Good)","Piero Pirupa",2021-04-16,172800,36,false,t!cktack,2021-08-28T14:06:23Z,"tech house","Spinnin' Deep",0.548,0.935,9,-4.71,0,0.0393,0.00228,0.04,0.472,0.51,130.106,4
spotify:track:1k6weqUmhC7NLZRbQ7Mhni,"Feel What You Want - Korolova Remix","Feel What You Want (Korolova Remix)","Phonique;Rebecca;Korolova",2022-07-01,439146,0,false,t!cktack,2022-07-05T12:47:33Z,"brazilian bass,melodic techno,melodic house,progressive house","Zatar Music",0.758,0.758,4,-10.196,0,0.0606,0.000405,0.313,0.139,0.0935,122.983,4
spotify:track:2H66zNHEqwFckqVfxeFxIa,"Boavista - Innellea Remix","Boavista","Stephan Bodzin;Innellea",2021-08-20,408003,0,false,t!cktack,2021-08-27T18:35:48Z,"melodic techno,minimal techno,techno,melodic house,progressive house","Afterlife",0.689,0.773,0,-7.786,0,0.0512,0.0673,0.794,0.103,0.141,123.993,4
spotify:track:17im8kAAMSfPwEBECFuIau,"Clear","Hold / Clear","Kölsch",2021-08-20,243750,13,false,t!cktack,2021-08-27T18:36:55Z,"melodic techno,melodic house,techno","IPSO",0.646,0.841,11,-9.346,0,0.0354,0.242,0.929,0.212,0.679,127.978,4
spotify:track:4aoT4eYesZWIwifnIFRgcs,"Elements Of A New Life","Elements Of A New Life","VER:WEST;Tiësto",2021-07-16,205161,38,false,t!cktack,2021-08-24T12:49:29Z,"melodic house,edm,trance,big room,house","AFTR:HRS",0.602,0.592,2,-12.242,0,0.038,0.129,0.934,0.13,0.041,124.013,3
spotify:track:036RFiyf4YAT0gLelzxyfn,"Malfunction - Massano Remix","Malfunction","Deeparture;Massano",2021-07-30,451000,0,false,t!cktack,2021-08-24T12:50:02Z,"melodic house,progressive house,melodic techno,organic house,techno","Running Clouds",0.71,0.641,7,-12.472,0,0.0495,0.14,0.915,0.112,0.0356,123.997,4
spotify:track:37hEQdTGZ5qDjtTXWi7U1G,"Everybody’s Free (To Feel Good)","Everybody’s Free (To Feel Good)","Piero Pirupa",2021-04-16,172800,36,false,t!cktack,2021-08-28T14:19:05Z,"tech house","Spinnin' Deep",0.548,0.935,9,-4.71,0,0.0393,0.00228,0.04,0.472,0.51,130.106,4
spotify:track:5zstGbYLZtqURQGakwa3gZ,"Noso","Noso","Edu Imbernon;Nico Casal;Solomon Grey",2021-07-09,443189,0,false,t!cktack,2021-08-24T12:50:50Z,"melodic techno,melodic house,tech house,neoclassical","Fayer",0.678,0.651,5,-10.609,0,0.0481,0.15,0.852,0.0889,0.0607,123.002,4
spotify:track:3T7IRylHw5NraaJwXztVid,"Mission: Apollo - Radio Edit","Mission: Apollo","The Advocate",2021-08-20,194875,15,false,t!cktack,2021-08-24T12:52:16Z,"melodic techno,afro tech,afro house,melodic house","Skybar Records",0.677,0.9,0,-7.928,1,0.0336,0.0206,0.847,0.545,0.299,125,4
spotify:track:0iANTai9oZfdFzmrGnMQ3Y,"Dreamers","Dreamers","Space Motion;Stylo",2021-07-16,403902,0,false,t!cktack,2021-08-24T12:53:22Z,"melodic techno,afro house,melodic house,afro tech,progressive house,tribal house","Space Motion Records",0.805,0.886,6,-8.129,0,0.0685,0.000313,0.877,0.0673,0.272,122.995,4
spotify:track:6zOmQKCITH6rUFHmaiGUV1,"Sonder","Claire","Anyma",2021-07-16,331552,0,false,t!cktack,2021-08-24T12:54:00Z,"melodic techno,melodic house,techno,stutter house","Rose Avenue Records",0.657,0.552,7,-11.664,0,0.0399,0.87,0.905,0.0828,0.191,122.007,4
spotify:track:1PcbW7mr2PnP0UBVVIO0Qz,"Alexander - Radio Edit","Hybrid Techno (Radio Edit)","Sevenn",2021-07-23,243870,22,false,t!cktack,2021-08-24T12:54:42Z,"brazilian bass","Sevenn",0.75,0.815,2,-10.84,1,0.0568,0.0573,0.846,0.104,0.051,123.965,4
spotify:track:40tPP3K10yMZxwnT65REKj,"Inner Light","Inner Light","Elderbrook;Bob Moses",2021-07-30,257984,68,false,t!cktack,2021-08-13T19:03:13Z,"","Parlophone UK",0.651,0.709,4,-7.842,1,0.037,0.00461,0.00744,0.0771,0.126,121.02,4
spotify:track:3RMErdK4uyu6aXbobniGgi,"Feel Again - Alar & Korolova Remix","Feel Again","Spada;Britt Lari;Alar;Korolova",2021-09-24,210102,24,false,t!cktack,2021-09-24T08:40:46Z,"melodic house,melodic techno,tropical house,indie dance,progressive house","Zerothree",0.582,0.843,4,-11.478,0,0.0447,0.15,0.704,0.111,0.183,121.956,4
spotify:track:7hGybn01HERzyv62cAwdkX,"Orphic","Orphic EP","LUMME;Miguel Lautaro",2021-08-27,418374,3,false,t!cktack,2021-09-19T07:46:53Z,"melodic techno,melodic house,progressive house,dub techno","Somatic Records",0.639,0.643,6,-8.778,0,0.0415,0.00183,0.686,0.106,0.146,124,4
spotify:track:3I17ybrvHC6Cp2hZ6agM3N,"Burning - Original mix","Burning","ASHER SWISSA;Imar",2021-07-23,402338,18,false,t!cktack,2021-08-13T19:03:17Z,"melodic techno,melodic house,progressive house","IbogaTech",0.595,0.801,7,-9.221,1,0.0381,0.00106,0.621,0.0913,0.131,123.993,4
spotify:track:496cbjL6L8hREbKLyUBUJ7,"Alive - Solomun Remix Edit","Alive (Remixes)","RÜFÜS DU SOL;Solomun",2021-07-29,269508,27,false,t!cktack,2021-08-13T19:03:21Z,"melodic techno,minimal techno,techno,melodic house,deep house","Rose Avenue/Reprise",0.709,0.738,10,-6.785,0,0.0337,0.0107,0.671,0.0802,0.155,122.003,4
spotify:track:4kJ0lahRb80L1Cahbpq7p9,"Karma","Union 3","Toni Adler",2021-07-30,429677,1,false,t!cktack,2021-08-13T19:03:26Z,"melodic techno","XTR records",0.714,0.905,10,-12.011,0,0.0377,0.0681,0.788,0.0982,0.0793,123.999,4
spotify:track:7nsNml2CxXXwcKltcNJJH5,"Should Have Seen It Coming - Yotto Remix","Should Have Seen It Coming (Yotto Remix)","Franky Wah;AETHO;YOTTO",2021-07-26,281327,25,false,t!cktack,2021-08-13T19:03:32Z,"melodic house,melodic techno,progressive house,deep house","Anjunadeep",0.646,0.674,3,-7.682,0,0.028,0.00216,0.584,0.0767,0.143,123.012,4
spotify:track:1cGG5URksWfux6zkogVQcX,"Chaos","혼돈 과 질서","Township Rebellion",2021-07-30,528959,40,false,t!cktack,2021-08-13T19:03:36Z,"melodic techno,minimal techno,techno,melodic house","Stil Vor Talent Records",0.71,0.741,6,-7.544,0,0.0442,0.00109,0.891,0.092,0.171,123.997,4
spotify:track:2V1BrpHiHIJTtzBBvjWSTH,"Nothing to Hide","Nothing to Hide","Cosmic Gate;Diana Miro",2021-08-06,214634,33,false,t!cktack,2021-08-13T19:03:40Z,"trance,progressive trance,melodic techno,melodic house,progressive house","Wake Your Mind Records",0.557,0.723,9,-5.638,0,0.0501,0.00557,0.00133,0.151,0.158,122.998,4
spotify:track:6jB3sOWtHMm90GWtG8k0II,"Amentia","Amentia","High Minds",2021-08-03,508800,5,false,t!cktack,2021-08-13T19:03:44Z,"melodic techno,melodic house,progressive house,minimal techno","Ambivert (Media Records Evo)",0.728,0.839,11,-11.902,1,0.0635,0.0723,0.893,0.0564,0.152,124.989,3
spotify:track:02vYPcPWxWKqkfVuAL7rzA,"Air For Life - Dosem Remix","Air For Life / Home (The Deep Mixes)","Above & Beyond;Andy Moor;Dosem",2021-06-24,286451,0,false,t!cktack,2021-07-30T19:12:42Z,"trance,progressive trance,progressive house,melodic house,tech house,melodic techno,minimal techno","Anjunabeats",0.589,0.855,8,-6.87,0,0.0394,0.00407,0.425,0.303,0.346,124.007,4
spotify:track:6Udrwc08dKaaSsRADq0vQw,"Morumbi - Goom Gum Remix","Morumbi (Remixes 2021)","Tocadisco;Goom Gum",2021-07-02,430915,13,false,t!cktack,2021-07-30T19:13:25Z,"melodic techno,melodic house,indie dance,techno","TOCA45 Recordings",0.793,0.73,2,-5.602,1,0.0533,0.0368,0.925,0.08,0.163,123.007,4
spotify:track:2wLO8twWh3tDyqMc53l4eK,"Like a Fire - Original Mix","Like a Fire","Alar;Korolova;VS20",2021-07-30,332459,0,false,t!cktack,2021-07-30T19:13:39Z,"melodic techno,indie dance,melodic house,progressive house","Area Verde",0.711,0.814,4,-6.007,0,0.0485,0.0016,0.795,0.136,0.174,122.006,4
spotify:track:6nfDjTttuy2Z0RdQ4IgTwa,"Anomia","Anomia","Hollt;Lake Avalon",2021-07-02,273442,0,false,t!cktack,2021-07-30T19:14:02Z,"melodic techno,melodic house,progressive house","die Stube Records",0.654,0.655,7,-9.764,1,0.0436,0.201,0.861,0.0956,0.0388,123.979,4
spotify:track:03imcbftVB2n5UifON3zz8,"Out of Time","Falling Out","Deniz Kabu",2021-07-23,337153,4,false,t!cktack,2021-07-30T19:14:23Z,"g-house,melodic techno,melodic house","ZEHN Records",0.796,0.83,10,-9.362,0,0.0465,0.0203,0.691,0.114,0.0356,124.991,3
spotify:track:23UMRC7yo4pJXw895YfQxZ,"Illusion","V","Grigoré",2021-07-09,284153,2,false,t!cktack,2021-07-30T19:15:13Z,"melodic techno,melodic house,afro house","This Never Happened",0.652,0.748,1,-9.155,1,0.0551,0.021,0.306,0.111,0.0359,123.99,4
spotify:track:5TvEN16rGvvXUGrdg4BxUC,"Innadadance (feat. Suli Breaks & Jazzie B) [Meduza Remix] - Edit","Innadadance (feat. Suli Breaks & Jazzie B) [Meduza Remix] [Edit]","Faithless;Suli Breaks;Jazzie B.;MEDUZA",2021-07-09,191612,0,false,t!cktack,2021-07-30T19:16:21Z,"trip hop,spoken word","BMG Rights Management (UK) Ltd",0.623,0.758,7,-6.791,0,0.0434,0.124,0.195,0.219,0.196,124.024,4
spotify:track:0SpmnfJbmk48rJ1eKuhKhR,"Lost Souls - AVIRA Remix","A State Of Trance 2020 (Mixed by Armin van Buuren)","Assaf;Nathan Nicholson;AVIRA",2020-04-24,212979,9,false,t!cktack,2021-07-30T19:16:44Z,"trance,progressive trance,melodic techno,melodic house","Armada Music Albums",0.756,0.509,10,-10.109,0,0.0559,0.00525,0.839,0.0894,0.193,123.003,4
spotify:track:3hfbQpoDrasIKxA3TqN3AO,"Lost In These Games","Lost In These Games EP","Evelynka;Sasho Derama",2021-06-21,423423,0,false,t!cktack,2021-07-30T19:17:16Z,"melodic techno,organic house,melodic house,indie dance,progressive house","Truesounds Music",0.762,0.633,9,-9.049,0,0.0335,0.00279,0.88,0.1,0.151,123,4
spotify:track:7MaeDTjnd8zh4Dx0XpZmUQ,"Run Away - Extended Mix","Run Away","Ben Böhmer;Tinlicker;Felix Raphael",2021-01-20,353750,30,false,t!cktack,2021-07-16T19:11:12Z,"melodic house,melodic techno,progressive house,deep house,organic house","Anjunadeep",0.58,0.788,5,-8.61,1,0.0498,0.0622,0.567,0.441,0.0757,121.971,4
spotify:track:6kZOfRM1yZUyLGATRhPTuf,"Cenote","Cenote","Sainte Vie",2021-07-01,298335,2,false,t!cktack,2021-07-16T19:11:17Z,"melodic techno,melodic house","Cercle Records",0.563,0.902,8,-10.781,0,0.0408,0.00858,0.878,0.0756,0.0403,121.99,4
spotify:track:3n7vdiY0B6r0CJlmRAzRk5,"Masana - Sean & Dee Remix","Masana | Embrace","Juan Sapia;Hasith;Sean & Dee",2021-06-18,472258,7,false,t!cktack,2021-07-16T19:11:21Z,"progressive house,organic house,melodic techno,melodic house","Clubsonica Records",0.66,0.847,6,-9.654,1,0.0448,0.000898,0.814,0.0746,0.115,123.995,4
spotify:track:4U8L0RdkgajQgA6zw4zh5F,"Right for Now","Right for Now","Flaor",2021-07-01,374634,10,false,t!cktack,2021-07-16T19:11:25Z,"melodic techno,progressive trance","Blazer Records",0.731,0.563,10,-10.022,0,0.0803,0.00397,0.677,0.111,0.0568,123.016,4
spotify:track:7eLFbEviNFKMmiRFLXuN7B,"Omnia","Sentient EP","Anyma",2021-06-04,286124,0,false,t!cktack,2021-07-16T19:11:29Z,"melodic techno,melodic house,techno,stutter house","Afterlife",0.664,0.735,10,-10.11,0,0.0421,0.00715,0.881,0.115,0.413,125.984,4
spotify:track:4CPGczPfLQG23uFfiXNNRk,"Skank - Ikarius Remix","Blow","Kinky Sound;Ikarius",2021-06-07,448000,0,false,t!cktack,2021-07-16T19:11:33Z,"indie dance,melodic techno,melodic house,progressive house","Ritual",0.67,0.917,10,-8.645,0,0.0558,0.000753,0.793,0.111,0.12,119.999,4
spotify:track:0Oiw0LC4SfozrFqXru33G7,"Antidote","Antidote","Padé;Herc Deeman;ROXANA",2021-06-18,236160,7,false,t!cktack,2021-07-16T19:11:36Z,"afro house","CONTROVERSIA",0.657,0.699,0,-5.13,0,0.0333,0.02,0.704,0.135,0.0915,124.995,4
spotify:track:0wtdLSrxqb072Km7CBj3os,"Close My Eyes - Hollt Remix","Close My Eyes","DJ AroZe;Mimram;Hollt",2021-08-13,452250,4,false,t!cktack,2021-08-13T20:23:55Z,"melodic techno,melodic house,indie dance,progressive house","Somatic Records",0.73,0.605,2,-10.527,1,0.0403,0.000894,0.617,0.111,0.0557,119.997,4
spotify:track:58zfB51RI6CCJBiwfmPNDj,"Empty Dream - Original Mix","Summer Sampler","High On Mars;Noidor;isienna",2021-07-23,429268,3,false,t!cktack,2021-08-13T20:26:03Z,"melodic techno,progressive house,melodic house,indie dance","Area Verde",0.6,0.955,2,-6.171,1,0.0344,0.000108,0.607,0.185,0.0324,122.978,4
spotify:track:1RjO1YWTruq7BxydeZhXow,"Warning Signs - CamelPhat Remix","Warning Signs (CamelPhat Remix)","Alan Fitzpatrick;Lawrence Hart;CamelPhat",2021-07-02,194149,18,false,t!cktack,2021-11-13T23:43:25Z,"techno,tech house,melodic techno,house,progressive house,melodic house","Anjunadeep",0.598,0.859,5,-6.692,0,0.0271,0.00194,0.932,0.138,0.688,128.01,4
spotify:track:2elbxmP0xn2YtPVj7qNGF3,"Trudow - Extended Mix","Songs You Might Remember from Some Parties","YOTTO",2021-07-01,417314,0,false,t!cktack,2021-07-16T19:11:44Z,"melodic house,progressive house,melodic techno,deep house","Odd One Out",0.761,0.729,8,-11.315,0,0.0642,0.0000845,0.885,0.0833,0.203,125.009,4
spotify:track:1TLMjTN1xLiirWK0PWcvxP,"Symphony (feat. Yann Menge) - Dub Mix","Symphony (feat. Yann Menge) [Dub Mix]","Alar;Korolova;Yann Menge",2021-05-28,263606,33,false,t!cktack,2021-07-03T10:58:58Z,"melodic techno,indie dance,melodic house,progressive house","AFTR:HRS",0.669,0.897,10,-6.358,1,0.033,0.0000799,0.798,0.149,0.329,122.006,4
spotify:track:1wWn0BeuZJ19LGcHuy6AaT,"Labyrinth","Stil vor Talent Berlin: Alexanderplatz","Moonwalk",2017-08-25,390606,23,false,t!cktack,2021-07-03T11:00:06Z,"melodic techno,melodic house,minimal techno,techno,progressive house","Stil Vor Talent Records",0.804,0.793,8,-8.13,1,0.0567,0.000201,0.898,0.106,0.264,124.01,4
spotify:track:7L4aoWak8tf0wRTgg2WxSv,"Zodiac","Zodiac","Alexey Union;Cherry (UA)",2020-12-14,393452,0,false,t!cktack,2021-07-03T11:00:40Z,"indie dance,melodic techno,organic house,melodic house,progressive house","Ritual",0.72,0.958,10,-3.839,1,0.0441,0.000224,0.735,0.334,0.538,122.008,4
spotify:track:4pMcfHYvQvNPeXA9vzzPu7,"The Feeling - Original Mix","The Feeling","Massano",2020-06-15,512000,0,false,t!cktack,2021-07-03T11:01:15Z,"melodic techno,melodic house,techno","Running Clouds",0.755,0.604,11,-12.075,0,0.0757,0.00202,0.906,0.0881,0.0552,123.997,4
spotify:track:42IWEqoqRwgQEu2fFts594,"Call on You - Anturage & Alexey Union Remix","Call on You","Monastetiq;Starving Yet Full;Anturage;Alexey Union",2021-04-16,249756,26,false,t!cktack,2021-07-03T11:01:48Z,"melodic techno,indie dance,melodic house,progressive house,afro house,afro tech,organic house","ZEHN Records",0.627,0.889,1,-5.455,0,0.0347,0.0837,0.0508,0.0791,0.197,122.997,4
spotify:track:1S7tMRg87einDV2lToYYjM,"The Prey - Gui Boratto & Vintage Culture Remix","The Prey (Gui Boratto & Vintage Culture Remix)","Monolink;Gui Boratto;Vintage Culture",2021-04-02,400113,30,false,t!cktack,2021-07-03T11:02:21Z,"melodic techno,melodic house,techno,minimal techno,brazilian bass,electronic,electro","Embassy One",0.803,0.561,6,-6.839,0,0.0464,0.0148,0.183,0.116,0.323,122.003,4
spotify:track:0uVAkeNTvRAnG6d7VVYZjI,"Daliah - Maceo Plex Remix","Daliah EP","Melawati;Maceo Plex",2020-07-23,403317,0,false,t!cktack,2021-07-03T11:02:50Z,"melodic techno,melodic house,techno,minimal techno,tech house","Ellum",0.716,0.758,5,-8.04,0,0.0526,0.01,0.889,0.12,0.462,128.019,4
spotify:track:43TTD7t6dSycXyhQJPxMPS,"What Else Is There? - ARTBAT Remix Edit","What Else Is There? (ARTBAT Remix)","Röyksopp;ARTBAT",2021-06-11,296129,31,false,t!cktack,2021-06-18T22:40:09Z,"downtempo,electronica,trip hop,melodic techno,melodic house,techno,progressive house","Dog Triumph",0.702,0.506,1,-12.369,0,0.0445,0.0524,0.0525,0.111,0.0739,123.99,4
spotify:track:4DgQywRMsgToD675M5HQIf,"Burn","Burn","Andrea Martini;LEOPLD",2021-06-25,383302,3,false,t!cktack,2021-08-15T22:09:23Z,"melodic techno,melodic house","Emotive Sounds",0.707,0.67,1,-7.488,1,0.0373,0.0115,0.791,0.126,0.172,123.008,4
spotify:track:0TknzyJy53bHRQSXp5imYZ,"For Better Days - Massano Remix","For Better Days EP","Monophase (IT);Massano",2021-06-28,410031,0,false,t!cktack,2021-11-13T23:48:31Z,"melodic techno,melodic house,progressive house,techno","Eternity Sounds",0.79,0.488,3,-10.561,0,0.0634,0.0198,0.897,0.106,0.253,126.016,4
spotify:track:4YyTSL5nlHICPyX50Gc4aZ,"Glacier 3000","Glacier 3000","Teho",2021-05-13,329240,2,false,t!cktack,2021-06-18T22:41:48Z,"melodic techno,melodic house,minimal techno","Cercle Records",0.562,0.67,5,-10.301,0,0.0374,0.0259,0.185,0.052,0.458,122.014,4
spotify:track:0ThPAtLfX0NbibIrEfWFHi,"Out Of Reach","Out Of Reach","Cristoph;YOTTO;Sansa",2021-05-28,255991,38,false,t!cktack,2021-06-18T22:42:03Z,"melodic techno,progressive house,melodic house,deep house","PRYDA PRESENTS",0.504,0.762,10,-7.861,0,0.036,0.00102,0.701,0.128,0.0317,123.968,4
spotify:track:2qJaLG7exrmscAoUpBk2Ns,"Sarabi","Sarabi","Alexey Union",2021-07-06,474098,14,false,t!cktack,2021-08-15T22:11:27Z,"indie dance,melodic techno,organic house,melodic house,progressive house","Tech Warriors",0.73,0.838,10,-7.066,0,0.0446,0.000781,0.393,0.0912,0.303,122.016,4
spotify:track:3PcbyJ5myvP89tMCISAaTI,"Hunting - Edit","Hunting","Mark Tarmonea",2021-06-18,189390,6,false,t!cktack,2021-06-18T22:42:49Z,"melodic techno,melodic house","Bull In A China Shop Records",0.613,0.7,1,-8.117,1,0.0404,0.0779,0.421,0.0946,0.174,122.963,5
spotify:track:7o9gPwcvdyQxYSUrBgVb8y,"Chasing Dreams - Two Are Remix","Chasing Dreams (Two Are Remix)","Pavel Khvaleev;Blackfeel Wite;Two Are",2021-06-11,198251,6,false,t!cktack,2021-06-18T22:43:05Z,"melodic techno,progressive house,progressive trance,trance,melodic house","Black Hole Recordings",0.679,0.754,10,-8.298,0,0.0383,0.295,0.608,0.224,0.153,125.025,4
spotify:track:0WhnLWZppxTfxG9E0aDrTq,"Wait for You - Monastetiq Remix","Escape [Deluxe]","Markus Schulz;Christian Burns;Monastetiq",2021-05-21,263414,16,false,t!cktack,2021-06-18T22:43:23Z,"trance,progressive trance,melodic techno,indie dance,melodic house,progressive house","Black Hole Recordings",0.569,0.929,0,-7.501,0,0.0383,0.000128,0.682,0.393,0.0373,123.006,4
spotify:track:5syEp3BeXTxh4CIExEuY9L,"Resize - Alar & Korolova Remix","Bar25 - Zeitgeist, Vol. 8","Bondi;ROTH;Alar;Korolova",2021-04-30,474344,34,false,t!cktack,2021-06-04T17:42:12Z,"melodic techno,organic house,indie dance,melodic house,progressive house","Bar 25 Music",0.806,0.643,3,-8.614,0,0.0475,0.00467,0.749,0.0786,0.365,120.014,4
spotify:track:6BrCstbGf2HBthDZJr3cNN,"Goa - Original Mix","Jericho","Alexander Alar;Dj Renat",2021-05-07,286000,8,false,t!cktack,2021-06-04T17:42:50Z,"melodic techno,indie dance,melodic house,progressive house,organic house","BeatFreak Recordings",0.724,0.812,7,-6.392,1,0.0522,0.000194,0.878,0.0681,0.101,119.995,4
spotify:track:0KkseucFbIhvQQI7SJMwcx,"Ahora Todo Va - Gorgon City Remix","Ahora Todo Va","Dennis Cruz;Josh Butler;Gorgon City",2021-04-23,283064,0,false,t!cktack,2021-06-04T17:43:20Z,"tech house,latin house,tribal house,deep house,house","Crosstown Rebels",0.652,0.928,10,-8.595,0,0.0496,0.00084,0.913,0.104,0.131,123.988,4
spotify:track:39szfztWF9VJtPWsTNAN93,"Pharaoh","Fantastic Four, Vol. 6","Tim Enso",2021-05-14,404385,6,false,t!cktack,2021-06-04T17:48:08Z,"","Freegrant Music",0.807,0.686,0,-9.95,1,0.0469,0.00014,0.917,0.0857,0.183,124,4
spotify:track:1FNbOCMPga0WaPa6MoGKl7,"Time Moves On","Too Late EP","Brigado Crew;Ubbah",2021-01-22,322622,24,false,t!cktack,2021-06-04T17:49:16Z,"melodic techno,indie dance,melodic house,progressive house","Eleatics Records",0.678,0.926,1,-9.096,1,0.037,0.0155,0.905,0.0922,0.0595,121.997,4
spotify:track:63It5wtNG7V7GiuvTsY1kA,"Heartbeat - Original Mix","Heartbeat","Seleck",2021-05-14,437812,3,false,t!cktack,2021-06-04T17:49:28Z,"progressive house,melodic techno,melodic house","Area Verde",0.672,0.941,7,-6.943,0,0.0629,0.000217,0.779,0.0426,0.584,123.011,4
spotify:track:6Z1yGU0zcUdlq2pwMGExxc,"Venere - Fideles Remix","Venere","BOg;GHEIST;Fideles",2019-07-08,556752,34,false,t!cktack,2021-06-04T17:49:38Z,"melodic techno,melodic house,progressive house,techno","ATLANT",0.678,0.801,2,-8.882,1,0.036,0.000151,0.868,0.0822,0.0534,121.999,4
spotify:track:5P7CJmDsP0dGNyLdKkWASx,"7","Symbiosis","Brigado Crew;Far&High",2021-05-07,440797,19,false,t!cktack,2021-06-04T17:49:54Z,"melodic techno,indie dance,melodic house,progressive house","Stil Vor Talent Records",0.762,0.734,9,-6.899,0,0.0536,0.0109,0.903,0.0371,0.0967,122.001,4
spotify:track:3dbaMprMQ9YytqZM50lvfn,"Garden Of Peace - Yotto Renaissance Remix","Garden Of Peace","Power Circle;YOTTO",2021-04-16,407731,0,false,t!cktack,2021-05-24T16:57:49Z,"melodic house,melodic techno,progressive house,deep house","Renaissance Records",0.702,0.598,6,-9.597,1,0.0613,0.000095,0.692,0.0385,0.646,123.002,4
spotify:track:4jbcLHbQOYycRFTZQGaSH3,"The Golden Fort","It´s Us","Innellea",2021-04-16,340914,14,false,t!cktack,2021-05-24T16:58:03Z,"melodic techno,melodic house,techno,progressive house","Innellea",0.663,0.495,1,-11.338,1,0.0401,0.154,0.924,0.108,0.0377,123.005,4
spotify:track:085ndWlQQdgMOAZ3DOs3kw,"Opal - Carlo Whale Remix","Tantra","Lake Avalon;Lauren Mia;Carlo Whale",2021-04-16,444893,6,false,t!cktack,2021-05-24T16:58:15Z,"melodic techno,melodic house,progressive house","Harabe",0.649,0.664,5,-15.059,0,0.0397,0.176,0.913,0.101,0.0381,123.017,4
spotify:track:4wZVe2VttgP2tFDgsZNzjJ,"Oblivion","Thermal / Oblivion","Nora En Pure",2021-04-16,229440,26,false,t!cktack,2021-05-24T16:58:49Z,"deep house,melodic house,progressive house,house","Kontor Records",0.68,0.928,4,-6.264,0,0.0401,0.108,0.936,0.212,0.12,125,4
spotify:track:58qfrKFPvQHTDZwUzE8IvI,"Into Your Eyes","Into Your Eyes","Jager;Josh Knowles",2021-10-29,492000,2,false,t!cktack,2021-11-13T23:52:11Z,"melodic techno,melodic house","Be Free Recordings",0.52,0.831,9,-10.501,0,0.0337,0.0714,0.842,0.119,0.0639,119.974,4
spotify:track:4nIIFMZnEq5jVl8julgd6t,"Still","Cure","Glowal",2021-04-16,458360,4,false,t!cktack,2021-05-24T16:59:03Z,"melodic techno,indie dance,melodic house","Sementa",0.793,0.742,11,-9.725,0,0.0787,0.000188,0.927,0.112,0.0931,122.004,4
spotify:track:7lyqDJIkAQ6OcamppLF4bk,"Give You Nothing","Give You Nothing","Kryptic (UK);Kieran Fowkes",2021-05-14,278030,1,false,t!cktack,2021-05-24T16:59:22Z,"melodic house,afro tech,afro house,organic house,melodic techno","ZEHN Records",0.681,0.65,10,-11.085,0,0.0387,0.0189,0.162,0.0663,0.0611,120.986,3
spotify:track:457J6aXUGeqeNXTqyxMRpZ,"Lost Connection","Incrust EP","8Kays",2021-04-15,425761,0,false,t!cktack,2021-05-24T16:59:43Z,"melodic techno,melodic house,progressive house,techno","Odd One Out",0.804,0.588,11,-9.2,1,0.108,0.00176,0.907,0.0837,0.0777,124.002,4
spotify:track:6iNoB90jmeopvTSBCqz62O,"The Last Siren - Morttagua Remix","The Last Siren (Morttagua Remix)","Stylo;Space Motion;Morttagua",2021-04-09,417560,5,false,t!cktack,2021-05-24T16:59:59Z,"melodic techno,melodic house,afro house,tribal house,progressive house,afro tech","Timeless Moment",0.359,0.763,2,-10.822,1,0.048,0.0027,0.834,0.678,0.379,121.331,4
spotify:track:2xUsXYIiK18wSnv2SXFGtj,"Invisible - Paul Kalkbrenner Remix","Invisible (Paul Kalkbrenner Remix)","NTO;Paul Kalkbrenner",2021-04-14,457036,58,false,t!cktack,2021-05-24T17:00:15Z,"melodic techno,minimal techno,electro,techno","AllPoints",0.705,0.597,1,-8.817,0,0.0406,0.393,0.838,0.103,0.465,128.001,4
spotify:track:3Xnctsao5DDVkdvRyWoDrc,"Animosity - Alpha Mix","Animosity (Mixes)","Andrea Martini",2021-04-09,390967,1,false,t!cktack,2021-05-24T17:00:37Z,"melodic techno,melodic house","Emotive Sounds",0.613,0.72,0,-9.261,1,0.0341,0.00903,0.861,0.101,0.157,124.01,4
spotify:track:3w3FNdoX0K3XvfE9o3ENoj,"Symphony (feat. Yann Menge)","Symphony (feat. Yann Menge)","Alar;Korolova;Yann Menge",2021-05-21,263606,41,false,t!cktack,2021-05-20T22:06:04Z,"melodic techno,indie dance,melodic house,progressive house","AFTR:HRS",0.677,0.89,5,-6.28,0,0.032,0.0000814,0.777,0.19,0.273,122.011,4
spotify:track:0WEist6YNUCqpCkxfqbFkU,"Protective - Original Mix","Protective","Tiefstone",2021-04-30,376322,4,false,t!cktack,2021-05-19T17:22:25Z,"progressive house,organic house,melodic techno,melodic house","NIGHTMARE UNLIMITED",0.719,0.941,7,-7.075,0,0.0437,0.00329,0.792,0.0959,0.0627,124.984,4
spotify:track:1tvYWv4r2XR2zDy3CfWGbZ,"Don't Come Back (feat. JOSEFINA)","Don't Come Back (feat. JOSEFINA)","Miss Monique;Nahue Sintes;JOSEFINA",2021-05-07,284628,46,false,t!cktack,2021-05-19T17:23:01Z,"melodic techno,melodic house,progressive house,techno","AFTR:HRS",0.37,0.648,5,-11.656,0,0.0365,0.00227,0.75,0.167,0.0745,121.004,4
spotify:track:6hmmotpfYqhoR45YrUf6i8,"Get Down - Alar & Korolova Remix","Get Down (Remixes)","Alegant;Tube & Berger;Alar;Korolova",2021-04-02,277073,25,false,t!cktack,2021-05-19T17:23:17Z,"melodic techno,melodic house,deep house,indie dance,progressive house","ZEHN Records",0.582,0.825,2,-7.919,1,0.0347,0.00269,0.426,0.245,0.0319,123.004,4
spotify:track:5ffSSnQjQx4vpzV0EJh99d,"Snowstorm - Original Mix","Inversion","Stas Underhill",2021-05-28,413658,7,false,t!cktack,2021-05-27T22:39:50Z,"melodic techno,progressive house,melodic house","Area Verde",0.691,0.574,4,-10.136,0,0.0441,0.00369,0.92,0.707,0.0504,123.003,3
spotify:track:1ZSVuNLtqyWh3fnnWfcGJ2,"Happy If You Are","Happy If You Are","Spada;Richard Judge",2021-05-04,174545,18,false,t!cktack,2021-05-19T17:24:18Z,"melodic house,melodic techno","Anjunabeats",0.623,0.858,9,-6.005,0,0.0761,0.0857,0.00241,0.126,0.461,123.967,4
spotify:track:1FNbOCMPga0WaPa6MoGKl7,"Time Moves On","Too Late EP","Brigado Crew;Ubbah",2021-01-22,322622,24,false,t!cktack,2021-05-19T17:24:33Z,"melodic techno,indie dance,melodic house,progressive house","Eleatics Records",0.678,0.926,1,-9.096,1,0.037,0.0155,0.905,0.0922,0.0595,121.997,4
spotify:track:7IpLTm3NEjYbbpfEbzfomw,"Blame","Blame","Cosmic Gate;Diana Miro",2021-03-19,219193,27,false,t!cktack,2021-05-19T17:24:49Z,"trance,progressive trance,melodic techno,melodic house,progressive house","Wake Your Mind Records",0.692,0.755,10,-8.75,0,0.0555,0.164,0.65,0.526,0.175,124.016,4
spotify:track:0B7WfBy5V2mCVAFJ1lRMNF,"Stellar - Artaria Remix","Stellar","ANMA;Artaria",2021-04-30,397650,7,false,t!cktack,2021-05-19T17:25:05Z,"melodic techno,progressive house,melodic house","Harabe",0.624,0.901,2,-8.638,1,0.0428,0.0044,0.858,0.115,0.0348,123,4
spotify:track:1S7tMRg87einDV2lToYYjM,"The Prey - Gui Boratto & Vintage Culture Remix","The Prey (Gui Boratto & Vintage Culture Remix)","Monolink;Gui Boratto;Vintage Culture",2021-04-02,400113,30,false,t!cktack,2021-05-19T17:25:39Z,"melodic techno,melodic house,techno,minimal techno,brazilian bass,electronic,electro","Embassy One",0.803,0.561,6,-6.839,0,0.0464,0.0148,0.183,0.116,0.323,122.003,4
spotify:track:1yBGkMuZCL5JfRfRAUWzj1,"Time Again","Time Again","Jan Blomqvist;Alar;Korolova",2021-04-16,501737,0,false,t!cktack,2021-05-15T19:30:03Z,"melodic house,melodic techno,indie dance,progressive house","Get Physical Music",0.629,0.865,2,-6.873,1,0.0413,0.00108,0.857,0.0613,0.242,122.989,4
spotify:track:2KNsEDlcEQQ3yv01bwZPGo,"Kybalion","Kybalion","Morttagua",2021-03-26,444878,2,false,t!cktack,2021-05-15T19:30:41Z,"progressive house,melodic techno,melodic house","Timeless Moment",0.695,0.885,4,-9.202,0,0.051,0.215,0.894,0.0725,0.372,123.008,4
spotify:track:3Cn7omPlo5nT9CSdRfHBLb,"Want You Back","Want You Back / Mantra","Spada",2021-03-19,162572,30,false,t!cktack,2021-05-15T19:31:20Z,"melodic house,melodic techno","Armada Electronic Elements",0.625,0.97,10,-5.44,0,0.0384,0.000117,0.812,0.0706,0.733,120.018,4
spotify:track:1PjFPRW9tBjjNUrUy7hX2T,"Rapture","Rapture EP","Moonwalk",2021-03-26,269153,30,false,t!cktack,2021-05-15T19:32:04Z,"melodic techno,melodic house,minimal techno,techno,progressive house","Purified Records",0.625,0.863,1,-7.195,1,0.0382,0.00461,0.863,0.113,0.149,123.998,4
spotify:track:6hmmotpfYqhoR45YrUf6i8,"Get Down - Alar & Korolova Remix","Get Down (Remixes)","Alegant;Tube & Berger;Alar;Korolova",2021-04-02,277073,25,false,t!cktack,2021-05-15T19:32:54Z,"melodic techno,melodic house,deep house,indie dance,progressive house","ZEHN Records",0.582,0.825,2,-7.919,1,0.0347,0.00269,0.426,0.245,0.0319,123.004,4
spotify:track:3qhW02v4Yo6d5lPhxE6iZb,"New Era","New Era EP","YOTTO;Stephan Jolk",2021-03-19,221065,0,false,t!cktack,2021-05-15T19:33:39Z,"melodic house,progressive house,melodic techno,deep house,afro house,techno","Afterlife",0.588,0.92,8,-10.149,0,0.0388,0.0658,0.717,0.107,0.0589,122.026,4
spotify:track:3UN1BKsYsUJxygS49y6rCh,"Epic of Gilgamesh","Epic of Gilgamesh","Morttagua",2021-03-12,561951,8,false,t!cktack,2021-05-15T19:34:37Z,"progressive house,melodic techno,melodic house","Timeless Moment",0.677,0.825,1,-9.852,0,0.039,0.00834,0.909,0.7,0.136,122.992,4
spotify:track:3w3FNdoX0K3XvfE9o3ENoj,"Symphony (feat. Yann Menge)","Symphony (feat. Yann Menge)","Alar;Korolova;Yann Menge",2021-05-21,263606,41,false,t!cktack,2021-05-20T22:10:32Z,"melodic techno,indie dance,melodic house,progressive house","AFTR:HRS",0.677,0.89,5,-6.28,0,0.032,0.0000814,0.777,0.19,0.273,122.011,4
spotify:track:3Hrnx8eE7k9c4XZcGYiGkI,"Panarea","Panarea","Paradoks",2021-03-19,361167,15,false,t!cktack,2021-05-15T19:36:11Z,"melodic techno,melodic house,progressive house","Timeless Moment",0.791,0.847,0,-9.414,1,0.0711,0.00267,0.884,0.0876,0.257,125.009,4
spotify:track:28MLM0VRhhcqtWzxsNLvwu,"Not In Love (feat. LOWES)","Not In Love (feat. LOWES)","Franky Wah;LOWES",2021-03-26,223129,38,false,t!cktack,2021-05-15T19:37:27Z,"melodic house,melodic techno,progressive house,drum and bass","Ministry of Sound Recordings",0.479,0.843,10,-4.369,0,0.0346,0.185,0.00221,0.178,0.293,121.959,4
spotify:track:4APB4hJnxXWEXW33n83jBG,"Technicalia - Andrés Moris Remix","Technicalia","Jero Nougues;Andrés Moris",2021-04-02,476158,2,false,t!cktack,2021-05-15T19:38:22Z,"dub techno,jazz house,deep house,progressive house,organic house","Droid9",0.787,0.758,10,-9.034,0,0.0508,0.000371,0.824,0.365,0.35,123.006,4
spotify:track:6MGHGQM0w2IVce8YD1ZuJb,"Weightless","Weightless","Ben Böhmer;Panama",2021-02-12,263480,0,false,t!cktack,2021-05-11T12:12:38Z,"melodic house,melodic techno,progressive house,deep house","Future Classic",0.501,0.684,5,-10.04,0,0.0382,0.0126,0.928,0.226,0.0458,121.977,4
spotify:track:7wgCLb7LPHmBr0sJvf1Hs1,"Embrace - Original Mix","Embrace","Noidor;Whoriskey",2021-04-12,429268,0,false,t!cktack,2021-05-11T12:12:41Z,"indie dance,melodic techno,progressive house,progressive trance","MIR MUSIC",0.726,0.641,7,-9.168,1,0.0764,0.000624,0.872,0.641,0.399,123.005,4
spotify:track:30J3ozZMsMqXEEWv6UzPQ7,"Your Rain - Moonwalk Remix","Your Rain","Evelynka;Jean Vayat;Moonwalk",2021-02-05,391967,22,false,t!cktack,2021-05-11T12:12:45Z,"melodic techno,organic house,melodic house,indie dance,progressive house,downtempo,minimal techno,techno","Harabe",0.801,0.637,1,-10.494,1,0.0484,0.00138,0.877,0.0964,0.0536,123.997,4
spotify:track:3Wj5tbyaSFMcECsNUdLVyj,"Haveli","It´s Us","Innellea",2021-04-16,387540,13,false,t!cktack,2021-05-11T12:12:50Z,"melodic techno,melodic house,techno,progressive house","Innellea",0.78,0.662,4,-9.828,1,0.0732,0.106,0.9,0.0844,0.265,121.993,4
spotify:track:1Q2cAnDsiv9OEjGOMkUfUb,"Tantra","Tantra","Lauren Mia",2021-04-16,487749,12,false,t!cktack,2021-05-11T12:12:55Z,"melodic techno,melodic house,progressive house","Harabe",0.602,0.647,11,-12.359,1,0.035,0.0119,0.789,0.113,0.0481,124.013,4
spotify:track:5ib4WcUut7MjAuX1OvnHvP,"When You're Gone","Rapture EP","Moonwalk",2021-03-26,255799,37,false,t!cktack,2021-05-11T12:12:58Z,"melodic techno,melodic house,minimal techno,techno,progressive house","Purified Records",0.736,0.716,6,-10.12,0,0.0428,0.00985,0.939,0.112,0.0686,121.994,4
spotify:track:6ABDU4WHcpe11CR5slATra,"Through The Silence - Roumex Remix","Through The Silence (Roumex Remix)","GNTN;Eleonora;Roumex",2021-04-23,343554,23,false,t!cktack,2021-05-11T12:13:02Z,"melodic techno,melodic house,minimal techno,organic house,afro house,progressive house","Perspectives",0.641,0.796,6,-10.041,0,0.0347,0.0682,0.874,0.109,0.107,124.01,4
spotify:track:464f5E0GcAJNaoK7nUt3Dh,"Your Mind Is A Magnet - Radio Edit","Your Mind Is A Magnet","Giorgia Angiuli",2021-04-02,185807,0,false,t!cktack,2021-05-11T12:13:07Z,"melodic techno,melodic house,minimal techno,techno","Melodic Deep",0.615,0.952,7,-7.438,0,0.0372,0.000227,0.796,0.103,0.252,124.01,4
spotify:track:6shs4QTj7kUuvLS5gMf944,"Hold That Sucker Down - Radio Mix","Hold That Sucker Down","Pakka",2021-04-19,226521,5,false,t!cktack,2021-05-11T12:13:10Z,"melodic house,progressive house,melodic techno","Joyride Music Progressive",0.629,0.907,0,-7.601,1,0.0432,0.0177,0.905,0.345,0.159,122.991,4
spotify:track:1aqaKhXyjFFBt9eJocGche,"Compound - Original Mix","Compound","Redspace;Lluís Ribalta",2021-05-21,340645,3,false,t!cktack,2021-07-20T13:17:05Z,"progressive house,organic house,indie dance,melodic techno,melodic house","Pillar",0.806,0.765,7,-9.593,1,0.0427,0.00129,0.887,0.0583,0.0366,124.002,4
spotify:track:5syEp3BeXTxh4CIExEuY9L,"Resize - Alar & Korolova Remix","Bar25 - Zeitgeist, Vol. 8","Bondi;ROTH;Alar;Korolova",2021-04-30,474344,34,false,t!cktack,2021-05-11T12:13:18Z,"melodic techno,organic house,indie dance,melodic house,progressive house","Bar 25 Music",0.806,0.643,3,-8.614,0,0.0475,0.00467,0.749,0.0786,0.365,120.014,4
spotify:track:5S9CVtHlcWHDNwznSfdkUt,"Wicked Game - Jerome Isma-Ae & Kamilo Sanclemente Remix","Wicked Game","Varun Fernandes;Jerome Isma-Ae;Kamilo Sanclemente",2021-04-02,257704,0,false,t!cktack,2021-05-11T12:13:21Z,"progressive house,afro tech,melodic techno,trance,progressive trance,organic house,melodic house","JEE Productions",0.653,0.915,10,-8.945,0,0.0413,0.0903,0.604,0.102,0.097,122.008,4
spotify:track:2um6cqSDFHippWMIXmXRu8,"Behind Of Us","Behind Of Us","AlexC.",2021-04-08,454601,9,false,t!cktack,2021-05-11T12:13:25Z,"melodic techno,melodic house","Blazer Records",0.78,0.467,3,-9.934,1,0.0474,0.0189,0.89,0.084,0.22,123.987,4
spotify:track:0nS4wOCiP7JS0evy8wAcTE,"You & I - Original Mix","You & I (Original Mix)","Alex Macris",2021-04-02,434101,7,false,t!cktack,2021-05-11T12:13:29Z,"afro tech,melodic techno,melodic house,afro house,progressive house","NOTOFC",0.696,0.8,8,-7.969,0,0.0521,0.0227,0.172,0.0833,0.433,124.984,4
spotify:track:1b3myZvjFjFP0UdT43SvTB,"Illuminator","Fantastic Four, Vol. 5","Whoriskey",2021-04-02,433548,8,false,t!cktack,2021-05-11T12:13:33Z,"progressive house,melodic techno,progressive trance","Freegrant Music",0.681,0.825,5,-7.037,0,0.0429,0.144,0.871,0.21,0.194,124.003,4
spotify:track:0RlkF6Eh8D2roCndK6Ks2k,"Beauty Sleep - Vintage Culture Remix","Beauty Sleep (Vintage Culture Remix)","John Summit;Vintage Culture",2021-03-19,200000,0,false,t!cktack,2021-05-11T12:13:37Z,"house,tech house,brazilian bass,electronic,electro","Repopulate Mars",0.66,0.754,2,-8.133,1,0.0305,0.00824,0.0433,0.122,0.354,125.99,4
spotify:track:1Xb5kUwi1cO1m783GYcMwE,"Sedna - Extended Mix","Sedna / Face of Yuly / Solaris","Lodos",2021-03-05,448780,16,false,t!cktack,2021-05-11T12:13:40Z,"melodic techno,indie dance,progressive house,progressive trance","Statement! Deep",0.796,0.676,11,-5.677,1,0.054,0.000974,0.899,0.132,0.191,123.002,4
spotify:track:4adRrPOIoGLaOMdzxEr1G1,"Ruff - Original Mix","Ruff","The Kode;Beat Inside",2021-03-26,401280,13,false,t!cktack,2021-05-11T12:13:45Z,"indie dance,melodic techno,progressive house,melodic house","Area Verde",0.797,0.703,2,-9.169,1,0.0587,0.00096,0.824,0.0808,0.0359,124.992,4
spotify:track:3ZX9f6iY3fM7BuRWuvt7LQ,"I Need Someone (feat. Nathan Ball & Caleb Femi) [Yotto Remix] - Edit","I Need Someone (feat. Nathan Ball & Caleb Femi) [Yotto Remix] [Edit]","Faithless;Caleb Femi;Nathan Ball;YOTTO",2021-03-12,227317,0,false,t!cktack,2021-05-11T12:13:48Z,"trip hop,spoken word,melodic house,progressive house,melodic techno,deep house","BMG Rights Management (UK) Ltd",0.598,0.756,0,-9.724,0,0.0339,0.00124,0.504,0.511,0.0652,122.995,4
spotify:track:5B2av3gUR19cwcRkcCQNVt,"Lost River","Lost River","Drumstone",2021-03-26,274838,21,false,t!cktack,2021-05-11T12:16:27Z,"melodic techno,melodic house","AFTR:HRS",0.646,0.56,5,-8.527,0,0.0477,0.00815,0.637,0.169,0.446,123.996,4
spotify:track:3sMQ55H79frDZG6TXam3UC,"The Prey - Mind Against Remix","The Prey (Mind Against Remix)","Monolink;Mind Against",2021-03-12,444737,31,false,t!cktack,2021-05-11T12:16:50Z,"melodic techno,melodic house,techno,minimal techno","Embassy One",0.656,0.564,11,-11.818,0,0.0452,0.0987,0.408,0.111,0.0728,123.998,4
spotify:track:4n2SEYLr1J81TFr45gzg1e,"Forgotten Sign - Original Mix","Ruff","The Kode;Beat Inside",2021-03-26,405120,13,false,t!cktack,2021-05-11T12:17:14Z,"indie dance,melodic techno,progressive house,melodic house","Area Verde",0.555,0.864,0,-9.231,1,0.0574,0.00416,0.922,0.0838,0.258,124.99,4
spotify:track:7qmj6GXCoataBL3kBYBrII,"Bridges In The Sky (feat. Maurits Colijn)","Bridges In The Sky","Colyn;Maurits Colijn",2021-02-19,345365,0,false,t!cktack,2021-05-11T12:17:35Z,"melodic techno,melodic house,techno,progressive house","Rose Avenue Records",0.751,0.729,11,-9.282,0,0.0389,0.101,0.918,0.113,0.641,122.988,4
spotify:track:1tl8NcexwqW5rtaY6u434v,"Reasons - Rafael Cerato Remix","Reasons","Goom Gum;Tom Zeta;Rafael Cerato",2021-05-21,445645,0,false,t!cktack,2021-05-11T12:18:03Z,"melodic techno,melodic house,indie dance,techno,progressive house,minimal techno","Eklektisch",0.565,0.879,11,-7.382,1,0.0429,0.000674,0.718,0.372,0.218,121.99,4
spotify:track:42IWEqoqRwgQEu2fFts594,"Call on You - Anturage & Alexey Union Remix","Call on You","Monastetiq;Starving Yet Full;Anturage;Alexey Union",2021-04-16,249756,26,false,t!cktack,2021-05-11T12:18:37Z,"melodic techno,indie dance,melodic house,progressive house,afro house,afro tech,organic house","ZEHN Records",0.627,0.889,1,-5.455,0,0.0347,0.0837,0.0508,0.0791,0.197,122.997,4
spotify:track:7E8F2NWCMIHdAQTG4hRs85,"Sahara","Sahara","Nelli",2021-03-12,392889,17,false,t!cktack,2021-05-11T12:18:59Z,"indie dance,melodic techno","3000° Grad",0.798,0.873,7,-10.437,1,0.0992,0.0000178,0.941,0.0704,0.175,122.017,4
spotify:track:1Y3yJHrBkkfj3GZKv1MVhF,"Abu Simbel","Abu Simbel","WhoMadeWho;Rampa",2021-03-04,226652,15,false,t!cktack,2021-05-11T12:19:18Z,"melodic techno,melodic house,afro house,afro tech,house","Cercle Records",0.443,0.705,0,-8.673,0,0.0335,0.0166,0.797,0.179,0.073,117.991,4
spotify:track:0WSnUhRRlumxvGQAYWdR9m,"I Won't Let You Fall - Space Motion Remix","I Won't Let You Fall (Space Motion Remix)","Aly & Fila;JES;Space Motion",2021-03-26,449032,0,false,t!cktack,2021-05-11T12:19:47Z,"trance,progressive trance,melodic techno,afro house,melodic house,afro tech,progressive house,tribal house","UV",0.693,0.731,2,-8.552,1,0.0438,0.00483,0.543,0.112,0.273,122.987,4
spotify:track:1UAjiMFiXRTT6N8EglxmRG,"United Feelings - Original Mix","Dominant","Jam Rumi",2021-02-19,298032,12,false,t!cktack,2021-05-11T12:20:04Z,"melodic techno,progressive house,melodic house","Area Verde",0.606,0.907,7,-8.221,1,0.0445,0.00369,0.639,0.187,0.0335,122.001,4
spotify:track:4TQgbkv9CF1Qy4GIfpZeSO,"The World You See","The World You See","Cristoph;Franky Wah;Artche",2021-02-26,217515,44,false,t!cktack,2021-05-11T12:20:32Z,"melodic techno,progressive house,melodic house","PRYDA PRESENTS",0.545,0.903,10,-7.279,0,0.0485,0.0119,0.0647,0.0803,0.0398,126,4
spotify:track:3RhoJBbU3aXy4hO9cFQZEL,"Enigma","Solaris - EP","Moonwalk",2021-02-19,377953,36,false,t!cktack,2021-05-11T12:20:47Z,"melodic techno,melodic house,minimal techno,techno,progressive house","Oddity Records",0.768,0.769,2,-8.88,1,0.0483,0.00136,0.906,0.108,0.108,124.015,4
spotify:track:6YU4wNIjYHcwJ5l5sQAxUj,"Apache","Apache","Alex Kennon;Pete Tong",2021-02-26,251219,0,false,t!cktack,2021-05-11T12:21:53Z,"melodic house,melodic techno,tech house","Crosstown Rebels",0.768,0.851,7,-9.042,1,0.0484,0.0329,0.881,0.114,0.0416,123.017,4
spotify:track:3AQlhUy3IzTh4ZKPQ1Qony,"Best of Me - CamelPhat Remix","Best of Me (CamelPhat Remix)","ARTBAT;Sailor & I;CamelPhat",2021-03-05,572464,0,false,t!cktack,2021-05-11T12:22:07Z,"melodic techno,melodic house,techno,progressive house,house,tech house","METAPHYSICAL",0.64,0.77,7,-8.415,1,0.0444,0.000482,0.817,0.142,0.0319,122.006,4
spotify:track:3Y61K1wXpUmk8AKU67HI8p,"Dominant - Original Mix","Dominant","Jam Rumi",2021-02-19,220327,4,false,t!cktack,2021-05-11T12:22:29Z,"melodic techno,progressive house,melodic house","Area Verde",0.738,0.971,6,-4.8,0,0.0659,0.0156,0.758,0.0875,0.386,122.027,4
spotify:track:2czrgMyXvVwxBPVY4ucJBp,"Illusion","Illusion EP","Roumex",2021-02-01,434000,4,false,t!cktack,2021-05-11T12:23:00Z,"melodic techno,melodic house,progressive house","Somatic Records",0.793,0.858,7,-8.917,1,0.0426,0.0596,0.649,0.0905,0.103,123.999,4
spotify:track:1yBGkMuZCL5JfRfRAUWzj1,"Time Again","Time Again","Jan Blomqvist;Alar;Korolova",2021-04-16,501737,0,false,t!cktack,2021-05-11T12:23:24Z,"melodic house,melodic techno,indie dance,progressive house","Get Physical Music",0.629,0.865,2,-6.873,1,0.0413,0.00108,0.857,0.0613,0.242,122.989,4
spotify:track:0OuGUoNWe91oGkJ0Wh0Je6,"Everlasting World - Massano Remix","Dive Into the Shade","Four Hands (GER);Massano",2021-03-05,394838,22,false,t!cktack,2021-05-11T12:24:05Z,"melodic techno,melodic house,techno","Harabe",0.604,0.794,10,-10.852,0,0.0449,0.326,0.894,0.145,0.333,123.992,4
spotify:track:3Hrnx8eE7k9c4XZcGYiGkI,"Panarea","Panarea","Paradoks",2021-03-19,361167,15,false,t!cktack,2021-05-11T12:24:55Z,"melodic techno,melodic house,progressive house","Timeless Moment",0.791,0.847,0,-9.414,1,0.0711,0.00267,0.884,0.0876,0.257,125.009,4
spotify:track:1UAjiMFiXRTT6N8EglxmRG,"United Feelings - Original Mix","Dominant","Jam Rumi",2021-02-19,298032,12,false,t!cktack,2021-05-12T11:08:31Z,"melodic techno,progressive house,melodic house","Area Verde",0.606,0.907,7,-8.221,1,0.0445,0.00369,0.639,0.187,0.0335,122.001,4
spotify:track:6YU4wNIjYHcwJ5l5sQAxUj,"Apache","Apache","Alex Kennon;Pete Tong",2021-02-26,251219,0,false,t!cktack,2021-05-12T11:10:58Z,"melodic house,melodic techno,tech house","Crosstown Rebels",0.768,0.851,7,-9.042,1,0.0484,0.0329,0.881,0.114,0.0416,123.017,4
spotify:track:4adRrPOIoGLaOMdzxEr1G1,"Ruff - Original Mix","Ruff","The Kode;Beat Inside",2021-03-26,401280,13,false,t!cktack,2021-05-12T11:11:57Z,"indie dance,melodic techno,progressive house,melodic house","Area Verde",0.797,0.703,2,-9.169,1,0.0587,0.00096,0.824,0.0808,0.0359,124.992,4
spotify:track:6hmmotpfYqhoR45YrUf6i8,"Get Down - Alar & Korolova Remix","Get Down (Remixes)","Alegant;Tube & Berger;Alar;Korolova",2021-04-02,277073,25,false,t!cktack,2021-05-11T12:25:45Z,"melodic techno,melodic house,deep house,indie dance,progressive house","ZEHN Records",0.582,0.825,2,-7.919,1,0.0347,0.00269,0.426,0.245,0.0319,123.004,4
spotify:track:3ZCzX9KTjvEYTbiTfjLA5a,"Torn","Torn / Wonder","Matt Fax",2021-03-05,195483,23,false,t!cktack,2021-05-11T12:25:59Z,"progressive trance,progressive house,trance,melodic house","Colorize (Enhanced)",0.523,0.98,4,-3.33,0,0.0582,0.000512,0.933,0.804,0.432,124.023,4
spotify:track:4hZys9awWLo6Fc3N8dL8K7,"Roller Coaster - Jan Blomqvist Remix","Roller Coaster (Jan Blomqvist Remix)","Mako;Jan Blomqvist",2021-02-19,260280,0,false,t!cktack,2021-05-11T12:26:25Z,"melodic house,melodic techno","Ultra Records",0.61,0.64,2,-9.416,0,0.0536,0.0356,0.388,0.0803,0.388,122.935,4
spotify:track:09rK8Qkszp54ED3OscHXZB,"Inside My Head","Illusion EP","Roumex",2021-02-01,380750,13,false,t!cktack,2021-05-11T12:27:17Z,"melodic techno,melodic house,progressive house","Somatic Records",0.752,0.7,2,-8.747,1,0.0467,0.0777,0.721,0.0975,0.665,126.019,4
spotify:track:169tYLFL8xLZNEKIHuUNfH,"Alone","Alone","Daav One",2021-03-12,186000,0,false,t!cktack,2021-05-11T12:27:25Z,"","Gemstone Records",0.626,0.954,10,-5.36,0,0.0428,0.234,0.69,0.36,0.097,124.996,4
spotify:track:6DfrRfmZMDjBRNfS4tiG54,"Equilibrium","Equilibrium","Alex Macris",2021-02-22,391451,17,false,t!cktack,2021-05-11T12:27:32Z,"afro tech,melodic techno,melodic house,afro house,progressive house","Duenia",0.696,0.722,7,-10.317,1,0.0432,0.0668,0.671,0.0881,0.271,123.981,4
spotify:track:40Zxb6fRX7Oeu9cY2Rvxgf,"Even Closer","Even Closer","Jose Amnesia;braev",2021-03-12,197276,16,false,t!cktack,2021-05-11T12:27:41Z,"trance,progressive trance,melodic techno,melodic house","AFTR:HRS",0.7,0.623,1,-9.285,1,0.0391,0.000198,0.344,0.0771,0.0705,123.982,4
spotify:track:4hJyUjsqSPN9WedW4J6S5p,"Boundaries","Should Have Seen It Coming EP","Franky Wah",2021-02-12,251803,37,false,t!cktack,2021-05-11T12:27:48Z,"melodic house,melodic techno,progressive house","Anjunadeep",0.585,0.869,11,-6.796,1,0.0369,0.11,0.953,0.12,0.155,122.019,4
spotify:track:0wAtpACuWwLUpbMwPQDJIt,"Voodoo (feat. Camden Cox)","Voodoo (feat. Camden Cox)","Spada;Camden Cox",2021-01-29,188709,32,false,t!cktack,2021-05-11T12:28:02Z,"melodic house,melodic techno,stutter house,house","AFTR:HRS",0.546,0.832,8,-9.4,0,0.0323,0.00759,0.257,0.202,0.11,123.953,4
spotify:track:1FgxefL0BLVL5nsteC1Qva,"Monsoon","Monsoon EP","Nora En Pure",2021-01-29,222947,30,false,t!cktack,2021-05-11T12:28:10Z,"deep house,melodic house,progressive house,house","Enormous Tunes",0.714,0.892,6,-6.87,0,0.0539,0.199,0.951,0.127,0.137,122.953,4
spotify:track:5qtt0Wd5OcJxGmSwXqKevM,"A Long Time","A Long Time","Moonglass",2021-04-06,422090,9,false,t!cktack,2021-05-11T12:28:14Z,"melodic techno,melodic house","Ambivert (Media Records Evo)",0.728,0.89,8,-7.613,1,0.0398,0.0279,0.843,0.0857,0.07,122.014,4
spotify:track:7HMQadOgYUQFdJGJnHOQQI,"Faded","Faded","Padé",2021-02-23,296525,19,false,t!cktack,2021-05-11T12:28:23Z,"","Ethnic Wave",0.389,0.823,7,-5.597,0,0.0412,0.000903,0.0672,0.0714,0.0347,123.937,4
spotify:track:2szKql7VDdWKzaQ9cneUGy,"On My Mind","On My Mind","Sono;Rafael Cerato",2021-01-08,259028,9,false,t!cktack,2021-05-11T12:29:04Z,"melodic techno,indie dance,melodic house,progressive house,techno,minimal techno","Kontor Records",0.679,0.588,9,-10.739,0,0.0523,0.25,0.402,0.106,0.0323,123.999,4
spotify:track:3CEu4XGa50ASfqNh46fY4A,"Everything You've Done - Original Mix","Everything You've Done","Steve Levi",2021-01-01,281500,7,false,t!cktack,2021-05-11T12:29:19Z,"melodic techno","Starz Records",0.675,0.745,7,-8.468,1,0.0442,0.0044,0.837,0.0953,0.292,120.004,4
spotify:track:3Qw0Yr0v9HVXlEPocrIwrI,"Darkness - Bob The Groove Remix","Darkness","Matan Caspi;Bob the Groove",2021-01-25,493556,2,false,t!cktack,2021-05-11T12:29:41Z,"progressive house,melodic techno,progressive trance,melodic house,acid techno","Bonzai Progressive",0.686,0.88,4,-6.732,0,0.0369,0.000192,0.876,0.703,0.126,122.995,4
spotify:track:3z805a0eVuSqKnmplHadzD,"Yang","Yin / Yang","Paul Thomas;Fuenka",2021-01-15,205984,0,false,t!cktack,2021-05-11T12:30:02Z,"progressive house,progressive trance,melodic techno,trance,melodic house","UV",0.513,0.908,2,-8.126,1,0.0412,0.0000448,0.678,0.124,0.0333,127.002,4
spotify:track:5U66sWRP6J3cq6xrHWUNMm,"Teleport - Radio Edit","Space Friends 02","Stylo;Goom Gum",2021-01-04,206000,0,false,t!cktack,2021-05-11T12:31:04Z,"melodic techno,melodic house,afro house,tribal house,progressive house,afro tech,indie dance,techno","Space Motion Records",0.646,0.923,5,-5.324,1,0.0477,0.00454,0.288,0.0483,0.3,122.014,4
spotify:track:6hmmotpfYqhoR45YrUf6i8,"Get Down - Alar & Korolova Remix","Get Down (Remixes)","Alegant;Tube & Berger;Alar;Korolova",2021-04-02,277073,25,false,t!cktack,2021-05-12T11:15:24Z,"melodic techno,melodic house,deep house,indie dance,progressive house","ZEHN Records",0.582,0.825,2,-7.919,1,0.0347,0.00269,0.426,0.245,0.0319,123.004,4
spotify:track:1JKMxWadVQVjgDovJESMoN,"Just You - Original Mix","Just You","Stan Kolev;Out of Mind",2021-01-25,439268,17,false,t!cktack,2021-05-11T12:31:32Z,"progressive house,melodic techno,melodic house,organic house","Outta Limits",0.795,0.567,10,-9.283,0,0.0627,0.0366,0.885,0.0987,0.395,123.012,4
spotify:track:66qrbhldMQLyInZCa9YlM8,"My Boy (Meduza Remix) - Edit","My Boy (Meduza Remix)","R Plus;Dido;MEDUZA",2019-12-20,189677,0,false,t!cktack,2021-05-11T12:32:05Z,"","Loaded Records",0.621,0.804,1,-8.199,0,0.0418,0.0411,0.342,0.341,0.168,123.968,4
spotify:track:6iPTrrAI2fSi1nZYGnwz7v,"Something Bigger - gardenstate Remix","Remedy (Remixed)","Gabriel & Dresden;Sub Teal;gardenstate",2021-01-06,340000,5,false,t!cktack,2021-05-11T12:32:26Z,"trance,progressive trance","Anjunabeats",0.583,0.939,4,-6.795,0,0.046,0.00431,0.664,0.132,0.0353,123.994,4
spotify:track:2UKQCIKFDZqOqjSb9WOG2s,"Close Your Eyes","Close Your Eyes","Two Are",2020-04-13,379672,0,false,t!cktack,2021-05-11T12:32:46Z,"melodic techno,progressive house,melodic house","Siona Records",0.8,0.866,1,-8.592,1,0.047,0.00358,0.908,0.0781,0.075,122.001,4
spotify:track:2zE5AWQjzoNnzK5y747RoY,"Etna","Silent Lost","Hollt",2020-12-18,279024,0,false,t!cktack,2021-05-11T12:32:57Z,"melodic techno,melodic house,progressive house","die Stube Records",0.617,0.741,10,-10.707,0,0.0477,0.00839,0.9,0.266,0.263,122,4
spotify:track:4fA0D0FjNJFGiNWTtENgBq,"Zodiac - Dub Mix","Zodiac","Alexey Union;Cherry (UA)",2020-12-14,393452,0,false,t!cktack,2021-05-11T12:33:32Z,"indie dance,melodic techno,organic house,melodic house,progressive house","Ritual",0.746,0.97,5,-4.04,1,0.0431,0.000317,0.848,0.175,0.598,122.01,4
spotify:track:655pS6xOEA1Hkvk5jNPr3r,"Voyage","Voyage / Ohana","Mode Apart",2020-08-14,444939,20,false,t!cktack,2021-05-11T12:33:55Z,"melodic techno,progressive house,melodic house,organic house","Perspectives Digital",0.697,0.751,0,-7.575,1,0.0572,0.0495,0.861,0.0941,0.6,123.016,4
spotify:track:4ta3N5v46Eu2GooRUgdmYR,"On the Beach - Kryder Remix","On the Beach (Kryder Remix)","YORK;Kryder",2020-12-18,173841,11,false,t!cktack,2021-05-11T12:34:14Z,"trance,tribal house,latin house,progressive house","Kontor Records",0.565,0.901,1,-6.015,1,0.0325,0.00592,0.783,0.161,0.11,123.984,4
spotify:track:5KpXNxLzotOBAoJMZ5zlAH,"Monster","Monster","Space Motion;Stylo",2020-12-18,212682,10,false,t!cktack,2021-05-11T12:34:27Z,"melodic techno,afro house,melodic house,afro tech,progressive house,tribal house","AFTR:HRS",0.681,0.907,6,-8.593,0,0.0555,0.0031,0.893,0.184,0.115,122.997,4
spotify:track:2tZMPODaQpDNur3NH0Fsqq,"We Had It All","We Had It All","Marius Drescher",2021-01-01,444807,0,false,t!cktack,2021-05-11T12:34:45Z,"melodic techno,melodic house,progressive house","Einmusika Recordings",0.745,0.891,9,-7.346,1,0.0622,0.0151,0.861,0.0747,0.31,122.026,4
spotify:track:75os5oOzHq03udSB6YA50c,"Sun Is Setting","Sun Is Setting","Artaria;Jean Vayat;Evelynka",2020-12-18,458239,36,false,t!cktack,2021-05-11T12:34:58Z,"melodic techno,melodic house,progressive house,organic house,downtempo,indie dance","Dear Deer",0.798,0.639,9,-8.797,1,0.0591,0.00347,0.883,0.0926,0.368,123.985,4
spotify:track:4a8uPJ4zDLiqvQ1JOp8pjB,"Why Don't You Love","Why Don't You Love","ROTH;Oliver Nagel",2020-12-14,434047,0,false,t!cktack,2021-05-11T12:35:17Z,"melodic techno,organic house","Katz & Kauz",0.757,0.93,10,-8.545,0,0.0476,0.000454,0.923,0.0713,0.183,123.993,4
spotify:track:2sWDOOnSFY4iTvajv3btqT,"Wisdom - Radio Edit","Space Friends 02","Tomi H;Space Motion",2021-01-04,202457,0,false,t!cktack,2021-05-12T11:17:06Z,"afro house,afro tech,tribal house,melodic techno,melodic house,progressive house","Space Motion Records",0.68,0.666,7,-5.817,1,0.0445,0.00000901,0.857,0.331,0.0989,119.984,4
spotify:track:37FvAPSIABh44qACDrdw05,"Echoes","Echoes","Coeus",2020-12-18,400808,34,false,t!cktack,2021-05-11T12:36:15Z,"melodic techno,melodic house","Oddity Records",0.805,0.792,2,-10.605,0,0.0515,0.0298,0.913,0.0729,0.475,120,4
spotify:track:0ehpGezZWpSLDGEurZIX7Y,"Keep Moving On - Short Edit","Elements 7 (Short Edits)","Sonia Choo",2020-12-11,191219,2,false,t!cktack,2021-05-11T12:36:45Z,"melodic techno,progressive house","ZEHN Records",0.731,0.948,6,-6.696,0,0.0416,0.00018,0.628,0.309,0.0357,123.003,4
spotify:track:6VfEJsZ9tFmGerajitC6am,"Aspiration","Hidden Selects, Vol.2","Kinree and The Kode",2020-12-28,345605,6,false,t!cktack,2021-05-11T12:37:06Z,"melodic techno,progressive house","Dear Deer",0.762,0.795,0,-9.466,1,0.0571,0.00321,0.841,0.69,0.307,125.008,4
spotify:track:4xbgaKcwcttKud1BbbkiaA,"Ghost Lead","Ghost Lead","A2Z",2020-08-24,401162,5,false,t!cktack,2021-05-11T12:37:30Z,"melodic techno,progressive house,melodic house","RunAfter Records",0.479,0.836,8,-5.996,1,0.0639,0.000497,0.776,0.0847,0.314,122.005,4
spotify:track:0aSG0K0gRv69dRro1kKtfx,"Desire - Vintage Culture & Kiko Franco Remix (Edit)","Desire (Vintage Culture & Kiko Franco Remix)","Bob Moses;ZHU;Vintage Culture;Kiko Franco",2021-01-08,225967,20,false,t!cktack,2021-05-11T12:37:58Z,"edm,brazilian bass,electronic,electro,afro house","Domino Recording Co",0.567,0.77,5,-9.04,1,0.0314,0.00495,0.0000383,0.123,0.151,123.94,4
spotify:track:4eyb3bwdcJ7S6Ush9OGBF3,"Miracle - Original Mix","Miracle","Oscar L;D-Formation",2021-01-18,440533,1,false,t!cktack,2021-05-11T12:38:18Z,"tech house,techno,melodic techno,progressive house,melodic house","BeatFreak Recordings",0.771,0.89,9,-7.563,0,0.0504,0.000209,0.931,0.11,0.0276,126.006,4
spotify:track:3zYVdvLZv5pPYOT1uHiP8g,"Lost - Original Mix","Lost","Librae;Mareeka",2021-12-25,462880,2,false,t!cktack,2021-05-11T12:38:53Z,"progressive house,melodic techno","Area Verde",0.653,0.974,2,-6.504,1,0.035,0.000353,0.568,0.0304,0.474,124.987,4
spotify:track:6hmmotpfYqhoR45YrUf6i8,"Get Down - Alar & Korolova Remix","Get Down (Remixes)","Alegant;Tube & Berger;Alar;Korolova",2021-04-02,277073,25,false,t!cktack,2021-05-12T11:38:45Z,"melodic techno,melodic house,deep house,indie dance,progressive house","ZEHN Records",0.582,0.825,2,-7.919,1,0.0347,0.00269,0.426,0.245,0.0319,123.004,4
spotify:track:6kZyMIt88px4bhAPABgwdF,"Gone","Me & You","JRJ",2021-01-19,255737,35,false,t!cktack,2021-05-11T12:39:35Z,"melodic house","This Never Happened",0.647,0.941,8,-9.428,0,0.0448,0.0466,0.806,0.305,0.0246,121.995,4
spotify:track:1JPRjMikDrZrR3Y7kVP51l,"Destination the Universe - Original Mix","Deal Breaker","ANTAI;Alter (UA)",2020-12-18,288292,2,false,t!cktack,2021-05-11T12:39:50Z,"melodic techno,progressive house,indie dance,melodic house","Area Verde",0.661,0.839,2,-9.061,1,0.0388,0.0164,0.863,0.142,0.0679,123.028,4
spotify:track:5WApsAoP20qLy3ly1WnijF,"Right In The Night - Morttagua Extended Remix","Right In The Night (Remixes)","Jam & Spoon;PLAVKA;Morttagua",2020-02-28,483544,17,false,t!cktack,2021-05-11T12:40:56Z,"eurodance,trance,progressive house,melodic techno,melodic house","Black Hole Recordings",0.699,0.785,7,-9.126,1,0.0458,0.0204,0.597,0.528,0.27,122.999,4
spotify:track:6VfEJsZ9tFmGerajitC6am,"Aspiration","Hidden Selects, Vol.2","Kinree and The Kode",2020-12-28,345605,6,false,t!cktack,2021-05-12T11:40:04Z,"melodic techno,progressive house","Dear Deer",0.762,0.795,0,-9.466,1,0.0571,0.00321,0.841,0.69,0.307,125.008,4
spotify:track:1rwvPBfGP00hFVYtnqBf6s,"Oasis Midnights - Original Mix","Oasis Midnights","Jam Rumi",2020-12-11,310938,12,false,t!cktack,2021-05-11T12:41:17Z,"melodic techno,progressive house,melodic house","Area Verde",0.719,0.908,5,-7.627,1,0.0453,0.000257,0.757,0.0731,0.27,124.973,4
spotify:track:3yVrtQpetcmAsVZRykj0Sk,"Isolate","Unity Pt. 2","Mind Against",2021-01-22,383799,0,false,t!cktack,2021-05-11T12:41:49Z,"melodic techno,melodic house,techno,minimal techno","Afterlife",0.723,0.528,8,-12.323,0,0.0678,0.0613,0.932,0.103,0.164,119.983,4
spotify:track:18XoiSzpBYBGBhDb52acQw,"Lose Your Head - CamelPhat Remix","Lose Your Head (CamelPhat Remix)","London Grammar;CamelPhat",2021-01-22,216200,32,false,t!cktack,2021-05-11T12:42:04Z,"melodic techno,house,progressive house,melodic house,tech house","Universal Music Group International",0.554,0.872,6,-7.155,0,0.0392,0.0141,0.027,0.585,0.0712,122.999,4
spotify:track:1GwJKkSgXinLL8cFJl2U1q,"Some Good Here","Some Good Here","Rinzen;Wennink",2021-01-21,346149,41,false,t!cktack,2021-05-11T12:42:24Z,"melodic techno,melodic house,indie dance","This Never Happened",0.787,0.534,9,-10.091,0,0.0349,0.000506,0.842,0.13,0.319,123.01,3
spotify:track:04D2WUmANrUHXiPY4vRfGV,"Are U Real - Radio Edit","Are U Real","Max Freegrant;Slow Fish",2021-01-29,258048,3,false,t!cktack,2021-05-11T12:42:38Z,"progressive house,progressive trance,melodic techno,trance,melodic house","Freegrant Music",0.338,0.847,9,-7.111,1,0.041,0.00295,0.573,0.338,0.12,122.987,3
spotify:track:770zzJRmEN0sudaxuD7GkB,"Fading","Unity Pt. 2","ARTBAT;Dino Lenny",2021-01-22,487868,0,false,t!cktack,2021-05-11T12:43:02Z,"melodic techno,melodic house,techno,progressive house,indie dance","Afterlife",0.615,0.655,7,-9.968,0,0.0412,0.0924,0.8,0.144,0.0543,122.002,4
spotify:track:4Pojig9nwERwn7uU5XzwQN,"Silence - Jerome Isma-Ae Remix","Silence (Jerome Isma-Ae Remix)","D-Nox;Baya;LENN V;Jerome Isma-Ae",2021-01-29,262461,5,false,t!cktack,2021-05-11T12:43:19Z,"progressive house,melodic techno,melodic house,minimal techno,techno,organic house,dansk rap,jazz fusion,trance,progressive trance","Kontor Records",0.693,0.955,5,-9.433,1,0.0584,0.0193,0.347,0.115,0.0273,126.001,4
spotify:track:2E0C2ZLGT0nuS6cfcahN21,"Nebula - Erdem Senel Remix","Stargate","Yellow Space;Erdem Senel",2021-02-15,360000,0,false,t!cktack,2021-05-11T12:43:36Z,"melodic techno,progressive house,melodic house","Tech Warriors",0.8,0.898,5,-10.749,1,0.0623,0.262,0.928,0.33,0.398,122.01,4
spotify:track:5s7cIawxy3Z10cVQ1gblr2,"Bwell","Bwell","Philipp Straub;Morttagua",2021-01-29,393021,3,false,t!cktack,2021-05-11T12:44:29Z,"melodic techno,melodic house,progressive house","Balance Music",0.656,0.782,5,-9.927,1,0.0465,0.000304,0.884,0.563,0.253,122.002,4
spotify:track:1PN1bNc7DHsVZBiDmVpZuv,"Feel My Body","Feel My Body","Space Motion",2021-01-22,222580,0,false,t!cktack,2021-05-11T12:45:08Z,"melodic techno,afro house,melodic house,afro tech,progressive house,tribal house","Glasgow Underground",0.758,0.829,8,-5.166,0,0.0489,0.00391,0.782,0.357,0.641,124.002,4
spotify:track:7kT2mDQUQlg2NiQuedO4Ub,"Otherside - Dosem Remix","Otherside (Dosem Remix)","Eli & Fur;Dosem",2021-02-01,276480,20,false,t!cktack,2021-05-11T12:45:25Z,"melodic house,deep house,melodic techno,progressive house,tech house,minimal techno","Spinnin' Deep",0.67,0.882,5,-7.659,0,0.0364,0.000385,0.0167,0.0999,0.408,124.982,4
spotify:track:6hmmotpfYqhoR45YrUf6i8,"Get Down - Alar & Korolova Remix","Get Down (Remixes)","Alegant;Tube & Berger;Alar;Korolova",2021-04-02,277073,25,false,t!cktack,2021-05-12T11:42:15Z,"melodic techno,melodic house,deep house,indie dance,progressive house","ZEHN Records",0.582,0.825,2,-7.919,1,0.0347,0.00269,0.426,0.245,0.0319,123.004,4
spotify:track:25OCPMG0ddpM2iElirdy9q,"Overtones - PROFF Remix","Overtones (The Remixes)","Frost;PROFF",2021-01-08,263606,40,false,t!cktack,2021-05-11T12:45:59Z,"progressive house,progressive trance,organic house,melodic house,trance","Anjunadeep",0.741,0.795,11,-4.391,0,0.041,0.161,0.827,0.117,0.0843,122.008,3
spotify:track:7hhUFpwYVkxclgYAOsSbRM,"Feed the wolf - Labert Remix","Feed the wolf","Marat Mode;Haptic;Labert",2021-01-04,479030,6,false,t!cktack,2021-05-11T12:46:15Z,"melodic techno,melodic house,organic house,indie dance,progressive house","Project 13",0.749,0.833,3,-8.304,0,0.0473,0.0442,0.757,0.105,0.236,121.009,4
spotify:track:5syEp3BeXTxh4CIExEuY9L,"Resize - Alar & Korolova Remix","Bar25 - Zeitgeist, Vol. 8","Bondi;ROTH;Alar;Korolova",2021-04-30,474344,34,false,t!cktack,2021-05-12T11:43:24Z,"melodic techno,organic house,indie dance,melodic house,progressive house","Bar 25 Music",0.806,0.643,3,-8.614,0,0.0475,0.00467,0.749,0.0786,0.365,120.014,4
spotify:track:6oxPymJ6Dqy6XwshEmcWoy,"Avoidance","Symbiosis","MAAND",2020-12-28,495967,4,false,t!cktack,2021-05-11T12:46:58Z,"melodic techno,melodic house,indie dance,progressive house","Bull In A China Shop Records",0.71,0.582,7,-13.087,1,0.053,0.0109,0.874,0.114,0.0335,123.996,4
spotify:track:6VfEJsZ9tFmGerajitC6am,"Aspiration","Hidden Selects, Vol.2","Kinree and The Kode",2020-12-28,345605,6,false,t!cktack,2021-05-12T11:44:23Z,"melodic techno,progressive house","Dear Deer",0.762,0.795,0,-9.466,1,0.0571,0.00321,0.841,0.69,0.307,125.008,4
spotify:track:1yBGkMuZCL5JfRfRAUWzj1,"Time Again","Time Again","Jan Blomqvist;Alar;Korolova",2021-04-16,501737,0,false,t!cktack,2021-05-12T11:44:32Z,"melodic house,melodic techno,indie dance,progressive house","Get Physical Music",0.629,0.865,2,-6.873,1,0.0413,0.00108,0.857,0.0613,0.242,122.989,4
spotify:track:7Dmo46LZ6634fak2FqX3nl,"Run - Stream Edition","Run (Incl. Remixes) (Stream Edition)","2JOHN'S;Nopopstar;Eugene Jay",2020-06-07,280000,0,false,t!cktack,2021-05-11T12:48:02Z,"melodic techno,indie dance,progressive house,g-house","Polyptych",0.8,0.9,7,-10.264,1,0.0435,0.136,0.855,0.672,0.0334,120.002,4
spotify:track:2zE5AWQjzoNnzK5y747RoY,"Etna","Silent Lost","Hollt",2020-12-18,279024,0,false,t!cktack,2021-05-12T11:45:45Z,"melodic techno,melodic house,progressive house","die Stube Records",0.617,0.741,10,-10.707,0,0.0477,0.00839,0.9,0.266,0.263,122,4
spotify:track:2WZfx2pn22JH6WrKcco2lU,"Boy in the Garden - Moonwalk Remix","Marc Holstege | Jaquomo","Marc Holstege;Aravis;Moonwalk",2020-12-25,393129,16,false,t!cktack,2021-05-11T12:48:23Z,"melodic techno,melodic house,contemporary r&b,minimal techno,techno,progressive house","Stil Vor Talent Records",0.715,0.684,10,-10.094,0,0.0626,0.00303,0.877,0.0991,0.128,124.022,4
spotify:track:0kGzLPWof3ZqWAPTUJh0Nt,"Iris - Original Mix","Iris","Revival Agents;Korolova",2021-03-15,370161,0,false,t!cktack,2021-05-11T12:48:54Z,"progressive house,melodic techno,melodic house","MIR MUSIC",0.716,0.772,7,-9.053,1,0.0425,0.0072,0.875,0.126,0.29,123.999,4
spotify:track:3rV2gOt6VHejO9EvjUIdk1,"Ace","Controversy","Jordan Gill",2021-01-04,498826,0,false,t!cktack,2021-05-11T12:49:06Z,"progressive house,melodic techno,trance,progressive trance","Cinematique",0.704,0.749,0,-5.818,1,0.0479,0.00245,0.854,0.0944,0.373,124.011,4
spotify:track:5eipjGnuk3lgcK6Qk1TuzC,"Downtown","Circle of Life","A2Z",2020-12-21,468755,2,false,t!cktack,2021-05-11T12:49:20Z,"melodic techno,progressive house,melodic house","Hover Mind",0.752,0.887,2,-8.794,1,0.04,0.0224,0.708,0.0968,0.0662,124.007,4
spotify:track:75os5oOzHq03udSB6YA50c,"Sun Is Setting","Sun Is Setting","Artaria;Jean Vayat;Evelynka",2020-12-18,458239,36,false,t!cktack,2021-05-12T11:46:49Z,"melodic techno,melodic house,progressive house,organic house,downtempo,indie dance","Dear Deer",0.798,0.639,9,-8.797,1,0.0591,0.00347,0.883,0.0926,0.368,123.985,4
spotify:track:1kGp2WNyYPZFjoQ8nTejIL,"Bad Romance","Bad Romance","Anturage;Alexey Union",2021-01-15,168040,0,false,t!cktack,2021-05-11T12:49:56Z,"","Disco Halal",0.689,0.71,6,-7.896,1,0.0489,0.00741,0.743,0.075,0.454,120.017,4
spotify:track:1yBGkMuZCL5JfRfRAUWzj1,"Time Again","Time Again","Jan Blomqvist;Alar;Korolova",2021-04-16,501737,0,false,t!cktack,2021-05-12T12:12:43Z,"melodic house,melodic techno,indie dance,progressive house","Get Physical Music",0.629,0.865,2,-6.873,1,0.0413,0.00108,0.857,0.0613,0.242,122.989,4
spotify:track:0E5V9z9T6SvctId6IqhR0F,"Witching Hour","Dark Matter","CamelPhat;Will Easton",2020-10-30,258002,29,false,t!cktack,2021-05-11T13:05:29Z,"melodic techno,house,progressive house,melodic house,tech house","RCA Records Label",0.585,0.948,5,-8.799,1,0.0513,0.00621,0.877,0.186,0.0754,127.004,4
spotify:track:51Xj2kth87gEj6dF2tqvkX,"Circle Of Life","Circle of Life","A2Z",2020-12-21,429762,7,false,t!cktack,2021-05-11T13:05:46Z,"melodic techno,progressive house,melodic house","Hover Mind",0.469,0.876,11,-7.294,1,0.0508,0.00388,0.636,0.16,0.144,121.998,4
spotify:track:6kvgeyNduS0YwPKPc6hOmH,"In This Dark Time - Two Are Remix","In This Dark Time","Aime Simone;Two Are",2020-10-12,473114,0,false,t!cktack,2021-10-03T11:55:01Z,"melodic techno,progressive house,melodic house","Siona Records",0.696,0.817,11,-7.488,0,0.0388,0.00779,0.656,0.107,0.271,122.004,4
spotify:track:2G4dPCpm8jaEiM37lwUgti,"Kalina","Milky Way EP","Space Motion",2020-11-30,466341,0,false,t!cktack,2021-05-12T12:13:40Z,"melodic techno,afro house,melodic house,afro tech,progressive house,tribal house","Space Motion Records",0.762,0.576,7,-9.093,1,0.0414,0.00772,0.878,0.0892,0.148,123.003,4
spotify:track:29BtUsMWJTEP34WeAAAK2x,"Children","Children","Tinlicker;Robert Miles",2020-09-25,245927,45,false,t!cktack,2021-05-11T13:06:35Z,"melodic house,progressive house,melodic techno,trance,eurodance","Kontor Records",0.638,0.907,5,-9.357,0,0.0424,0.0208,0.855,0.107,0.0362,124.007,4
spotify:track:6hizzLN6GI5rWUWX2EiKR0,"All I Want (feat. Goatchy)","All I Want (feat. Goatchy)","Tube & Berger;Goatchy",2020-11-06,224978,40,false,t!cktack,2021-05-11T13:06:50Z,"deep house,progressive house,melodic house","AFTR:HRS",0.605,0.722,10,-7.315,1,0.037,0.00171,0.831,0.0665,0.27,123.991,4
spotify:track:0kGzLPWof3ZqWAPTUJh0Nt,"Iris - Original Mix","Iris","Revival Agents;Korolova",2021-03-15,370161,0,false,t!cktack,2021-05-12T12:14:45Z,"progressive house,melodic techno,melodic house","MIR MUSIC",0.716,0.772,7,-9.053,1,0.0425,0.0072,0.875,0.126,0.29,123.999,4
spotify:track:5h9LH9pKBhyVpLTLQTfC78,"Dazed","Dazed","Kaz James;Nick Morgan",2020-11-27,259687,44,false,t!cktack,2021-05-11T13:07:29Z,"","Saved Records",0.576,0.901,9,-5.488,1,0.0351,0.000175,0.902,0.337,0.553,122.001,4
spotify:track:5HyDeONUdLR9uYy91DVfWn,"Pifia","Mantra","Cherry (UA)",2020-12-07,384400,0,false,t!cktack,2021-05-12T12:15:59Z,"melodic techno,melodic house,progressive house,indie dance","Siona Records",0.671,0.797,9,-6.006,1,0.0405,0.000112,0.845,0.086,0.262,123.02,4
spotify:track:7v2iUsHqHR1VNLODNUkTOz,"Safe","Safe","Monkey Safari",2020-05-29,501649,49,false,t!cktack,2021-05-11T13:21:41Z,"melodic house,organic house,afro house,deep house,melodic techno","Spectrum (NL)",0.648,0.725,1,-8.806,1,0.0325,0.000169,0.834,0.107,0.605,123.999,4
spotify:track:46KFIYN2rbopo1SZyAdXI9,"You're Not Alone","You're Not Alone","Franky Wah;Olive",2020-05-08,330240,25,false,t!cktack,2021-05-11T13:22:00Z,"melodic house,melodic techno,progressive house,trip hop","Ministry of Sound Recordings x SHEN",0.372,0.708,7,-6.407,0,0.0361,0.00999,0.519,0.242,0.181,124.978,4
spotify:track:1wjQEAV31X26Za9KRAmqwz,"For a Feeling (feat. RHODES)","For a Feeling (feat. RHODES)","CamelPhat;ARTBAT;RHODES",2020-05-01,296324,55,false,t!cktack,2021-05-11T13:22:29Z,"melodic techno,house,progressive house,melodic house,tech house,techno","RCA Records Label",0.64,0.903,0,-7.577,1,0.0358,0.000766,0.632,0.0636,0.0357,122.016,4
spotify:track:4u7IGG3nLSAqQDZdvvn6BE,"Milky Way","Milky Way EP","AfterU;Space Motion",2020-11-30,374000,0,false,t!cktack,2021-05-12T12:07:23Z,"melodic techno,melodic house,afro house,afro tech,progressive house,tribal house","Space Motion Records",0.799,0.729,7,-9.353,1,0.0695,0.000484,0.83,0.112,0.0991,124.014,4
spotify:track:0kGzLPWof3ZqWAPTUJh0Nt,"Iris - Original Mix","Iris","Revival Agents;Korolova",2021-03-15,370161,0,false,t!cktack,2021-05-12T12:08:00Z,"progressive house,melodic techno,melodic house","MIR MUSIC",0.716,0.772,7,-9.053,1,0.0425,0.0072,0.875,0.126,0.29,123.999,4
spotify:track:2fJkoOd4abxzEjTEqGdtcd,"New York","London & New York","Alexander Alar",2018-06-01,388760,4,false,t!cktack,2021-05-11T13:23:01Z,"melodic techno,indie dance,melodic house,progressive house","Dear Deer Black",0.757,0.956,9,-6.193,1,0.0473,0.00349,0.883,0.0584,0.766,121.001,3
spotify:track:71QzpNzL1Q6KPOV5ilyBVW,"Alone","Unity","Tale Of Us",2020-04-03,333569,0,false,t!cktack,2021-05-11T13:23:25Z,"melodic techno,techno,melodic house,minimal techno","Afterlife",0.802,0.556,8,-12.989,1,0.0437,0.0341,0.914,0.079,0.0371,126.001,4
spotify:track:5H4ElXcV8bzTZyrJmbYJxi,"Time","Time / Sleeper Must Awaken","Kölsch;Beacon",2020-03-27,375651,14,false,t!cktack,2021-05-11T13:23:50Z,"melodic techno,melodic house,techno","Kompakt Digital",0.614,0.662,10,-8.904,1,0.0306,0.000276,0.164,0.277,0.044,127.014,4
spotify:track:3eoIdSJXlrWZFd5kqLhsiF,"Away With Me - Fideles Remix","Away With Me (Fideles Remix)","Ross Quinn;Fideles",2020-07-17,243652,0,false,t!cktack,2021-05-11T13:24:07Z,"melodic techno,melodic house,techno","Quinn",0.603,0.738,5,-9.097,1,0.0333,0.0275,0.57,0.112,0.0561,123.967,4
spotify:track:3odvxxzdbwQ3eBY6TRiIHt,"Blaze","Blaze","Booka Shade;Jan Blomqvist",2020-07-31,215875,0,false,t!cktack,2021-05-12T12:08:54Z,"minimal techno,melodic house,melodic techno,electronica","Blaufield Music",0.664,0.636,8,-6.722,0,0.0317,0.0115,0.631,0.0523,0.383,123.996,4
spotify:track:4pMcfHYvQvNPeXA9vzzPu7,"The Feeling - Original Mix","The Feeling","Massano",2020-06-15,512000,0,false,t!cktack,2021-05-12T12:09:05Z,"melodic techno,melodic house,techno","Running Clouds",0.755,0.604,11,-12.075,0,0.0757,0.00202,0.906,0.0881,0.0552,123.997,4
spotify:track:75iPqrBdyUSziSBEXfSoPe,"Lost In Mind - Volen Sentir Vision","Breathing (Remixed)","Ben Böhmer;Malou;Volen Sentir",2020-07-14,265887,46,false,t!cktack,2021-05-12T12:09:32Z,"melodic house,melodic techno,progressive house,deep house,afro house,organic house","Anjunadeep",0.757,0.736,10,-7.465,0,0.0387,0.00994,0.821,0.0712,0.409,124.003,4
spotify:track:2USGf4LHx8YAgzsewSDzM5,"Sinner - Mathame Remix","Sinner (Mathame Remix)","Monolink;Mathame",2020-08-21,404077,24,false,t!cktack,2021-05-11T13:24:46Z,"melodic techno,melodic house,techno","Embassy One",0.762,0.657,4,-8.091,0,0.0473,0.00215,0.358,0.238,0.401,123.004,4
spotify:track:5syEp3BeXTxh4CIExEuY9L,"Resize - Alar & Korolova Remix","Bar25 - Zeitgeist, Vol. 8","Bondi;ROTH;Alar;Korolova",2021-04-30,474344,34,false,t!cktack,2021-05-12T12:10:29Z,"melodic techno,organic house,indie dance,melodic house,progressive house","Bar 25 Music",0.806,0.643,3,-8.614,0,0.0475,0.00467,0.749,0.0786,0.365,120.014,4
spotify:track:4mIfoLqE8d0R13Olbz995G,"Face to Face","Ghost Lead","A2Z",2020-08-24,499125,9,false,t!cktack,2021-05-12T12:10:38Z,"melodic techno,progressive house,melodic house","RunAfter Records",0.497,0.895,7,-6.819,1,0.0704,0.00217,0.634,0.0985,0.121,118.699,4
spotify:track:6sFpXFfhAkFTXEbEbxmVLn,"Alone","Not Alone - EP","Far&High",2020-08-21,418101,0,false,t!cktack,2021-05-12T12:11:01Z,"indie dance,melodic techno,melodic house","Diynamic Music",0.795,0.807,1,-7.942,1,0.0463,0.00312,0.802,0.0893,0.71,120.999,4
spotify:track:4oWDaJpusSH1lqIQQkEHsS,"Father Ocean - Ben Böhmer Remix Edit","Father Ocean","Monolink;Ben Böhmer",2018-12-07,318674,61,false,t!cktack,2021-05-12T11:59:11Z,"melodic techno,melodic house,techno,progressive house,deep house","Embassy One",0.609,0.74,2,-11.046,1,0.0342,0.396,0.749,0.113,0.0391,122.008,4
spotify:track:0ihush2kQPtal6qEMEdJB4,"Halos","Halos","Hollt",2020-07-24,411457,29,false,t!cktack,2021-05-12T11:58:51Z,"melodic techno,melodic house,progressive house","Radikon",0.811,0.901,8,-8.515,1,0.0565,0.0288,0.84,0.0948,0.0388,122.001,4
spotify:track:4cTW1QdgCJiqE1Pvreb80L,"Moon Rocks","Moon Rocks","Enrico Sangiuliano",2016-09-05,453120,0,false,t!cktack,2021-05-11T13:09:06Z,"techno,minimal techno,acid techno","Drumcode",0.788,0.625,1,-6.428,1,0.0375,0.0016,0.905,0.299,0.439,125.012,4
spotify:track:7rbIaUUlcwCa1PZMrTErxq,"Elessar","Elessar - EP","Moonwalk",2019-12-20,391250,0,false,t!cktack,2021-05-11T13:09:21Z,"melodic techno,melodic house,minimal techno,techno,progressive house","Blaufield Music",0.752,0.889,6,-9.421,0,0.0418,0.0171,0.846,0.14,0.177,123.993,4
spotify:track:5gnMzDgj5vXba6k55MnWHl,"Bad Love - Monastetiq Remix","More! 2020 Remixes","Booka Shade;Monastetiq",2020-08-14,420500,0,false,t!cktack,2021-05-11T13:09:40Z,"minimal techno,melodic house,melodic techno,electronica,indie dance,progressive house","Blaufield Music",0.817,0.76,8,-8.447,1,0.0556,0.00727,0.524,0.182,0.0766,122,4
spotify:track:1iHQ5GCtBXUlUc8586AASo,"Origo","Dots And Pearls 6","Adana Twins",2020-01-24,420023,26,false,t!cktack,2021-05-12T11:56:10Z,"melodic techno,indie dance,melodic house,minimal techno,deep house,techno","Cocoon Recordings",0.79,0.801,8,-9.015,1,0.0476,0.00879,0.837,0.0373,0.467,125.014,4
spotify:track:6mjN72fXeZwLkCDG7rHH3N,"After Earth - Edit","Morning Falls EP","Ben Böhmer",2018-01-05,238406,58,false,t!cktack,2021-05-11T13:10:19Z,"melodic house,melodic techno,progressive house,deep house","Anjunadeep",0.595,0.54,5,-10.477,1,0.0347,0.0367,0.903,0.122,0.226,123,4
spotify:track:0Y2GPwH0QRJr2jwSxdg191,"Perseus","Perseus/Flote","Local Dialect",2020-04-10,295375,20,false,t!cktack,2021-05-11T13:10:56Z,"melodic techno,melodic house,progressive house","Zerothree",0.46,0.868,1,-7.012,1,0.0327,0.00483,0.829,0.807,0.162,122.031,4
spotify:track:5qcOjnVFfEO6kRglofHHI9,"Rabbit Hole - Solardo Remix","Rabbit Hole (Solardo Remix)","CamelPhat;Jem Cooke;Solardo",2020-04-10,393454,23,false,t!cktack,2021-05-11T13:11:18Z,"melodic techno,house,progressive house,melodic house,tech house","RCA Records Label",0.721,0.834,9,-8.661,0,0.0573,0.0000211,0.572,0.115,0.596,127.004,4
spotify:track:504CI1sRSuRLWE8kyNoyu9,"The Space in Between - Ben Böhmer Remix","The Space in Between (Ben Böhmer Remix)","Jan Blomqvist;Ben Böhmer",2018-06-29,253812,0,false,t!cktack,2021-05-12T11:55:04Z,"melodic house,melodic techno,progressive house,deep house","Kontor Records",0.559,0.66,5,-10.773,0,0.0363,0.0577,0.637,0.177,0.0386,122.007,4
spotify:track:58kg8fLZjbDXHe4Z0c1tgb,"Corso","Stil vor Talent Berlin: Blub","Lunar Plane;Animal Picnic",2020-04-10,426469,17,false,t!cktack,2021-05-11T13:12:06Z,"afro tech,melodic techno,melodic house,tribal house,afro house,organic house","Stil Vor Talent Records",0.791,0.707,4,-8.874,1,0.0398,0.00757,0.854,0.1,0.082,122.991,4
spotify:track:5u4XjIc1scpCga4ZaO8OQO,"Reborn - Original Mix","Reborn","Indifferent Guy;ODYSSAY",2020-07-31,228292,34,false,t!cktack,2021-05-11T13:12:23Z,"melodic techno,progressive house,melodic house","Area Verde",0.693,0.955,4,-6.203,0,0.0448,0.272,0.9,0.101,0.062,123.045,3
spotify:track:1yBGkMuZCL5JfRfRAUWzj1,"Time Again","Time Again","Jan Blomqvist;Alar;Korolova",2021-04-16,501737,0,false,t!cktack,2021-05-12T11:48:29Z,"melodic house,melodic techno,indie dance,progressive house","Get Physical Music",0.629,0.865,2,-6.873,1,0.0413,0.00108,0.857,0.0613,0.242,122.989,4
spotify:track:0kGzLPWof3ZqWAPTUJh0Nt,"Iris - Original Mix","Iris","Revival Agents;Korolova",2021-03-15,370161,0,false,t!cktack,2021-05-12T11:48:38Z,"progressive house,melodic techno,melodic house","MIR MUSIC",0.716,0.772,7,-9.053,1,0.0425,0.0072,0.875,0.126,0.29,123.999,4
spotify:track:5HyDeONUdLR9uYy91DVfWn,"Pifia","Mantra","Cherry (UA)",2020-12-07,384400,0,false,t!cktack,2021-05-11T12:51:01Z,"melodic techno,melodic house,progressive house,indie dance","Siona Records",0.671,0.797,9,-6.006,1,0.0405,0.000112,0.845,0.086,0.262,123.02,4
spotify:track:19XhfLJvj3otdyi1eZEH3p,"Jericho - Original Mix","Jericho","Alexander Alar;Indie Elephant",2021-05-07,285245,2,false,t!cktack,2021-05-11T12:51:18Z,"melodic techno,indie dance,melodic house,progressive house","BeatFreak Recordings",0.719,0.837,5,-9.985,1,0.04,0.0336,0.868,0.0579,0.499,122.026,4
spotify:track:4u7IGG3nLSAqQDZdvvn6BE,"Milky Way","Milky Way EP","AfterU;Space Motion",2020-11-30,374000,0,false,t!cktack,2021-05-11T12:51:30Z,"melodic techno,melodic house,afro house,afro tech,progressive house,tribal house","Space Motion Records",0.799,0.729,7,-9.353,1,0.0695,0.000484,0.83,0.112,0.0991,124.014,4
spotify:track:5OwqK4w9V8c0oNpHw1kaWZ,"Teotihuacan","Teotihuacan","Alar;Katie Pride",2021-02-12,451088,19,false,t!cktack,2021-05-11T12:51:47Z,"melodic techno,indie dance,melodic house,progressive house,afro house","UFO Sound",0.804,0.836,8,-8.293,1,0.054,0.000158,0.887,0.0909,0.149,124.007,4
spotify:track:1zPgHF8FvPSkSnWXR5Qknc,"Two Minds","Footsteps / Two Minds","Artche",2020-07-17,226115,4,false,t!cktack,2021-05-11T12:52:00Z,"melodic techno,melodic house,progressive house","Stress Records",0.619,0.889,2,-8.074,1,0.0437,0.0000433,0.783,0.151,0.18,121,4
spotify:track:6fev142GKhQN0ZCNNvPccb,"Teretukam","Teretukam","Nobe;Alar",2020-12-14,442745,0,false,t!cktack,2021-05-11T12:52:14Z,"indie dance,melodic techno,melodic house,progressive house","Siona Records",0.8,0.798,0,-8.591,1,0.0552,0.00529,0.707,0.0529,0.386,122,4
spotify:track:6kvgeyNduS0YwPKPc6hOmH,"In This Dark Time - Two Are Remix","In This Dark Time","Aime Simone;Two Are",2020-10-12,473114,0,false,t!cktack,2021-05-11T12:52:29Z,"melodic techno,progressive house,melodic house","Siona Records",0.696,0.817,11,-7.488,0,0.0388,0.00779,0.656,0.107,0.271,122.004,4
spotify:track:0ClzznT7XyNQbGzkwsFZ00,"Singapore","Elements 8","Anturage;Alar",2021-02-19,192000,3,false,t!cktack,2021-05-11T12:52:41Z,"indie dance,melodic techno,melodic house,progressive house","ZEHN Records",0.742,0.837,1,-7.662,1,0.0589,0.0709,0.331,0.114,0.28,120.001,4
spotify:track:0hz9lCgIKOtZthsP2JTPAL,"5 Seconds Before Sunrise","5 Seconds Before Sunrise","VER:WEST;Tiësto",2020-07-17,275437,40,false,t!cktack,2021-05-12T12:01:09Z,"organic house,edm,trance,big room,house","AFTR:HRS",0.648,0.824,3,-8.283,0,0.03,0.00769,0.946,0.381,0.425,121.997,3
spotify:track:6jYXP1jrYIHkEYglFgeL2Q,"Home","Home","Adriatique;Marino Canal;Delhia De France",2020-05-29,330500,60,false,t!cktack,2021-05-11T13:14:39Z,"melodic techno,melodic house,afro house,techno","Siamese",0.612,0.767,2,-5.972,0,0.0317,0.33,0.221,0.353,0.0458,120.018,4
spotify:track:5dZpjZ8B2k8PDcEOgeygop,"Sun Will Come Out","Sun Will Come Out EP","8Kays",2020-09-11,407040,0,false,t!cktack,2021-05-11T13:15:01Z,"melodic techno,melodic house,progressive house,techno","Renaissance Records",0.724,0.61,1,-11.935,1,0.0414,0.000874,0.658,0.115,0.141,125.007,4
spotify:track:5IFqeyAUqtGdkqQWhIAfm0,"Vinsobre","Vinsobre","Black Space;Yann Menge",2020-09-25,430819,0,false,t!cktack,2021-05-12T12:01:42Z,"melodic house,melodic techno,progressive house","Einmusika Recordings",0.784,0.776,1,-7.373,1,0.0401,0.000142,0.856,0.0705,0.496,122.002,4
spotify:track:7ehBoh9FIeIiEnORzexRZ2,"For Every Forever","For Every Forever EP","Mathame",2020-02-14,382500,0,false,t!cktack,2021-05-11T13:15:24Z,"melodic techno,melodic house,techno","Afterlife",0.713,0.537,4,-8.741,0,0.0421,0.00237,0.387,0.0856,0.0556,128.034,4
spotify:track:33wrSlVR4I124olRUczlVZ,"Shiraz","Stockholm","Alar;JAZZERIMO",2021-01-15,474259,4,false,t!cktack,2021-05-11T13:15:41Z,"melodic techno,indie dance,progressive house","Heinz Music",0.757,0.943,0,-5.989,1,0.042,0.00183,0.758,0.105,0.385,121.992,4
spotify:track:5S0hocpVHzTPWS38XO7iNS,"Change","Dustpig","Fabrication",2020-07-06,407055,16,false,t!cktack,2021-05-11T13:15:58Z,"melodic techno,melodic house,minimal techno,progressive house,techno","Recovery Collective",0.638,0.738,2,-10.499,1,0.0416,0.02,0.845,0.637,0.068,124.988,4
spotify:track:5hPFwgtFbT7qvttQonJBhv,"Mars - Original Mix","Iris","Revival Agents;Korolova",2021-03-15,451451,0,false,t!cktack,2021-05-12T12:02:37Z,"progressive house,melodic techno,melodic house","MIR MUSIC",0.775,0.796,7,-9,1,0.046,0.00265,0.852,0.124,0.0456,123.997,4
spotify:track:6fDD3rLRNp7f6nm0frUZcJ,"Sunshine","Wrong Or Right","Stylo;Space Motion",2020-09-07,405853,0,false,t!cktack,2021-05-11T13:16:27Z,"melodic techno,melodic house,afro house,tribal house,progressive house,afro tech","Space Motion Records",0.806,0.615,8,-9.984,0,0.0614,0.000565,0.817,0.662,0.37,122.99,4
spotify:track:5gnMzDgj5vXba6k55MnWHl,"Bad Love - Monastetiq Remix","More! 2020 Remixes","Booka Shade;Monastetiq",2020-08-14,420500,0,false,t!cktack,2021-05-12T12:03:05Z,"minimal techno,melodic house,melodic techno,electronica,indie dance,progressive house","Blaufield Music",0.817,0.76,8,-8.447,1,0.0556,0.00727,0.524,0.182,0.0766,122,4
spotify:track:3RF7yizTDynqcKO9EmypOy,"Moments - Ben Böhmer & Nils Hoffmann Remix","Moments (Ben Böhmer & Nils Hoffmann Remix)","Kidnap;Leo Stannard;Ben Böhmer;Nils Hoffmann",2020-02-14,250206,47,false,t!cktack,2021-05-11T13:17:09Z,"melodic house,melodic techno,progressive house,deep house,minimal techno","Armada Electronic Elements",0.702,0.526,7,-12.421,0,0.0393,0.453,0.887,0.111,0.291,121.001,4
spotify:track:504CI1sRSuRLWE8kyNoyu9,"The Space in Between - Ben Böhmer Remix","The Space in Between (Ben Böhmer Remix)","Jan Blomqvist;Ben Böhmer",2018-06-29,253812,0,false,t!cktack,2021-05-12T12:04:14Z,"melodic house,melodic techno,progressive house,deep house","Kontor Records",0.559,0.66,5,-10.773,0,0.0363,0.0577,0.637,0.177,0.0386,122.007,4
spotify:track:3zx3EZWy77gcFSHKi1JsID,"Fading Time","Fading Time","Stereo Express;Felix Raphael",2020-10-02,439224,15,false,t!cktack,2021-05-11T13:17:36Z,"melodic techno,minimal techno,electro swing,melodic house,organic house,progressive house","Ame Records",0.753,0.784,1,-10.418,1,0.0561,0.00274,0.822,0.084,0.159,123.012,4
spotify:track:4wLEnzru5f9Dmgswvn47Zz,"Wake Me Up - Tale Of Us Remix (Mixed)","Anjunadeep The Yearbook 2020","Cubicolor;Tale Of Us",2020-12-17,312184,5,false,t!cktack,2021-05-11T13:17:58Z,"melodic house,melodic techno,techno,minimal techno","Anjunadeep",0.63,0.919,10,-6.825,0,0.0403,0.00449,0.701,0.0626,0.127,119.904,4
spotify:track:476iNCuZzxV3AXQeRlF1qv,"Swallow - Tale Of Us Remix","Swallow (Tale Of Us Remix)","Monolink;Tale Of Us",2018-06-22,445151,50,false,t!cktack,2021-05-11T13:18:23Z,"melodic techno,melodic house,techno,minimal techno","Embassy One",0.737,0.609,6,-10.034,1,0.0584,0.301,0.756,0.0919,0.176,124.006,3
spotify:track:1iHQ5GCtBXUlUc8586AASo,"Origo","Dots And Pearls 6","Adana Twins",2020-01-24,420023,26,false,t!cktack,2021-05-12T12:05:15Z,"melodic techno,indie dance,melodic house,minimal techno,deep house,techno","Cocoon Recordings",0.79,0.801,8,-9.015,1,0.0476,0.00879,0.837,0.0373,0.467,125.014,4
spotify:track:1yBGkMuZCL5JfRfRAUWzj1,"Time Again","Time Again","Jan Blomqvist;Alar;Korolova",2021-04-16,501737,0,false,t!cktack,2021-05-13T21:02:11Z,"melodic house,melodic techno,indie dance,progressive house","Get Physical Music",0.629,0.865,2,-6.873,1,0.0413,0.00108,0.857,0.0613,0.242,122.989,4
spotify:track:0ihush2kQPtal6qEMEdJB4,"Halos","Halos","Hollt",2020-07-24,411457,29,false,t!cktack,2021-05-13T21:02:29Z,"melodic techno,melodic house,progressive house","Radikon",0.811,0.901,8,-8.515,1,0.0565,0.0288,0.84,0.0948,0.0388,122.001,4
spotify:track:6kvgeyNduS0YwPKPc6hOmH,"In This Dark Time - Two Are Remix","In This Dark Time","Aime Simone;Two Are",2020-10-12,473114,0,false,t!cktack,2021-05-13T21:02:52Z,"melodic techno,progressive house,melodic house","Siona Records",0.696,0.817,11,-7.488,0,0.0388,0.00779,0.656,0.107,0.271,122.004,4
spotify:track:5qRRnuJuzSzGOCAbCCeuqn,"Tokyo","Tokyo","Alexander Alar;Sonita",2020-08-25,445052,0,false,t!cktack,2021-05-13T21:03:19Z,"melodic techno,indie dance,melodic house,progressive house","Ritual",0.789,0.853,10,-6.294,0,0.0485,0.000345,0.818,0.0431,0.317,122.003,4
spotify:track:4u7IGG3nLSAqQDZdvvn6BE,"Milky Way","Milky Way EP","AfterU;Space Motion",2020-11-30,374000,0,false,t!cktack,2021-05-13T21:03:38Z,"melodic techno,melodic house,afro house,afro tech,progressive house,tribal house","Space Motion Records",0.799,0.729,7,-9.353,1,0.0695,0.000484,0.83,0.112,0.0991,124.014,4
spotify:track:5HyDeONUdLR9uYy91DVfWn,"Pifia","Mantra","Cherry (UA)",2020-12-07,384400,0,false,t!cktack,2021-05-13T21:03:56Z,"melodic techno,melodic house,progressive house,indie dance","Siona Records",0.671,0.797,9,-6.006,1,0.0405,0.000112,0.845,0.086,0.262,123.02,4
spotify:track:6sFpXFfhAkFTXEbEbxmVLn,"Alone","Not Alone - EP","Far&High",2020-08-21,418101,0,false,t!cktack,2021-05-13T21:04:13Z,"indie dance,melodic techno,melodic house","Diynamic Music",0.795,0.807,1,-7.942,1,0.0463,0.00312,0.802,0.0893,0.71,120.999,4
spotify:track:3nQPkePHredC24hsQBmlbj,"Best of Me - Radio Edit","Best of Me (Radio Edit)","ARTBAT;Sailor & I",2020-09-11,229440,0,false,t!cktack,2021-05-13T21:04:31Z,"melodic techno,melodic house,techno,progressive house","METAPHYSICAL",0.552,0.944,4,-7.918,0,0.0623,0.00202,0.333,0.256,0.0384,124.97,4
spotify:track:1rlNpTZ4vEU69lBnC4z7Kt,"Panic Room - Club Mix","Panic Room","Au/Ra;CamelPhat",2018-07-28,425122,37,false,t!cktack,2021-05-13T21:05:24Z,"melodic techno,house,progressive house,melodic house,tech house","RCA Records Label",0.663,0.866,7,-7.046,0,0.0369,0.00125,0.4,0.0346,0.283,122.997,3
spotify:track:1HHxzXIdk5XJrG8TJHEWq5,"Return to Oz - ARTBAT Remix","Return to Oz (ARTBAT Remix)","Monolink;ARTBAT",2019-05-17,480000,46,false,t!cktack,2021-05-13T21:05:09Z,"melodic techno,melodic house,techno,progressive house","Embassy One",0.854,0.93,2,-7.528,1,0.0439,0.563,0.697,0.0815,0.192,123.998,4
spotify:track:6ILgZZZnxyXRSvzSlpuNIz,"Run Run Run - Adam Port Remix","White Noise Romantica","Yeah But No;Adam Port",2020-05-29,341500,35,false,t!cktack,2021-05-11T12:53:01Z,"melodic house,melodic techno,afro house,house","Keinemusik",0.681,0.813,10,-8.274,0,0.0404,0.0000612,0.817,0.142,0.104,122.018,4
spotify:track:4mIfoLqE8d0R13Olbz995G,"Face to Face","Ghost Lead","A2Z",2020-08-24,499125,9,false,t!cktack,2021-05-11T12:53:16Z,"melodic techno,progressive house,melodic house","RunAfter Records",0.497,0.895,7,-6.819,1,0.0704,0.00217,0.634,0.0985,0.121,118.699,4
spotify:track:5qpS8gSEodhhemzJMTMDMR,"Capella","Stardust","Binaryh",2020-10-05,462580,16,false,t!cktack,2021-05-11T12:53:38Z,"melodic techno,melodic house,progressive house,techno,minimal techno","Black Rose Recordings",0.78,0.598,1,-11.968,1,0.0694,0.0449,0.888,0.09,0.0931,124.002,4
spotify:track:3xRI0sPeJRmkJQUOZZNOZU,"Otherside - Edit","Otherside","Monolink",2020-09-18,266377,21,false,t!cktack,2021-05-11T12:53:56Z,"melodic techno,melodic house,techno","Embassy One",0.705,0.59,9,-10.463,0,0.0387,0.0567,0.0299,0.0728,0.207,123.014,4
spotify:track:1BJ1QILhnleYUk6Zq6r1ye,"Alien - Radio Edit","Alien","Space Motion",2020-08-17,220665,0,false,t!cktack,2021-05-11T12:54:15Z,"melodic techno,afro house,melodic house,afro tech,progressive house,tribal house","Space Motion Records",0.608,0.815,8,-10.271,1,0.0657,0.01,0.929,0.112,0.0331,108.834,1
spotify:track:1wY8KPBGYYQyeKpFCzsFiv,"Wrong or Right","Wrong Or Right","Stylo;Space Motion",2020-09-07,422661,0,false,t!cktack,2021-05-11T12:54:29Z,"melodic techno,melodic house,afro house,tribal house,progressive house,afro tech","Space Motion Records",0.746,0.865,6,-10.15,0,0.0419,0.00135,0.529,0.0839,0.119,124.005,4
spotify:track:1WvzTUWhpdAkRAesO6N28H,"Truth (Radio Version)","Truth \ Replica","RE\MIND;Coco",2020-09-28,236000,4,false,t!cktack,2021-05-11T12:54:50Z,"afro house,afro tech,melodic house","Somatic Records",0.652,0.751,5,-9.75,1,0.0359,0.0385,0.622,0.101,0.103,121.973,4
spotify:track:7h6hFSQFaqMWDQnBYCAOga,"Atlas","Atlas","Entel",2020-10-12,399360,0,false,t!cktack,2021-05-11T12:55:05Z,"melodic techno,progressive house,progressive trance","Entelect",0.716,0.666,6,-7.422,0,0.0768,0.0385,0.851,0.078,0.102,125.001,4
spotify:track:5qRRnuJuzSzGOCAbCCeuqn,"Tokyo","Tokyo","Alexander Alar;Sonita",2020-08-25,445052,0,false,t!cktack,2021-05-11T12:55:19Z,"melodic techno,indie dance,melodic house,progressive house","Ritual",0.789,0.853,10,-6.294,0,0.0485,0.000345,0.818,0.0431,0.317,122.003,4
spotify:track:4zKBuka0QXzX9GymodEHbN,"Avgust - Original Mix","Play this tune","Noidor",2020-08-03,362562,1,false,t!cktack,2021-05-11T12:55:33Z,"indie dance,melodic techno,progressive house","Project 13",0.667,0.649,0,-11.498,1,0.035,0.109,0.859,0.1,0.125,122.009,4
spotify:track:6cpe4oNhyyo4i2LTDyudoR,"Lost - Edit","This Is Not Our Universe","Tinlicker;Run Rivers",2019-09-27,329159,48,false,t!cktack,2021-05-11T12:55:48Z,"melodic house,progressive house,melodic techno","Anjunabeats",0.546,0.851,5,-6.699,0,0.0363,0.00472,0.736,0.195,0.0393,123.989,4
spotify:track:6j0ao2DgHem5dpnGeHwufi,"Walking Away","Walking Away","Mind Against",2020-03-13,425906,0,false,t!cktack,2021-05-11T12:56:40Z,"melodic techno,melodic house,techno,minimal techno","Afterlife",0.636,0.519,1,-10.363,1,0.0581,0.00305,0.847,0.0933,0.0686,119.995,4
spotify:track:0ihush2kQPtal6qEMEdJB4,"Halos","Halos","Hollt",2020-07-24,411457,29,false,t!cktack,2021-05-11T12:56:46Z,"melodic techno,melodic house,progressive house","Radikon",0.811,0.901,8,-8.515,1,0.0565,0.0288,0.84,0.0948,0.0388,122.001,4
spotify:track:34ia6Imd9IERlpUccZ5IOM,"Numbers feat. Odd Beholder - Kölsch Remix Short","Numbers (Kölsch Remix Short)","Douglas Greed;Odd Beholder;Kölsch",2020-09-11,291747,15,false,t!cktack,2021-05-11T12:56:51Z,"minimal techno,melodic techno,melodic house,techno","3000° Grad",0.64,0.732,2,-6.163,1,0.0355,0.000719,0.249,0.17,0.0843,127.027,4
spotify:track:2Ksd5WwJY9EAqkWT6UibBi,"Never Give Up","Never Give Up","Mathame",2020-03-27,180114,33,false,t!cktack,2021-05-11T12:57:10Z,"melodic techno,melodic house,techno","Columbia/B1 Recordings",0.605,0.823,5,-5.334,0,0.0359,0.00544,0.014,0.205,0.145,126.984,4
spotify:track:5CI4uc5U66KH9g4nklN2JO,"Domino - Rework Edit","Domino Remixes","Oxia",2017-02-24,222416,52,false,t!cktack,2021-05-11T12:57:37Z,"techno,minimal techno","Sapiens Recordings",0.725,0.855,1,-9.101,0,0.0435,0.0017,0.921,0.076,0.123,126.034,4
spotify:track:7KtlJnuaR9C3ZgMoO2J9gV,"Packard - Blomqvist & Schories Sunrise Edit","Packard","Oliver Schories;Jan Blomqvist",2020-06-19,220789,26,false,t!cktack,2021-05-11T12:58:14Z,"minimal techno,melodic techno,deep house,techno,melodic house","Pracht",0.67,0.716,6,-9.622,1,0.15,0.0176,0.198,0.227,0.368,122.984,4
spotify:track:6hqu1HMO6tIMRwY7pSUeIB,"Visitors","Visitors","Massano",2020-01-17,437503,0,false,t!cktack,2021-05-11T12:58:37Z,"melodic techno,melodic house,techno","Eternity Sounds",0.764,0.632,5,-9.108,0,0.0459,0.00761,0.909,0.107,0.0378,124.005,4
spotify:track:5hPFwgtFbT7qvttQonJBhv,"Mars - Original Mix","Iris","Revival Agents;Korolova",2021-03-15,451451,0,false,t!cktack,2021-05-11T12:58:55Z,"progressive house,melodic techno,melodic house","MIR MUSIC",0.775,0.796,7,-9,1,0.046,0.00265,0.852,0.124,0.0456,123.997,4
spotify:track:04VUSnVGQeLgbq5JkQIV7e,"Nova - Extended Mix","Nova","YOTTO",2019-08-20,484101,0,false,t!cktack,2021-05-11T12:59:28Z,"melodic house,progressive house,melodic techno,deep house","Odd One Out",0.771,0.732,4,-9.351,1,0.0591,0.00011,0.907,0.069,0.0776,123.986,4
spotify:track:5IFqeyAUqtGdkqQWhIAfm0,"Vinsobre","Vinsobre","Black Space;Yann Menge",2020-09-25,430819,0,false,t!cktack,2021-05-11T12:59:48Z,"melodic house,melodic techno,progressive house","Einmusika Recordings",0.784,0.776,1,-7.373,1,0.0401,0.000142,0.856,0.0705,0.496,122.002,4
spotify:track:0K6bIJ9sl491vCZwU8lPkC,"Singularity","Singularity","Stephan Bodzin",2015-05-25,421306,1,false,t!cktack,2021-05-11T13:00:09Z,"melodic techno,minimal techno,techno,melodic house","Life And Death",0.754,0.499,10,-12.01,0,0.0488,0.0466,0.882,0.093,0.038,120.998,4
spotify:track:4nKCEaOCVl9D7VqqTuKFwU,"Aftertime","Unity","Franky Wah",2020-04-03,474989,0,false,t!cktack,2021-05-11T13:00:12Z,"melodic house,melodic techno,progressive house","Afterlife",0.351,0.769,1,-9.729,0,0.0391,0.00172,0.89,0.0833,0.346,124.017,4
spotify:track:6MN5Re7RfkTfW0pXbYb3wn,"Driller - Teenage Mutants Remix","Driller (Inc. Remixes)","UMEK;YellowHeads;Teenage Mutants",2020-08-28,420000,0,false,t!cktack,2021-05-11T13:00:20Z,"techno,acid techno,minimal techno,hard techno","1605",0.751,0.954,10,-6.898,0,0.0423,0.000627,0.815,0.0611,0.197,127.997,4
spotify:track:4IXSGJxrIlCPmqavZe6agZ,"Sky's Only a Memory","Excelsior","Wielki",2019-09-30,499000,16,false,t!cktack,2021-05-11T13:00:29Z,"melodic techno","Movement Recordings",0.774,0.906,1,-8.433,1,0.0433,0.071,0.915,0.103,0.157,123.995,4
spotify:track:6bTpkHoxd4Ql5RV3qTF7ni,"Circus","Circus","Who Else;Zagitar",2020-01-17,446716,17,false,t!cktack,2021-05-11T13:00:50Z,"melodic techno,indie dance,melodic house,progressive house","Balance Music",0.791,0.874,1,-9.2,0,0.068,0.000287,0.889,0.0818,0.454,122.994,4
spotify:track:13kdVKuntj479W3t95rvEX,"Nightshapes - Bigfett Remix","Nightshapes","Korolova;MotherEarth;Tyoz;Bigfett",2024-02-02,189773,36,false,t!cktack,2024-02-23T19:26:50Z,"melodic techno,melodic house,progressive house","Captive Soul",0.566,0.885,7,-6.707,1,0.0395,0.00232,0.169,0.556,0.116,123.981,4
