Track URI,Track Name,Album Name,Artist Name(s),Release Date,Duration (ms),Popularity,Explicit,Added By,Added At,Genres,Record Label,Danceability,Energy,Key,Loudness,Mode,Speechiness,Acousticness,Instrumentalness,Liveness,Valence,Tempo,Time Signature
spotify:track:3VY92N8E7bbuoBH4aBD79X,"Hysteria - Radio Edit","Hysteria (Super Deluxe)","Def Leppard",1987-08-03,228534,34,false,,2026-01-25T18:57:27Z,"glam metal,glam rock,classic rock","UMC (Universal Music Catalogue)",0.676,0.847,7,-5.565,1,0.0258,0.0591,0.00408,0.233,0.716,106.994,4
spotify:track:2PFIZFcGry0po3ZfRZkzKc,"Hysteria","Hysteria","Def Leppard",1987-08-03,354636,75,false,,2026-01-25T17:54:13Z,"glam metal,glam rock,classic rock","UMC (Universal Music Catalogue)",0.659,0.846,7,-5.508,1,0.0274,0.0318,0.0144,0.203,0.659,107.01,4
spotify:track:0G0KIpUGAhn3Hp6huH5hLz,"Where Do You Go?","Where Do You Go?","TJ Gurn",2025-05-01,238333,6,false,,2025-12-03T17:29:21Z,"","TJ Gurn",0.567,0.303,8,-8.951,1,0.0294,0.404,0.0000257,0.193,0.223,144.246,4
spotify:track:7k2YkYZsJfx1ArzbNsCIPS,"A Glass of Champagne","A Glass of Champagne","Belinda Howard",2025-09-11,150204,14,true,,2025-12-03T17:18:27Z,"","K-Works/EMI- Sony Music. Publishing for the USA only.Published by Sashay Music. Inc.-All Rights Administered by Chappel",0.643,0.891,10,-5.189,1,0.05,0.0401,0.000019,0.274,0.875,139.974,4
spotify:track:1YaLMba3ZJY6D0vemRrcNf,"Eternity","Ascension","Celestial Apexion",2025-09-01,257919,36,false,,2025-12-03T16:50:05Z,"aor,arena rock","Salerno Studios",0.435,0.729,10,-9.177,1,0.0442,0.000143,0.00000524,0.36,0.0972,129.055,4
spotify:track:0fSxVVrCzsSeHcTvaDxlBz,"Carry Me Away","Ascension","Celestial Apexion",2025-09-01,211959,39,false,,2025-12-03T16:44:19Z,"aor,arena rock","Salerno Studios",0.562,0.725,9,-8.301,1,0.0375,0.0000162,0.0000463,0.134,0.22,129.479,4
spotify:track:5glixrXE0xtxbMQchXNtxL,"The Story","Vengeance Is Mine","Serious Black",2022-02-25,231746,42,false,,2025-12-02T14:04:52Z,"power metal,symphonic metal,speed metal","AFM Records",0.482,0.587,11,-5.195,1,0.0271,0.0312,0.0000367,0.223,0.129,93.683,4
spotify:track:4eMxLQtSdgxdA1Hs6D2YuN,"In Hell I'll Be in Good Company","Good Company","The Dead South",2014-04-26,245320,68,false,,2025-11-22T15:39:09Z,"bluegrass,southern gothic,newgrass","Six Shooter Records Inc.",0.772,0.235,7,-9.075,0,0.0479,0.753,0.00125,0.111,0.703,154.802,4
spotify:track:65Pcgf4LVtFACTkkZcl1Rm,"Braveheart Child","Braveheart Child","Ulfhednar AImusic",2025-08-29,269679,32,false,,2025-11-09T18:59:23Z,"chinese rock","9334651 Records DK",0.368,0.91,10,-7.126,0,0.0851,0.000374,0.000102,0.174,0.37,174.023,4
spotify:track:1StSykSTb6KsBHCGxA36AF,"Holding On","Holding On","Notörious",2025-07-04,307005,17,false,,2025-11-08T21:42:32Z,"aor,glam metal,arena rock,hard rock","No Name",0.68,0.539,11,-9.469,1,0.0329,0.000485,0.792,0.171,0.249,123.912,4
spotify:track:3oKImkA8UM1NTsvoBBcm39,"Turn Up the Radio","Turn Up the Radio","Steve Plunkett",2025-08-19,286363,5,false,,2025-08-31T07:32:29Z,"aor,arena rock,glam metal","Cleopatra Records",0.642,0.585,2,-6.372,1,0.0327,0.000399,0.00301,0.22,0.329,110.024,4
spotify:track:0og2U8tsBAR7NJysRR6uBU,"Mediterranean Sundance / Rio Ancho - Live at Warfield Theatre, San Francisco, CA - December 5, 1980","Friday Night in San Francisco","Al Di Meola;John McLaughlin;Paco de Lucía",1981,693060,46,false,,2025-08-20T14:07:03Z,"jazz fusion,flamenco,jazz","Columbia/Legacy",0.415,0.576,4,-11.628,0,0.0331,0.834,0.808,0.698,0.556,100.54,4
spotify:track:6qHbew6CbbKGlYyqGXpPn6,"Regal Terror","Regal Terror","Tokt",2025-05-09,219320,21,true,,2025-08-02T11:08:06Z,"","RB RECORDS",0.42,0.786,4,-6.388,0,0.0412,0.000384,0.00499,0.564,0.0526,161.973,4
spotify:track:0S3gpZzlT9Hb7CCSV2owX7,"Mama, I'm Coming Home","No More Tears (Expanded Edition)","Ozzy Osbourne",1991-09-17,251869,75,false,,2025-08-02T10:51:24Z,"metal,glam metal,heavy metal,hard rock","Epic",0.282,0.656,8,-6.557,1,0.0302,0.0105,0,0.0892,0.242,139.352,4
spotify:track:78PKCefXwDLbl4FVO1Pjzh,"Dreamer","Down To Earth","Ozzy Osbourne",2001-10-16,284902,69,false,,2025-08-02T10:08:12Z,"metal,glam metal,heavy metal,hard rock","Epic",0.493,0.636,1,-7.408,1,0.0256,0.0629,0.00000249,0.0921,0.279,79.419,4
spotify:track:1nr9EZdOkarDuJQL8SKZmO,"In The Name Of Rock'n'Roll","In The Name Of Rock'n'Roll","Nestor",2025-05-06,280305,35,false,,2025-08-02T10:03:49Z,"aor,arena rock","Napalm Records Handels GmbH",0.491,0.858,9,-4.909,1,0.0315,0.000117,0.000184,0.147,0.724,142.056,4
spotify:track:1bQjuXwF1bJQnW3MiuaIR6,"We Remember You","GO!","Roulette",2025-07-25,221812,18,false,,2025-07-31T20:33:04Z,"aor,arena rock","Black Lodge Records",0.607,0.778,6,-4.389,1,0.0326,0.000553,0.000184,0.0648,0.519,129.985,4
spotify:track:5EVsH8gD8JRdhk4Y8nscmM,"Stolen Hearts","Defenders of the Ionosphere","The Vatcher Brothers",2024-01-26,240545,23,false,,2025-07-31T17:51:31Z,"","Beaternity Records",0.569,0.572,9,-6.301,1,0.0288,0.0755,0,0.0932,0.432,109.959,4
spotify:track:7hpAAp6MHdHg02ivp9Qbq0,"go far from me","go far from me","GELASTER MUSIC",2025-03-05,192298,21,false,,2025-07-31T17:31:21Z,"","GELASTER MUSIC",0.464,0.56,2,-13.176,0,0.0385,0.000144,0.0000424,0.495,0.256,90.106,4
spotify:track:2YA3X19t7YDIzSJCQLt1rD,"Believing","Believing","Rocker C",2024-08-09,262071,40,false,,2025-07-30T05:09:59Z,"","EC Music",0.457,0.817,5,-5.637,0,0.0343,0.0516,0.000336,0.0919,0.228,139.939,4
spotify:track:2Qmf8FFj2zKicY86pitOI3,"Light Can Only Shine In The Darkness","Light Can Only Shine In The Darkness","Lord Of The Lost;Within Temptation",2025-07-23,216653,40,false,,2025-07-25T10:51:51Z,"gothic metal,industrial metal,gothic rock,medieval metal,industrial,industrial rock,symphonic metal,power metal,metal","Napalm Records Handels GmbH",0.483,0.759,1,-4.661,0,0.0402,0.00185,0.0000339,0.139,0.243,92.102,4
spotify:track:6TA8mUL3TjaNqf9kuYBojR,"Ribbon in my hair","Ribbon in my hair","KARAVIRS",2025-07-04,230039,47,false,,2025-07-18T09:40:38Z,"","AIron Heart Records",0.412,0.43,6,-9.272,1,0.0463,0.0316,0,0.181,0.242,171.626,4
spotify:track:1aXFBWnnPFRKUN7vuIA5h0,"Turn The Page","Garage Inc.","Metallica",1998-01-01,366466,68,false,,2025-07-11T10:32:50Z,"metal,thrash metal,rock,heavy metal,hard rock","Blackened Recordings / Universal Music",0.426,0.813,8,-3.963,1,0.0318,0.0000194,0.022,0.0937,0.228,149.013,4
spotify:track:3R1V7mSWHA4FZ51awfW0cw,"Voices in the Fire","Satanized Man","Operator",2025-04-04,205078,20,false,,2025-06-08T12:22:34Z,"","RAVAL MUSIC",0.49,0.781,7,-7.608,1,0.0355,0.000619,0,0.296,0.349,171.981,4
spotify:track:0tnJnhssxtg6CpMysvbkX4,"Umbra","Skeletá","Ghost",2025-04-25,331800,60,false,,2025-05-31T13:20:37Z,"metal,hard rock","Loma Vista Recordings",0.432,0.97,7,-5.388,0,0.074,0.00164,0.325,0.146,0.331,172.041,4
spotify:track:1QPwcKcHuiZVo77rEMlZZa,"Wild and Untamed","Wild and Untamed","Millstöne",2025-05-02,373560,23,true,,2025-05-25T04:38:42Z,"","Millstöne/Hillroad Records",0.49,0.921,2,-5.47,1,0.0613,0.00146,0.000253,0.372,0.33,135.042,4
spotify:track:6ybRWbM4jdku0Pk8SzjORB,"Skal","Level 12","Miracle Of Sound",2023-06-02,168948,63,false,,2025-05-19T14:37:50Z,"sea shanties,medieval,medieval metal","Miracle Of Sound",0.617,0.657,7,-8.854,1,0.0288,0.313,0.0000443,0.354,0.571,83.997,4
spotify:track:36qn2bFfZzUwM6eIv2XOc9,"Titles","Chariots Of Fire (Original Motion Picture Soundtrack / Remastered)","Vangelis",1981-03-14,213893,56,false,,2025-04-30T23:28:21Z,"new age","UMC (Universal Music Catalogue)",0.486,0.312,1,-16.772,1,0.0317,0.206,0.734,0.0854,0.11,135.988,4
spotify:track:42COu0u76ahdsby0hKfMPH,"Was ist hier los?","Sturmfahrt","Eisbrecher",2017-08-18,212506,51,false,,2025-04-20T15:26:43Z,"industrial metal,industrial,industrial rock,medieval metal,ebm","Ariola/Hansa Local",0.643,0.933,0,-4.259,1,0.0327,0.00112,0.00227,0.472,0.656,123.021,4
spotify:track:2PIrlAdig9MxYLMYId11rg,"Black Rose","Seal The Deal & Let's Boogie (Deluxe)","Volbeat;Danko Jones",2016-06-03,235306,62,false,,2025-04-20T15:17:14Z,"rock,metal","Vertigo Berlin",0.488,0.884,4,-3.832,1,0.0543,0.0091,0.00000566,0.0839,0.495,161.957,4
spotify:track:6HlYrk5AuljlJpzYgr8zh1,"The Ghost of Tom Joad - Electric Version","High Hopes","Bruce Springsteen",2014-01-14,453853,35,false,,2025-04-15T16:12:05Z,"","Columbia",0.317,0.643,4,-6.869,0,0.0296,0.000618,0.000479,0.073,0.151,169.811,4
spotify:track:5pbmSyK67ASTZExAX3TrDP,"Rain in the River","Rain in the River","Bruce Springsteen",2025-04-03,192226,35,false,,2025-04-11T21:01:45Z,"","Columbia/Legacy",0.426,0.915,5,-5.19,1,0.0389,0.000683,0.00275,0.0643,0.355,151.794,4
spotify:track:1feq6TSc4s8XyxzWHNVr3R,"Mera Brännvin","Mera Brännvin","Mustasch",2024-08-28,232528,26,true,,2025-04-02T08:44:27Z,"stoner rock","Mustasch",0.464,0.944,11,-2.996,0,0.0702,0.000391,0.0000306,0.0988,0.516,170.125,4
spotify:track:3sstclc293fAVQCiTYLYqU,"High On You (feat. Nikki Sixx)","Evil World Machine","Crossbone Skully",2024-11-22,229481,21,false,,2025-04-02T08:43:52Z,"","Better Noise Music",0.538,0.922,7,-4.53,1,0.0425,0.0000565,0.0149,0.316,0.436,124.03,4
spotify:track:4woiDBGTwMRc5OPy0gw2sj,"Hots for You","Hots for You","Munatix",2025-01-03,193200,25,false,,2025-04-02T08:13:54Z,"","Munatix",0.488,0.737,7,-8.481,1,0.0522,0.000117,0.000578,0.147,0.586,149.961,4
spotify:track:2SoDlaY3DnLKIln9wHUhgX,"Burning Bridges","Stereo Crush","Gotthard",2025-03-21,217106,26,false,,2025-03-30T13:12:43Z,"aor,arena rock,hard rock","Reigning Phoenix Music",0.636,0.846,0,-4.912,1,0.032,0.00702,0,0.128,0.308,104.958,4
spotify:track:3UkDPWRX41JzEE1Dka4eoI,"Walking Through Fire","Walking Through Fire","The Darkness",2025-02-24,174480,23,true,,2025-03-28T22:31:31Z,"glam metal","Cooking Vinyl Limited",0.465,0.813,11,-3.562,1,0.0377,0.00491,0.0018,0.0929,0.682,134.96,4
spotify:track:49q67fOFH8hDvyOIN3wtap,"All The Light","All The Light","Ryan Harris",2024-07-31,207531,60,false,,2025-03-28T22:04:48Z,"indie folk","Whitegold Records",0.645,0.333,1,-13.601,1,0.0286,0.71,0.759,0.104,0.149,78.946,4
spotify:track:3p82oFueSOlMnxEoex450n,"Hold On","Hold On","Sons Of The East",2013-03-01,230616,56,false,,2025-03-28T21:59:52Z,"indie folk,folk pop","Sons Of The East Music",0.632,0.7,11,-7.484,0,0.0327,0.103,0.000823,0.136,0.416,112.038,4
spotify:track:12ultei6RG7H4r06wJii5h,"Malibu","RUSHMERE","Mumford & Sons",2025-03-28,242946,55,false,,2025-03-28T21:15:35Z,"folk,indie folk,folk rock","Universal-Island Records Ltd.",0.48,0.293,0,-8.858,1,0.035,0.0916,0.000138,0.108,0.161,136.189,5
spotify:track:5vZWYzEZ14cPcsdAXezdQY,"California","Lean Into Life","Petey USA",2022-09-29,276453,41,false,,2025-03-28T20:21:36Z,"","Terrible Records",0.644,0.87,2,-7.382,1,0.029,0.123,0.806,0.1,0.412,127.008,4
spotify:track:3bAoghFUTVwGYXYnzRqhCf,"I Don't Care - US Version","I Don't Care","Apocalyptica;Adam Gontier",2008-05-30,221493,63,false,,2025-03-28T20:08:21Z,"symphonic metal","HARMAGEDDON RECORDS / OMN LABEL SERVICES",0.33,0.734,2,-4.972,0,0.0416,0.000953,0,0.0874,0.256,178.986,4
spotify:track:3K4HG9evC7dg3N0R9cYqk4,"One Step Closer","Hybrid Theory (Bonus Edition)","Linkin Park",2000-10-24,157333,83,false,,2025-03-28T19:54:23Z,"nu metal,rap metal,rock,alternative metal","Warner Records",0.492,0.969,9,-4.419,1,0.0491,0.0014,0.00000132,0.0787,0.538,95.136,4
spotify:track:13muDaDmO0l0DQmX8xqnCn,"RUN FOR FOREVER","RUN FOR FOREVER","little image",2025-03-28,187245,34,false,,2025-03-28T16:22:12Z,"","Hollywood Records",0.688,0.69,2,-7.113,1,0.0532,0.00275,0.0404,0.0669,0.738,156.038,4
spotify:track:6LXafqEcSO7Ud2aXJxjnTl,"Typical Ways","Typical Ways","Culture Wars",2025-03-28,158576,1,false,,2025-03-28T15:29:54Z,"","Pool Toys Worldwide LLC",0.742,0.674,10,-4.67,0,0.0339,0.0055,0.00191,0.0823,0.928,122.999,4
spotify:track:2iaIk7z9B2ApYFQbmfSblk,"Say I…","Say I…","Dexter and The Moonrocks",2025-03-26,218792,40,false,,2025-03-28T15:11:43Z,"","Severance Records / Big Loud Rock",0.465,0.793,9,-4.535,1,0.0385,0.000898,0.000625,0.315,0.321,159.818,4
spotify:track:6N5s2LdgDrUNH0y7jfNXg7,"The Milkman","The Milkman","Petey USA",2025-03-28,177000,30,false,,2025-03-28T15:04:53Z,"","Capitol Records",0.685,0.937,9,-4.813,1,0.0383,0.0078,0.00000319,0.0807,0.914,143.049,4
spotify:track:6iWK4oyy9z1qBVbsAlwRhm,"Caroline","RUSHMERE","Mumford & Sons",2025-03-28,200373,57,false,,2025-03-28T15:01:53Z,"folk,indie folk,folk rock","Universal-Island Records Ltd.",0.452,0.868,7,-5.036,1,0.054,0.00421,0,0.109,0.476,80.048,4
spotify:track:78H8tG1mxDnKGPidHweKIz,"Mortal Dread","Dreams on Toast","The Darkness",2025-03-28,209866,31,false,,2025-03-28T14:54:42Z,"glam metal","Cooking Vinyl Limited",0.496,0.837,9,-4.68,1,0.0336,0.00119,0.0000611,0.132,0.633,140.666,4
spotify:track:2wAZLY1WPxpmiaoNhMQ2Eu,"All Bottoms Up","Light the Fuse","AB/CD",2025-01-10,228053,10,false,,2025-03-11T02:06:14Z,"","Brynolf Records",0.462,0.939,4,-5.746,0,0.102,0.00803,0.224,0.699,0.401,177.084,4
spotify:track:5GBKUK8HSYyWCUjg2vm8zV,"Love Will Find a Way","Infected","Shakra",2007-05-18,236333,32,false,,2025-03-11T00:55:04Z,"arena rock,hard rock,aor","AFM Records",0.26,0.654,10,-6.575,0,0.0347,0.208,0,0.0894,0.229,71.876,4
spotify:track:2aWN4von4OYYH3QzxKAO1D,"Back to L.A.","Never Say Never","Sari Schorr",2018-10-05,212320,33,false,,2025-03-11T00:49:57Z,"blues rock,modern blues,blues","Manhaton Records",0.579,0.789,4,-6.437,1,0.0289,0.0012,0,0.0988,0.651,112.994,4
spotify:track:5rALt4Wpnrg4cozU7lpnoK,"Hopeless","Everest","Shakra",2009-04-17,225400,34,false,,2025-03-11T00:48:40Z,"arena rock,hard rock,aor","AFM Records",0.484,0.665,3,-6.901,0,0.0366,0.0097,0.000437,0.109,0.139,160.077,4
spotify:track:1jVPx8uhbYgtkiasQjGnWn,"Give It a Try","You Make Me Feel - The Ballads","Bonfire",2009-06-18,272000,36,false,,2025-03-11T00:47:12Z,"arena rock,aor,glam metal,hard rock","AFM Records",0.477,0.519,6,-7.9,1,0.0284,0.0226,0.0115,0.0609,0.231,130.052,4
spotify:track:6E6ilZokmj9PnBi6k7M4FZ,"Something You Don't Understand","Snakes & Ladders","Shakra",2017-11-10,240344,44,false,,2025-03-11T00:42:29Z,"arena rock,hard rock,aor","AFM Records",0.62,0.824,10,-5.444,0,0.0283,0.000334,0.0173,0.12,0.213,121.092,4
spotify:track:0R8RPX2gXcCPQMla9WIROE,"Ready To Fly","Eternity","Alien",2014-06-18,229253,30,false,,2025-03-11T00:41:15Z,"aor,arena rock,glam metal,glam rock","Alien",0.455,0.669,6,-5.034,0,0.0373,0.00873,0,0.18,0.201,133.962,4
spotify:track:6ap82DD5UEs3e63CqGiioP,"You Make Me Feel","You Make Me Feel - The Ballads","Bonfire",2009-06-18,284440,48,false,,2025-03-11T00:39:35Z,"arena rock,aor,glam metal,hard rock","AFM Records",0.461,0.52,6,-7.049,0,0.0325,0.00321,0.0183,0.134,0.256,124.937,4
spotify:track:0oSWtS8XpR7MdLzIbc2hM7,"Open Water","Snakes & Ladders","Shakra",2017-11-10,275168,38,false,,2025-03-11T00:36:38Z,"arena rock,hard rock,aor","AFM Records",0.477,0.737,10,-5.784,0,0.0277,0.00845,0.000349,0.112,0.195,144.066,4
spotify:track:0ztqey3VhIZ3WINFu8kCo1,"Friendships","Friendships","Pascal Letoublon",2017-09-05,242015,69,false,,2025-02-16T14:01:34Z,"","Suprafive",0.726,0.78,11,-6.312,0,0.0414,0.137,0.914,0.0985,0.0742,119.984,4
spotify:track:2WeulxdGLxTDADzJ0uJyEZ,"There's a Time","Album: the Crowing of the Cock Is the Harbinger of Dawn","T.M.C.L.",2025-01-22,445200,16,false,,2025-02-15T19:06:11Z,"","igroovemusic.com",0.487,0.502,9,-5.86,1,0.0294,0.04,0.000163,0.12,0.237,128.035,4
spotify:track:2SPG6gQhXDgUyLtwZnHvLu,"Dynamite","Dynamite","The Euros",2025-01-29,172015,9,false,,2025-02-15T19:03:36Z,"","The Euros",0.466,0.933,1,-5.037,1,0.0392,0.000176,0.458,0.102,0.702,155.031,4
spotify:track:3oY0qu8PC5gf7DkXP6ANx3,"Banana Boat Song","Banana Boat Song","Harry Belafonte",2012-11-01,184653,46,false,,2025-02-01T17:20:31Z,"calypso","Wnts",0.438,0.0698,1,-20.192,1,0.0998,0.973,0.0854,0.105,0.24,92.359,3
spotify:track:2cUrFxWIFksyDH3DGuFfFB,"Guitar Playboy","Guitar Playboy","OVERDRIVERS",2024-12-11,231000,12,false,,2025-01-25T11:34:54Z,"hard rock","Roar",0.665,0.69,0,-4.67,1,0.0305,0.0000237,0.66,0.14,0.605,99.994,4
spotify:track:44gWlrftPzNCGC9nVTIVAV,"Victory","Armor of Light","Riot V",2018-04-27,280083,24,false,,2025-01-11T17:16:20Z,"speed metal,power metal,heavy metal","Nuclear Blast",0.384,0.947,11,-4.3,0,0.0908,0.00000485,0.00175,0.0963,0.204,179.926,4
spotify:track:42scnHlial9tmOzK6MBJFt,"Little Drops Of Heaven","Pandemonium","Pretty Maids",2010-05-14,277453,42,false,,2025-01-09T19:19:13Z,"aor,arena rock,hard rock,glam metal,heavy metal,power metal","Frontiers Records",0.552,0.791,11,-5.342,0,0.057,0.00138,0.0000177,0.0936,0.233,115.019,4
spotify:track:4IUMSDTVvUellFQ7RxI3kZ,"The Tower","The Tower","LUNA",2024-01-23,180333,42,false,,2024-12-27T19:21:50Z,"melodic techno","Universal Music Polska Sp. z o.o.",0.578,0.873,5,-7.14,1,0.0663,0.00248,0.0221,0.263,0.693,155.976,4
spotify:track:3oBLl4dcPM0AGedFSnGh6W,"Subterranean - Chill Mix","Subterranean (Chill Mix)","Miss Monique;AVIRA;LUNA",2024-06-14,184766,18,false,,2024-12-27T19:20:00Z,"melodic techno,melodic house,progressive house,techno,trance,progressive trance","Armada Music",0.696,0.707,8,-8.879,0,0.0394,0.0729,0.194,0.158,0.303,117.975,4
spotify:track:6Mo6gPY1ci7oU20Zg1ew5l,"Yuve Yuve Yu (feat. From Ashes to New)","The Gereg (Deluxe Edition)","The HU;From Ashes to New",2020-07-10,253863,49,false,,2024-12-13T11:21:28Z,"folk metal,rap rock,rap metal","Endurance Music Group",0.552,0.971,10,-4.754,0,0.0642,0.00985,0.00615,0.164,0.537,131.997,4
spotify:track:0QjIA8SzNBNYjrICbkG4Ov,"All The Things She Said","t.A.T.u. - The Best","t.A.T.u.",2006-01-01,212266,48,false,,2024-12-05T19:54:14Z,"","Interscope",0.602,0.825,5,-6.191,0,0.039,0.0328,0.00527,0.121,0.397,89.971,4
spotify:track:5apqvYAuduliTmtan7z0EU,"All About Us","t.A.T.u. - The Best","t.A.T.u.",2006-01-01,181546,37,false,,2024-12-05T19:53:34Z,"","Interscope",0.473,0.906,7,-3.574,0,0.0378,0.43,0.0000168,0.288,0.653,162.157,4
spotify:track:4JpeI5iXSVfVY1BV6dx8gr,"Ne Zhaley","Happy Smiles","t.A.T.u.",2008-10-21,186626,26,false,,2024-12-05T19:50:22Z,"","T.A.Music",0.645,0.451,3,-6.068,1,0.0305,0.608,0.00000284,0.083,0.135,119.991,4
spotify:track:4eRLK1vLJxTWL5UZMiNIfD,"You and I","Happy Smiles","t.A.T.u.",2008-10-21,196333,44,false,,2024-12-05T19:36:53Z,"","T.A.Music",0.593,0.799,5,-5.564,0,0.0266,0.00525,0,0.169,0.594,172.026,4
spotify:track:3UygY7qW2cvG9Llkay6i1i,"Going Under","Fallen","Evanescence",2003-03-04,214946,80,false,,2024-12-05T19:29:19Z,"alternative metal","The Bicycle Music Company",0.37,0.858,11,-4.885,0,0.0545,0.00815,0.0000212,0.229,0.464,175.077,4
spotify:track:6AfsSnbK2SeXStcOPwcjQ8,"White Robe Fly Dream Remix","Waste Management","t.A.T.u.",2009-12-15,332546,20,false,,2024-12-05T19:20:57Z,"","T.A.Music",0.619,0.946,0,-6.118,0,0.0553,0.0235,0.0383,0.668,0.504,120.013,4
spotify:track:4bJygwUKrRgq1stlNXcgMg,"All The Things She Said","200 KM/H In The Wrong Lane (10th Anniversary Edition)","t.A.T.u.",2002,214440,87,true,,2024-12-05T17:56:34Z,"","Interscope",0.527,0.834,5,-5.767,0,0.0474,0.0411,0.00599,0.105,0.381,179.92,4
spotify:track:6SmWHBXVdL14zir3Vzk0jH,"Not Gonna Get Us","200 KM/H In The Wrong Lane (10th Anniversary Edition)","t.A.T.u.",2002,261680,62,false,,2024-12-05T17:54:29Z,"","Interscope",0.684,0.864,9,-7.084,1,0.0447,0.000767,0.131,0.0986,0.149,129.982,4
spotify:track:1wS3gRK4Yryz0Vcvegifaj,"How Soon Is Now?","200 KM/H In The Wrong Lane (10th Anniversary Edition)","t.A.T.u.",2002,196173,54,false,,2024-12-05T17:26:55Z,"","Interscope",0.671,0.637,10,-7.382,1,0.054,0.0969,0.252,0.0803,0.584,100.493,4
spotify:track:2KwhAuxkPrKtXquWmilxU5,"Nas Ne Dagoniat","200 KM/H In The Wrong Lane (10th Anniversary Edition)","t.A.T.u.",2002,261506,56,false,,2024-12-05T17:17:34Z,"","Interscope",0.68,0.882,1,-7.024,0,0.0389,0.000371,0.284,0.104,0.172,129.976,4
spotify:track:34v2sh3ilJ1Qqn1Ep40cgg,"Ya Soshla S Uma","200 KM/H In The Wrong Lane (10th Anniversary Edition)","t.A.T.u.",2002,214253,61,false,,2024-12-05T17:14:33Z,"","Interscope",0.621,0.778,5,-5.234,0,0.0373,0.0522,0.155,0.104,0.41,89.986,4
spotify:track:2nyBJ7XiA78n0ZadkPKsrv,"Hard Blues","Hard Blues","OdinMann",2022-10-03,125500,20,false,,2024-11-26T16:49:06Z,"blues","OdinMann",0.505,0.907,7,-4.182,1,0.133,0.000128,0.921,0.0842,0.579,120.022,4
spotify:track:7eqL2Xm5fWjNFjaWKJJAQP,"Big Smoker Pig","21st Century Rock","77",2010-05-10,221773,35,false,,2024-11-21T18:12:57Z,"hard rock","Listenable records",0.674,0.742,9,-6.137,1,0.0385,0.00152,0.318,0.0951,0.662,132.819,3
spotify:track:68lu5r63e68LlUZ6snJEvI,"When All Is Lost","Iconoclast","Symphony X",2011-06-17,550026,41,false,,2024-11-16T14:09:32Z,"progressive metal,power metal,symphonic metal,progressive rock,metal,neoclassical,speed metal","Nuclear Blast",0.452,0.86,4,-6.434,0,0.047,0.0124,0.0000239,0.282,0.284,74.992,4
spotify:track:21IT9i3inop6WQdMbLNXqd,"Make Up Your Mind","Last Disguise","Hannan",2024-03-22,282249,10,false,,2024-11-16T14:03:20Z,"arena rock,aor","INIMICAL DRIVE",0.501,0.824,3,-4.2,1,0.0321,0.0215,0.000287,0.0743,0.319,112.049,4
spotify:track:45BQyPn9HXVESNxL9FpkMK,"Hotel California","Heavy Rock Radio","Jorn",2016-06-03,391133,36,false,,2024-11-16T12:30:48Z,"power metal,norsk rock,hard rock,heavy metal,metal","Legend Man Music",0.371,0.744,1,-5.657,1,0.0332,0.00156,0.000114,0.234,0.105,149.971,4
spotify:track:483210hjBVyKmfNVDYDx2I,"Titan's Call","Follow the Cipher","Follow The Cipher",2018-05-11,220673,46,false,,2024-10-12T23:23:50Z,"power metal,symphonic metal","Nuclear Blast",0.383,0.879,0,-2.78,0,0.0366,0.000632,0.00147,0.159,0.371,76.503,4
spotify:track:24c44AeO5CcWx2VxU0nJ0O,"Regret","Night By The Fireplace","Angst",2022-02-18,248500,32,false,,2024-10-07T11:04:31Z,"","Theocide Records",0.608,0.907,2,-2.386,0,0.0422,0.000575,0.00281,0.228,0.184,120.02,4
spotify:track:0CwkOVolvoJhO9Q2OH7zJf,"See Who I Am","The Silent Force","Within Temptation",2004-11-15,291533,0,false,,2024-09-21T23:08:21Z,"symphonic metal,gothic metal,gothic rock,power metal,metal","Sony Music/Supersonic-GUN",0.317,0.921,11,-4.25,0,0.0727,0.104,0,0.25,0.272,187.361,3
spotify:track:4GSjFSK1SM78wPTVbsSB0S,"The Reckoning","The Reckoning","Within Temptation;Jacoby Shaddix",2018-09-14,251106,48,false,,2024-09-21T23:07:55Z,"symphonic metal,gothic metal,gothic rock,power metal,metal","Vertigo Berlin",0.31,0.825,1,-4.53,1,0.0563,0.00356,0,0.641,0.475,89.885,4
spotify:track:1p5RfQ0bZ6hdHZXqNLrezn,"Young Blood","This Is Rock'n'roll","HARDBONE",2012-03-12,195426,30,false,,2024-09-17T15:47:21Z,"hard rock","Remedy Records",0.397,0.977,7,-4.135,1,0.0601,0.0000244,0.000261,0.0394,0.495,180.117,4
spotify:track:0BgmjeQyA9opC1UwOTx6Qy,"Wasted","Wasted","Chris Blaize",2019-01-27,228923,10,true,,2024-09-13T08:58:19Z,"","Chris Blaize",0.497,0.853,2,-4.435,1,0.0346,0.00156,0.00000767,0.104,0.245,130.063,4
spotify:track:0jWgAnTrNZmOGmqgvHhZEm,"What's Up?","Bigger, Better, Faster, More !","4 Non Blondes",1992-01-01,295533,86,false,,2024-09-08T19:56:06Z,"","Interscope",0.565,0.564,2,-10.044,1,0.0292,0.161,0,0.114,0.454,134.358,4
spotify:track:3mOdIVWF9d6amDmw1vxjOe,"RUN!","The end of the world","Nomy",2018-12-12,259213,47,true,,2024-09-06T08:10:13Z,"","Nomy Productions",0.384,0.981,8,-3.164,1,0.0739,0.0366,0,0.134,0.468,178.004,4
spotify:track:3tQfcn1Z3Q079ChW4D2hH4,"Summer Son","Phoenix","Enemy Inside",2018-09-28,244833,0,false,,2024-09-06T08:06:53Z,"symphonic metal,gothic metal","Rock Of Angels Records",0.501,0.952,4,-3.154,0,0.0501,0.0000764,0,0.613,0.501,125.038,4
spotify:track:1aZfq7TK3tNl9XJLkOpwKw,"Zombie - Acoustic Version","Something Else","The Cranberries",2017-04-28,241560,68,false,,2024-09-03T22:42:10Z,"","BMG Rights Management (UK) Ltd.",0.469,0.427,4,-7.954,0,0.0242,0.00415,0.0000415,0.128,0.0833,84.009,4
spotify:track:4JGKZS7h4Qa16gOU3oNETV,"Dreams","Everybody Else Is Doing It, So Why Can't We?","The Cranberries",1993-03-01,271560,83,false,,2024-09-03T22:27:50Z,"","Island Records",0.551,0.645,4,-13.093,1,0.0354,0.0031,0.00376,0.421,0.508,128.665,4
spotify:track:7EZC6E7UjZe63f1jRmkWxt,"Zombie","No Need To Argue (The Complete Sessions 1994-1995)","The Cranberries",1994-10-03,306440,28,false,,2024-09-03T22:20:52Z,"","Island Records",0.309,0.649,7,-8.994,1,0.035,0.0158,0.00591,0.367,0.312,166.915,4
spotify:track:3PFDY83WFOx6a1gxgCl8oR,"Stealin'","Sweet Freedom (Expanded Version)","Uriah Heep",1973-09-01,289173,47,false,,2024-09-03T19:30:47Z,"progressive rock,hard rock","Castle Communications",0.331,0.486,7,-12.138,1,0.0395,0.000891,0.00731,0.141,0.0647,116.962,4
spotify:track:66kO1Sr99392GvDZWKdCiv,"When You Came into My Life - Studio Edit","MTV Unplugged (The Studio Edits)","Scorpions",2014-04-14,210760,55,false,,2024-08-17T15:00:20Z,"hard rock,glam metal,rock","RCA Deutschland",0.63,0.656,3,-6.415,1,0.0302,0.0508,0.00158,0.111,0.0848,125.966,4
spotify:track:14ezbMye4ZPb4xjbJnfgxj,"Robber and the Roadie","Boogaloo","Nazareth",1998-08-25,261053,5,false,,2024-08-16T10:56:58Z,"hard rock","Union Square Music",0.586,0.939,0,-4.061,1,0.0401,0.213,0,0.0731,0.931,150.945,4
spotify:track:1MsBRSbt5dqJSw3RxXtvCM,"I Want To Break Free - Remastered 2011","The Works (2011 Remaster)","Queen",1984-02-27,198773,70,false,,2024-08-16T08:18:08Z,"classic rock,rock,glam rock","EMI",0.875,0.407,4,-10.505,1,0.0376,0.0769,0.000785,0.116,0.777,109.088,4
spotify:track:7AalBKBoLDR4UmRYRJpdbj,"Fearless","Meddle","Pink Floyd",1971-11-11,367880,68,false,,2024-08-14T11:45:07Z,"progressive rock,psychedelic rock,classic rock,art rock,rock","Pink Floyd Records",0.381,0.341,7,-15.719,1,0.0414,0.161,0.0403,0.448,0.178,143.756,4
spotify:track:4oFa6bS1dQIEL5F7COcQHi,"Shot At My Heart","Night Of The Crime","ICON",1985-09-20,202493,38,false,,2024-08-12T10:27:03Z,"glam metal,aor,arena rock,glam rock,hard rock","Capitol Records",0.505,0.952,1,-3.352,0,0.0388,0.00735,0.0000104,0.0687,0.704,136.188,4
spotify:track:2t0cvsdaZGjLXSbzypbt2Q,"(Gotta Go) Gotta Hit the Road","High Decibels","77",2011-11-01,288474,25,false,,2024-08-06T20:55:53Z,"hard rock","Listenable records",0.545,0.793,4,-3.88,1,0.0353,0.00163,0.505,0.0462,0.311,126.3,4
spotify:track:2rZuHRSNP98MHWXDTWAMwt,"Crazy for Rock and Roll","Hallelujah","Razzmattazz",2019-02-08,229640,18,false,,2024-08-06T20:50:56Z,"hard rock,blues rock","7hard",0.462,0.95,2,-4.612,1,0.0514,0.00056,0,0.117,0.674,155.009,4
spotify:track:2qDk2J2vnihUA8LYKVJfqs,"Thunder And Lightning","Thunder And Lightning","Screaming Eagles",2023-06-30,246583,7,false,,2024-08-06T20:50:22Z,"hard rock","Screaming Eagles",0.576,0.883,7,-4.271,1,0.0442,0.0000955,0.578,0.0871,0.48,130.952,4
spotify:track:6SLO7EN0ALdFWrfUvDr5U0,"Márti Dala","Ánem","Anna and The Barbies;Kiss Tibi",2012-12-03,185202,38,false,,2024-08-04T00:16:13Z,"","CLS",0.421,0.482,9,-8.408,1,0.0836,0.213,0.00088,0.341,0.408,88.376,3
spotify:track:7aooTRU7L8svvHOo40ISkX,"Heart’s Grown Cold - 2010 Remaster","Malice in Wonderland","Nazareth",1980-02-15,253680,39,false,,2024-08-03T05:23:34Z,"hard rock","Salvo",0.378,0.473,7,-7.978,1,0.0323,0.181,0.000063,0.42,0.351,140.764,4
spotify:track:4XBtYPGMAYJkuJu2w4pmYl,"Faster","The Unforgiving","Within Temptation",2011-03-25,263973,64,false,,2024-07-19T08:02:41Z,"symphonic metal,gothic metal,gothic rock,power metal,metal","Force Music Recordings",0.505,0.932,6,-2.894,0,0.0412,0.00115,0.000195,0.135,0.486,120.008,4
spotify:track:3iP4JKQda2me2qDWXxPB2p,"Double Nature","The New Sound of the True Best","Mustasch",2012-10-26,279813,0,false,,2024-07-19T05:22:21Z,"stoner rock","Flying Dolphin Distributed Labels",0.459,0.908,2,-3.345,1,0.0757,0.0000296,0.000152,0.0839,0.418,126.409,4
spotify:track:07yVHMlXo1yYj5pnpK5f5x,"Double Nature","Latest Version of the Truth","Mustasch",2007-05-24,284927,41,false,,2024-07-19T05:10:12Z,"stoner rock","Mustasch AB",0.462,0.883,2,-4.873,1,0.0514,0.00000999,0.00105,0.126,0.292,126.392,4
spotify:track:4tnjWDvVaMmZa3his0lxRp,"Anya","Original Album Classics","Deep Purple",1990,391533,29,false,,2024-07-18T14:55:39Z,"hard rock,classic rock,rock","Legacy Recordings",0.403,0.733,9,-8.304,0,0.037,0.000699,0.063,0.193,0.381,149.879,4
spotify:track:573Z2Dty5epeNgKsgoDOlr,"Child in Time - 1995 Remaster","Deep Purple in Rock (Anniversary Edition)","Deep Purple",1970-06-03,613440,63,false,,2024-07-18T10:30:22Z,"hard rock,classic rock,rock","Parlophone UK",0.344,0.497,9,-9.295,0,0.0366,0.0167,0.453,0.108,0.356,127.707,4
spotify:track:5T1yprzSGPc7fPG8f5j87G,"Heaven Tonight - 2013 Remaster","Save Your Prayers (2013 Remaster)","Waysted",1986-01-01,318320,0,false,,2024-07-18T05:42:35Z,"glam metal,aor,arena rock,glam rock,hard rock","Cherry Red Records",0.513,0.797,2,-7.931,1,0.0461,0.189,0.00000464,0.154,0.485,135.749,4
spotify:track:5dvM9AL7LORAcTcvKZNRbF,"Underneath","Underneath","Robin Beck",2013-08-13,200000,29,false,,2024-07-18T05:35:07Z,"aor","Her Majesty's Music Room",0.244,0.583,10,-7.581,0,0.0305,0.045,0,0.126,0.229,71.411,4
spotify:track:05rjMEQQcTDM0Vzr7bs8gW,"Scorned","Scorned","Kira Mac",2023-05-08,188065,39,false,,2024-07-18T04:32:28Z,"modern blues,blues rock","Kira Mac Music",0.699,0.713,2,-5.248,1,0.0321,0.0133,0,0.147,0.749,130.013,4
spotify:track:5EV2CPamCDJG0Y61iRQKtD,"White Boy","Cinema","Nazareth",1986-02-01,308293,33,false,,2024-07-16T12:52:33Z,"hard rock","Salvo",0.685,0.687,5,-6.666,1,0.0286,0.00267,0.0113,0.16,0.819,114.198,4
spotify:track:4MfRd0T5MfeHb1JD1MWg9v,"Local Still","Sound Elixir","Nazareth",1983-06-01,209893,35,false,,2024-07-16T12:22:22Z,"hard rock","Salvo",0.586,0.831,7,-6.669,1,0.0274,0.03,0.0000212,0.789,0.756,132.256,4
spotify:track:5b3C40EzC5DBit14cLfby8,"Dream On","2XS","Nazareth",1982-02-01,204826,55,false,,2024-07-15T10:49:09Z,"hard rock","Salvo",0.405,0.482,2,-6.484,1,0.0272,0.148,0,0.0816,0.449,148.64,4
spotify:track:1uVAhGkNEfy7YwUQ7kFFy9,"Games","2XS","Nazareth",1982-02-01,286386,41,false,,2024-07-15T06:42:14Z,"hard rock","Salvo",0.584,0.618,4,-7.885,1,0.0537,0.0719,0,0.101,0.729,77.548,4
spotify:track:3adv3AaWuuhd9NenIucWhN,"Piros az alma","A leghosszabb perc","Magna Cum Laude",2020-03-02,208014,38,false,,2024-07-10T04:01:38Z,"","M-Prod Artist",0.756,0.812,11,-5.645,0,0.029,0.0443,0,0.152,0.751,102.993,4
spotify:track:1jCXsEh2tFlRLQlMEqUCoG,"Háromszor","Nekem Nem Kell Más","EDDA Művek",1999-01-01,296173,32,false,,2024-07-08T16:28:30Z,"","Pataky Management",0.666,0.817,0,-6.59,1,0.0536,0.0882,0.00000377,0.203,0.58,95.01,4
spotify:track:5stuey6cdMIvf0KTh6oiWT,"Bonnie És Clyde","Tartály (Rock Best Of)","Kerozin",2016-12-10,227427,35,false,,2024-07-08T15:51:57Z,"","E.Z.S. Music",0.535,0.932,4,-3.908,0,0.0448,0.000792,0.00000752,0.122,0.418,144.022,4
spotify:track:66Tq4dnHmKWiDxiSDUulC0,"Nélküled","Es?","P. Mobil",2019-08-10,292964,34,false,,2024-07-08T15:47:28Z,"","GrundRecords",0.416,0.85,7,-5.954,1,0.0319,0.00179,0.000788,0.0941,0.427,80.998,4
spotify:track:5RtG0x7HQSb5JMheY7KVpM,"Minden sarkon álltam már","Best of Edda (1980-1990)","EDDA Művek",1990-08-01,304000,0,false,,2024-07-08T15:46:30Z,"","Hungaroton",0.326,0.792,4,-14.393,0,0.0663,0.326,0.174,0.291,0.677,167.505,4
spotify:track:1UaLHfViWSeDJcmR4PjzZw,"Kölyköd voltam","Best of Edda (1980-1990)","EDDA Művek",1990-08-01,273733,0,false,,2024-07-08T15:35:48Z,"","Hungaroton",0.465,0.582,4,-11.678,0,0.0489,0.143,0,0.135,0.653,151.658,4
spotify:track:7nKgcq4JKoTyh0QoflpgdN,"Csak egyszer sirtam","Kormorán: Magyar kettős","Kormoran",2014-11-01,319680,0,false,,2024-07-08T15:33:52Z,"maloya","Hungaroton",0.23,0.904,9,-2.544,0,0.0683,0.0227,0.00000497,0.286,0.511,188.875,3
spotify:track:5jIq25Nwn6EGQf5lNQrC2l,"Ott van a híd","Mindörökké","Dinamit",1995-09-01,224733,0,false,,2024-07-08T15:27:16Z,"","Hungaroton",0.537,0.807,9,-8.015,1,0.0294,0.000416,0.0177,0.154,0.844,85.229,4
spotify:track:60w68dUDuxaiXiXm2RicYX,"Venusian","Starry Night","Soothing Oasis",2024-01-30,68571,0,false,,2024-07-07T19:13:07Z,"","Element Earth",0.142,0.0179,0,-40.507,1,0.053,0.953,0.663,0.105,0.0356,139.682,4
spotify:track:6XeOs6JSvFRmyLgUNCe5SK,"Half Mast Blues","Tropical Hazards","The Lazys",2018-05-04,207266,37,false,,2024-07-07T13:03:47Z,"","Hrd Music Inc.",0.617,0.959,10,-2.465,0,0.0342,0.0323,0,0.272,0.961,128.069,3
spotify:track:6qrPBaLlZJ9ZeNRQdpjeqe,"See Where The Night Goes","See Where The Night Goes","Goodbye June",2022-02-18,229215,37,true,,2024-07-05T10:32:19Z,"blues rock","Earache Records",0.623,0.876,6,-4.306,1,0.0505,0.00678,0.000108,0.0422,0.472,124.983,4
spotify:track:5tSbh85V3isnzvNqx2YrNe,"Good Boy","Jail","Sideburn",2011-03-01,186392,10,false,,2024-06-26T08:47:22Z,"hard rock","Metal Heaven/Sideburn",0.486,0.825,11,-7.914,0,0.0531,0.00302,0.335,0.12,0.701,172.07,4
spotify:track:03deXlELsZ7LPDTFbapQnA,"Free Ride","Fired Up","Sideburn",2022-06-10,203213,21,false,,2024-06-26T08:31:25Z,"hard rock","Massacre Records",0.373,0.893,11,-5.319,0,0.0335,0.0000392,0.0304,0.449,0.725,180.127,4
spotify:track:7M4o5wcy4Qq17b6SrWVyn7,"Gangster Lover","Gasoline","Sideburn",2004,242626,26,false,,2024-06-26T08:23:49Z,"hard rock","Sideburn",0.557,0.812,4,-5.426,1,0.0391,0.00304,0.000558,0.196,0.619,140.837,4
spotify:track:4RhlyR6XWQGIIFH4ke6WqA,"Lazy Daisy","Jail","Sideburn",2011-03-01,188362,21,false,,2024-06-26T08:20:49Z,"hard rock","Metal Heaven/Sideburn",0.49,0.836,9,-7.214,1,0.0609,0.000121,0.00828,0.0796,0.505,133.973,4
spotify:track:78SGgSUBzCeuNKVwO9GGx9,"Standing In The Headlines","Fired Up","Sideburn",2022-06-10,196080,28,false,,2024-06-26T08:13:57Z,"hard rock","Massacre Records",0.523,0.916,2,-5.028,1,0.0447,0.0000238,0.373,0.0999,0.632,127.959,4
spotify:track:6iVspvjt9b4WzPDyFTEQ1i,"Feel The Heat","Fired Up","Sideburn",2022-06-10,150613,24,false,,2024-06-26T08:13:22Z,"hard rock","Massacre Records",0.331,0.965,2,-4.466,1,0.0629,0.000108,0.292,0.08,0.71,186.092,4
spotify:track:4GgtjijiP0rthMBEmIRyv3,"Arrivederci amore - Duett flipper öcsivel","Best Of Dolly Roll 25 év","Dolly Roll",2012-01-01,181293,0,false,,2024-06-25T21:51:22Z,"","Hargent New Media",0.543,0.852,4,-5.25,1,0.0315,0.0838,0,0.079,0.913,137.35,4
spotify:track:3RimgA1hA6TUuTGZaQFuGB,"Soha nem elég","Kő kövön","Pandora's Box",2000-10-01,251320,0,false,,2024-06-25T04:19:54Z,"","Hungaroton",0.561,0.821,4,-7.122,0,0.0505,0.00107,0.0112,0.0431,0.608,129.074,4
spotify:track:3YMKgskoJUKzFoLK2ksKa5,"A zöld, a bíbor és a fekete","Kő kövön","Pandora's Box",2000-10-01,230840,0,false,,2024-06-25T04:15:52Z,"","Hungaroton",0.63,0.79,0,-8.634,0,0.0433,0.027,0.000389,0.0836,0.63,135.252,4
spotify:track:5MppzDhcRKoyZconwqpAvR,"Soha nem elég","A zöld, a bíbor és a fekete","Sandor Bencsik;Pandora's Box",1995-10-01,253933,0,false,,2024-06-25T04:11:51Z,"","Hungaroton",0.595,0.749,4,-9.587,0,0.0432,0.00132,0.00744,0.0418,0.616,129.371,4
spotify:track:4dqKSB9JNVCuEsgaLSp5B4,"Örökké Tart","Élni Vagy Égni","Tankcsapda",2003-09-29,274773,39,true,,2024-06-24T12:12:24Z,"","Tankcsapda Music",0.529,0.683,9,-5.051,1,0.0376,0.0757,0,0.107,0.209,169.07,4
spotify:track:4ioXZhdt0McAlQI7k345Ia,"A zöld, a bíbor, a fekete","Hatvan csapás","Bill Gyula Deák",2008-04-08,295693,22,false,,2024-06-24T08:56:44Z,"","Sony BMG Music Entertainment",0.668,0.837,11,-7.796,0,0.0427,0.0516,0.369,0.211,0.652,135.039,4
spotify:track:54bq5Vwob1P0ifl6OlNfrC,"Közeli helyeken","The Very Best Of Bikini","Bikini",2009-01-01,265893,39,false,,2024-06-24T08:43:19Z,"","EMI",0.599,0.596,4,-7.463,0,0.0255,0.131,0.00009,0.314,0.277,128.003,4
spotify:track:3KrcL8fYnb6bFQoEPzv81V,"POCSOLYÁBA LÉPTEM","Zakatol A Vonat - Archívum","Takats Tamas Dirty Blues Band",2007-01-01,327800,34,false,,2024-06-24T08:40:45Z,"","Universal Music Kft. Hungary",0.457,0.583,2,-12.153,1,0.0664,0.174,0.00048,0.0387,0.808,148.197,4
spotify:track:7luRqwXLMPgj3HwuI5IL9a,"Legyetek jók, ha tudtok","Jó lenne, ha jó lenne...","Napoleon Boulevard",1993,203146,34,false,,2024-06-24T08:27:09Z,"","Magneoton",0.636,0.624,0,-9.421,1,0.0524,0.541,0,0.0949,0.686,182.156,4
spotify:track:1QuSbgCam645vZntZx5rxa,"A fattyú reménytelen szerelme és halála","Bolondvadászat","Hobo Blues Band",2008-01-01,204986,13,false,,2024-06-24T08:15:10Z,"","EMI",0.538,0.869,2,-3.637,0,0.0653,0.0811,0,0.229,0.515,132.108,4
spotify:track:1FwSP8NjM4MvlNwSOxws0k,"Vágtass velem","A zöld, a bíbor és a fekete","Sandor Bencsik;Pandora's Box",1995-10-01,276200,0,false,,2024-06-24T07:33:29Z,"","Hungaroton",0.64,0.74,9,-10.303,1,0.0354,0.00042,0.109,0.0752,0.687,143.283,4
spotify:track:5kJPhB882KeMPt33USErLI,"Várj, míg felkel majd a nap","V'Moto-Rock II.","V'Moto Rock",1995-09-01,295133,0,false,,2024-06-24T07:17:12Z,"","Hungaroton",0.402,0.339,2,-11.984,1,0.0296,0.645,0.00121,0.116,0.18,109.862,3
spotify:track:1aH92Q5PlOXxFbSvb1YVL8,"Che La Luna","Angelina","Louis Prima;Sam Butera & The Witnesses",1973-07-16,152066,58,false,,2024-06-21T19:25:01Z,"swing music,big band","Prima",0.681,0.636,5,-11.704,0,0.0658,0.337,0,0.267,0.985,127.376,4
spotify:track:3oEkrIfXfSh9zGnE7eBzSV,"The Winner Takes It All","Super Trouper","ABBA",1980,294720,86,false,,2024-06-21T15:30:58Z,"","Polar Music International AB",0.454,0.788,6,-6.748,1,0.0371,0.574,0.000766,0.0859,0.52,126.15,4
spotify:track:1ntKYuqLlmV3sTZoNyeHhM,"Hazard","Rush Street","Richard Marx",1991-01-01,317306,65,false,,2024-06-21T15:21:58Z,"soft rock","Capitol Records",0.676,0.582,7,-10.345,0,0.0258,0.175,0.00396,0.0672,0.648,124.838,4
spotify:track:5GRCzTW8NmhzPqDM5H9aKz,"Name Game","Touch","Laura Branigan",1987-06-30,290293,41,false,,2024-06-21T15:01:37Z,"","Atlantic Records",0.732,0.768,2,-10.799,1,0.0974,0.0338,0.000108,0.0606,0.894,155.146,4
spotify:track:5YjKdeES9QRJ8NmF4Xc8pV,"All I Wanna Do Is Make Love To You","Brigade","Heart",1990-03-25,310893,70,false,,2024-06-21T14:28:48Z,"classic rock,aor,rock","Capitol Records",0.626,0.746,7,-8.832,1,0.0282,0.16,0,0.0618,0.8,102.896,4
spotify:track:78His8pbKjbDQF7aX5asgv,"Rivers of Babylon","Nightflight to Venus","Boney M.",1978,261266,72,false,,2024-06-21T13:49:18Z,"disco","MCI",0.729,0.851,7,-7.033,1,0.0362,0.13,0.000912,0.443,0.741,115.118,4
spotify:track:35tzxthMBglBMjmZ7Fn1hj,"Gloria","Gloria","Umberto Tozzi",1979-01-01,264674,67,false,,2024-06-21T13:27:14Z,"italian singer-songwriter","Universal Music Italia srL. (Sugar)",0.784,0.677,4,-12.301,1,0.0468,0.168,0.0000123,0.229,0.879,131.618,4
spotify:track:32CzlQoaKgZxT3WA4qHSgs,"Chequered Love","Kim Wilde","Kim Wilde",1981,200893,0,false,,2024-06-21T13:08:23Z,"","Cherry Red Records",0.557,0.658,7,-4.266,1,0.0527,0.071,0.0253,0.0529,0.807,182.007,4
spotify:track:4Ln6CP07DElm8ay1RxyYa9,"The Look","Look Sharp! 30th Anniversary Edition","Roxette",1988-10-22,237320,55,false,,2024-06-21T13:04:15Z,"swedish pop","WM Sweden",0.634,0.838,2,-5.363,1,0.0413,0.0527,0.00000834,0.0522,0.541,95.01,4
spotify:track:5zAQ0EVwLhDESwDgoFtuLe,"Words (Remix 2020)","Words (Remix 2020)","F.R. David",2020-11-13,199678,60,false,,2024-06-21T13:01:32Z,"","OVC Media",0.712,0.829,0,-5.847,1,0.0248,0.125,0.00000485,0.0729,0.769,123.814,4
spotify:track:0IWLgimumxlqOmHWdFVJlD,"The Power of Love","Jennifer Rush","Jennifer Rush",1984-04-13,361266,45,false,,2024-06-21T12:31:21Z,"","Columbia",0.561,0.407,8,-12.415,1,0.0321,0.57,0.0000749,0.112,0.293,139.462,4
spotify:track:1Y7VG310Lf5IYP7sVOob4X,"It's a Heartache","Natural Force (Expanded Edition)","Bonnie Tyler",1978-01-01,215160,68,false,,2024-06-21T10:08:44Z,"","Sanctuary Records",0.53,0.672,0,-6.314,1,0.0293,0.0458,0,0.0891,0.519,118.903,4
spotify:track:20FsZeGSUPULhYeqHn45A5,"Circle in the Sand (7"" Mix)","Heaven on Earth (Remastered & Expanded Special Edition)","Belinda Carlisle",1987-10-05,220733,0,false,,2024-06-20T20:50:38Z,"","Edsel",0.628,0.787,2,-7.652,0,0.0422,0.0527,0.00000524,0.0943,0.745,126.009,4
spotify:track:3lOSLkwjstoEsnGUiuyaaq,"PE APE","O lume doar a lor - 35 de ani","IRIS",2012-11-19,212133,6,false,,2024-06-20T19:44:58Z,"","2012 Cat Music",0.515,0.844,2,-3.457,1,0.0391,0.00188,0.0000279,0.164,0.391,129.988,4
spotify:track:1MHYplSaIpIAvDf1LlCpRZ,"Exit","Lumineux Noir","Marsheaux",2009-07-10,241467,26,false,,2024-06-20T19:15:27Z,"synthpop,ebm,electroclash","Out of Line Music",0.595,0.663,9,-8.632,1,0.0256,0.148,0.732,0.117,0.203,110.015,4
spotify:track:1M6uHCzOkUjm8PVEy4gYu7,"Fusion (Live) - Radio Edit","Fusion (Live) [Radio Edit]","Estas Tonne",2023-09-01,280817,4,false,,2024-06-20T18:59:11Z,"","Estas Tonne",0.567,0.848,4,-7.443,0,0.0316,0.895,0.759,0.153,0.64,94.02,4
spotify:track:3n7g6uwV7PpsmspOcoLZr0,"Seven Nation Army/Born to Be Wild","The Joe Must Go On","Mandowar",2023-07-14,291146,8,false,,2024-06-14T09:14:55Z,"bluegrass","Singalongsongs",0.516,0.483,2,-9.457,1,0.0416,0.214,0.0000174,0.0771,0.507,139.003,4
spotify:track:7bQmU0xEtpJ3iAH2tXNHy7,"Warriors Of The World","Greatestits","Mandowar",2010-12-17,241826,37,false,,2024-06-14T08:43:59Z,"bluegrass","Singalongsongs",0.812,0.488,4,-7.387,0,0.0436,0.593,0,0.0699,0.578,99.015,4
spotify:track:1Cj2vqUwlJVG27gJrun92y,"The Sound of Silence","Immortalized","Disturbed",2015-08-14,248466,76,false,,2024-06-13T20:42:14Z,"metal,nu metal,alternative metal,rap metal,hard rock","Reprise",0.322,0.28,6,-9.367,0,0.0281,0.468,0.0000011,0.102,0.175,85.794,4
spotify:track:4lsEHglVsLzILTDQ3CNESV,"All for Love","If We Fall in Love Tonight","Rod Stewart",1996-11-12,281200,69,false,,2024-06-13T20:03:09Z,"soft rock","Warner Records",0.51,0.44,2,-11.015,1,0.0293,0.125,0,0.0994,0.135,74.8,4
spotify:track:4dDurgTN3eGyU0ghzFJ0T1,"Have a Drink on Me","Back In Black","AC/DC",1980-07-25,239104,64,false,,2024-06-13T12:53:23Z,"rock,hard rock,classic rock,rock and roll","Columbia",0.421,0.889,2,-5.166,1,0.0545,0.00167,0.00838,0.654,0.424,122.424,4
spotify:track:1mea3bSkSGXuIRvnydlB5b,"Viva La Vida","Viva La Vida or Death and All His Friends","Coldplay",2008-06-06,242373,87,false,,2024-06-13T10:33:25Z,"","Parlophone UK",0.486,0.617,5,-7.115,0,0.0287,0.0954,0.00000323,0.109,0.417,138.015,4
spotify:track:0FDzzruyVECATHXKHFs9eJ,"A Sky Full of Stars","Ghost Stories","Coldplay",2014-05-16,267866,87,false,,2024-06-13T10:04:33Z,"","Parlophone UK",0.545,0.675,6,-6.474,1,0.0279,0.00617,0.00197,0.209,0.162,124.97,4
spotify:track:4HXOBjwv2RnLpGG4xWOO6N,"Princess of China","Mylo Xyloto","Coldplay;Rihanna",2011-10-24,239215,72,false,,2024-06-13T09:51:31Z,"","Parlophone UK",0.42,0.69,9,-6.221,0,0.0347,0.00385,0.015,0.287,0.237,85.014,4
spotify:track:4KtRlsmB5CffLAnJKPAvhQ,"Ashes","Ashes","NOAPOLOGY",2022-10-25,324417,32,false,,2024-06-13T05:31:16Z,"","Silverman Records",0.329,0.961,7,-3.437,1,0.079,0.000546,0.00205,0.165,0.343,120.267,4
spotify:track:3Cl34aGrei9QQlXfYcOY14,"I Don't Want to Live Without You","Powertool","Sleeze Beez",1992-01-01,285266,30,false,,2024-06-13T04:48:26Z,"glam metal,glam rock,aor,hard rock","Rhino Atlantic",0.481,0.449,0,-8.933,1,0.0312,0.225,0,0.0447,0.278,79.086,4
spotify:track:6ifZqeuIqgKHZpKCGeNLpa,"We're Wild Young and Free","Swedish Erotica","Swedish Erotica",1989,281106,20,false,,2024-06-13T03:27:48Z,"glam metal,aor,glam rock,arena rock","Parlophone Sweden",0.547,0.595,4,-9.421,1,0.0272,0.197,0,0.572,0.635,108.019,4
spotify:track:22rWQ30gc5Yr9sR8l93LJk,"Route 65","Route 65","Nicklas Sonne",2024-05-10,242271,13,false,,2024-06-13T02:57:56Z,"","Sonne Studios",0.382,0.98,11,-4.237,0,0.11,0.00032,0.0000329,0.355,0.414,178.133,4
spotify:track:3Q9Xm004yp4mj8t2vso5NL,"Living On the Run","Address the Nation","H.E.A.T",2012-03-23,295651,37,false,,2024-06-12T12:17:11Z,"aor,arena rock,hard rock,glam metal,glam rock","earMUSIC",0.526,0.978,11,-2.746,1,0.0512,0.000598,0,0.0607,0.554,133.944,4
spotify:track:2a8RVoWJUicF6nwBaiBYIB,"Shuffle It All","Izzy Stradlin And The Ju Ju Hounds","Izzy Stradlin And The Ju Ju Hounds",1992-01-01,380199,33,false,,2024-06-05T06:58:27Z,"hard rock","Geffen",0.206,0.676,9,-6.4,1,0.042,0.00841,0.00108,0.118,0.568,202.862,4
spotify:track:0YUh79N1kx9It2sYhG0xWy,"Warriors Of Time","Light From Above","Black Tide",2008,352573,40,false,,2024-06-05T06:58:23Z,"","Interscope",0.288,0.994,5,-3.73,1,0.178,0.0000553,0.0278,0.15,0.19,118.729,4
spotify:track:6pPCkAzVYapjObH73BWu9t,"Father","Weapons Of The Modern Age","Sabaton",2022-09-30,278093,54,false,,2024-06-02T13:35:42Z,"power metal,metal,heavy metal,symphonic metal,folk metal","Nuclear Blast",0.47,0.904,0,-7.018,0,0.0535,0.0528,0.00151,0.226,0.373,77.021,4
spotify:track:2VS1jveuhfU7Latlgfh62T,"Fields of Verdun","The Great War","Sabaton",2019-07-19,197413,60,false,,2024-06-02T13:32:16Z,"power metal,metal,heavy metal,symphonic metal,folk metal","Nuclear Blast",0.541,0.986,0,-5.315,1,0.103,0.00323,0,0.105,0.484,96.954,4
spotify:track:3k6iqqVUBSBFXP8WLuoiCv,"Resist and Bite","Heroes","Sabaton",2014-05-16,207160,61,false,,2024-06-02T13:26:34Z,"power metal,metal,heavy metal,symphonic metal,folk metal","Nuclear Blast",0.519,0.953,11,-4.974,0,0.0863,0.00156,0.00000149,0.0844,0.152,126.972,4
spotify:track:5DbAOJ5dYW5A9xBhkeb33t,"Primo Victoria","Primo Victoria (Re-Armed)","Sabaton",2010-09-24,250720,64,false,,2024-06-02T13:06:32Z,"power metal,metal,heavy metal,symphonic metal,folk metal","Nuclear Blast",0.436,0.748,6,-6.349,0,0.031,0.000676,0.00000301,0.221,0.589,62.11,4
spotify:track:0bUgTRe5st6TMbRCEjKezX,"The Last Stand","The Last Stand","Sabaton",2016-08-19,235840,69,false,,2024-06-02T12:55:13Z,"power metal,metal,heavy metal,symphonic metal,folk metal","Nuclear Blast",0.519,0.935,7,-5.656,0,0.0423,0.00454,0,0.0661,0.498,104.044,4
spotify:track:18vOMYLFeG0HdmTAxJ3x34,"When the Trial Begins","When the Trial Begins","METALHAWK",2021-06-11,327428,3,false,,2024-06-01T09:05:25Z,"","METALHAWK",0.28,0.675,4,-10.408,0,0.0429,0.000204,0.793,0.127,0.0661,139.974,4
spotify:track:4FGuB01uLYvcNqz0r5hXHW,"Bertha Rottenfold","Rockin' Hell","OVERDRIVERS",2016,263590,0,true,,2024-05-31T12:09:07Z,"hard rock","Rock Of Angels Records",0.585,0.841,1,-6.432,1,0.0364,0.00157,0.000171,0.109,0.366,130.015,4
spotify:track:038mrPqc0wdv5ZP71fWpwJ,"Show Your Boobies","She's on Her Period","OVERDRIVERS",2018,233393,0,true,,2024-05-31T12:01:08Z,"hard rock","Rock Of Angels Records",0.69,0.72,8,-6.483,1,0.0307,0.00014,0.536,0.25,0.403,125.006,4
spotify:track:75GArrKiVj0m1RrdlYZnWC,"Hellhounds","She's on Her Period","OVERDRIVERS",2018,206376,0,true,,2024-05-31T11:35:00Z,"hard rock","Rock Of Angels Records",0.71,0.786,1,-6.351,1,0.0299,0.000548,0.836,0.0901,0.559,110.008,4
spotify:track:25NemR6XQmcm5kOyOKfyvW,"High Mountains","She's on Her Period","OVERDRIVERS",2018,212037,0,true,,2024-05-31T11:30:42Z,"hard rock","Rock Of Angels Records",0.525,0.759,10,-6.03,0,0.0354,0.000703,0.751,0.129,0.396,199.983,4
spotify:track:06jV48CGewrRuHeVIUA4ze,"Crossroads","Crossroad","Calvin Russell",2000-01-15,299240,41,false,,2024-05-31T05:06:24Z,"blues rock,blues,country blues,roots rock","Last call",0.505,0.438,9,-8.348,0,0.0281,0.562,0.000236,0.715,0.312,78.963,4
spotify:track:4MaKM1Q0HpVsTX2bCtvyPR,".44",".44","Worry Blast",2018-01-19,192733,36,false,,2024-05-28T16:58:35Z,"hard rock","Mighty Music",0.454,0.863,4,-4.656,0,0.0524,0.0000787,0.015,0.0868,0.626,114.15,4
spotify:track:6x24wbrxaZn1vdOpG6n3pF,"Rockin' Hell","Rockin' Hell","OVERDRIVERS",2016,183989,0,true,,2024-05-28T16:47:52Z,"hard rock","Rock Of Angels Records",0.388,0.931,1,-5.856,1,0.0486,0.0000411,0.0134,0.365,0.73,200.095,4
spotify:track:0ZdPtLKkocNWJUnDGNtksZ,"Round and Round","Denim Devils","Bonafide",2015-02-02,103936,27,false,,2024-05-28T16:44:05Z,"hard rock","Off Yer Rocka Recordings",0.67,0.774,1,-6.734,1,0.0433,0.000371,0.783,0.102,0.727,89.786,4
spotify:track:19xA4Gt2fAaQr7szx4NeKf,"High Decibels","High Decibels","77",2011-11-01,251318,30,false,,2024-05-17T09:52:48Z,"hard rock","Listenable records",0.275,0.903,9,-3.319,1,0.045,0.0000347,0.00334,0.229,0.467,152.17,4
spotify:track:59Lb2tqKsWwJJxEvWDIEtI,"Change Of Heart","Double Eclipse","Hardline",1992-05-08,281173,28,false,,2024-05-17T07:08:31Z,"aor,glam metal,arena rock,hard rock,glam rock","Geffen*",0.459,0.734,7,-9.199,1,0.0318,0.0576,0.000671,0.324,0.546,80.433,4
spotify:track:6Rohs3CLc0hkRrVPPo4yXO,"Push Comes to Shove","Jackyl 25","Jackyl",2017-07-28,182186,36,true,,2024-05-17T06:57:56Z,"glam metal","Mighty Loud",0.614,0.789,7,-4.191,0,0.0666,0.0000178,0.725,0.0458,0.582,126.04,4
spotify:track:2UcLdnK7OqOPKTuBwxl3N8,"One For Rock & Roll","Heartbreak Station","Cinderella",1990-01-01,268400,32,false,,2024-05-17T06:57:28Z,"glam metal,glam rock,hard rock","Island Mercury",0.616,0.752,7,-9.037,1,0.0246,0.174,0.0128,0.0532,0.511,91.845,4
spotify:track:6pivm7pNF4GyBkHNGseHCS,"Shot Down in Flames","Highway to Hell","AC/DC",1979-07-27,202954,61,false,,2024-05-17T06:47:36Z,"rock,hard rock,classic rock,rock and roll","Columbia",0.531,0.864,7,-4.534,1,0.08,0.00164,0.132,0.884,0.665,130.722,4
spotify:track:5aokoPxjyf7fMmnOQJIoyT,"Zum rocken geboren","Rock'n'roll sexgott","Ohrenfeindt",2006-01-16,196346,0,false,,2024-05-17T06:44:39Z,"","Metalville",0.509,0.847,7,-5.232,1,0.0446,0.000613,0.0000206,0.331,0.821,156.029,4
spotify:track:2J76X7m3qg1WO2PVR8eA6m,"Forever Young","Rock Out!","OVERDRIVERS",2021-07-09,190853,0,true,,2024-05-16T14:21:10Z,"hard rock","Rock Of Angels Records",0.631,0.865,8,-3.991,1,0.0332,0.0000053,0.0042,0.0781,0.557,123.05,4
spotify:track:1zJcM1Bf6hcaZUmet6uPgC,"Factory","Factory","OVERDRIVERS",2021-06-18,278120,0,false,,2024-05-16T13:29:44Z,"hard rock","Rock Of Angels Records",0.62,0.877,1,-3.291,1,0.0426,0.00000432,0.00308,0.28,0.363,117.012,4
spotify:track:79ZTtDSDusrv2QMIAKnAT2,"Live To Rock","Jail","Sideburn",2011-03-01,206945,26,false,,2024-05-16T13:28:26Z,"hard rock","Metal Heaven/Sideburn",0.533,0.832,9,-7.929,1,0.0396,0.0000835,0.0688,0.227,0.417,124.034,4
spotify:track:6AsUfHJPsM7f2DX3PcAqrc,"Hallelujah","Hallelujah","Razzmattazz",2019-02-08,198013,18,false,,2024-05-16T12:14:54Z,"hard rock,blues rock","7hard",0.56,0.908,9,-3.392,1,0.0385,0.0000582,0.000019,0.324,0.641,129.985,4
spotify:track:2IJftBfq7pJ43tfnOR0RB3,"99 Luftballons","Nena","Nena",1983-09-23,231466,75,false,,2024-05-11T12:58:12Z,"neue deutsche welle,schlager,german pop","BMG Rights Management GmbH",0.636,0.467,4,-10.1,1,0.0421,0.0915,0.0000017,0.117,0.58,96.639,4
spotify:track:1TfqLAPs4K3s2rJMoCokcS,"Sweet Dreams (Are Made of This) - 2005 Remaster","Sweet Dreams (Are Made Of This)","Eurythmics;Annie Lennox;Dave Stewart",1983-01-04,216933,85,false,,2024-05-11T11:02:01Z,"new wave,synthpop","RCA Records Label",0.692,0.711,0,-7.498,0,0.0317,0.225,0,0.12,0.875,125.135,4
spotify:track:4ZSDreApKOo6eQYFx9qXfD,"Tunnel Of Love","Making Movies","Dire Straits",1980-10-17,489506,67,false,,2024-05-11T09:42:06Z,"classic rock","EMI",0.488,0.792,5,-7.882,1,0.0373,0.242,0.0147,0.217,0.617,137.541,4
spotify:track:1AH4vynITvfsVtpJq9NUB2,"The Man's Too Strong - Remastered 1996","Brothers In Arms (Remastered 1996)","Dire Straits",1985-05-13,278706,57,false,,2024-05-11T09:21:08Z,"classic rock","UMC (Universal Music Catalogue)",0.612,0.285,7,-14.482,1,0.0273,0.442,0.0000929,0.27,0.23,97.552,4
spotify:track:6h5w4ez470ZaXq6sD2FozJ,"Didn't Know It Was Love","Too Hot to Sleep","Survivor",1988-09-25,262800,39,false,,2024-05-11T09:00:24Z,"","Volcano",0.613,0.684,2,-11.156,1,0.0332,0.123,0,0.241,0.637,128.419,4
spotify:track:2LCzLqPbUbXqVtyxCHLXCB,"FBI","Twang !","Brian May",2004-07-26,193666,19,false,,2024-05-10T16:05:48Z,"glam rock","Ark 21 Records",0.509,0.847,4,-12.169,0,0.0473,0.0135,0.885,0.0796,0.508,126.674,4
spotify:track:0WrvyawIOAP9gIn0wBjkkl,"Scent of Dark","Scent of Dark","Tony Iommi",2021-11-26,225944,35,false,,2024-05-10T15:58:31Z,"","Tone Hall Records",0.281,0.701,10,-8.798,0,0.0331,0.0000349,0.767,0.0916,0.202,108.752,4
spotify:track:6LeptO47NxkMMkAz50aHGC,"When It Comes To You","On Every Street","Dire Straits",1991-09-10,299733,57,false,,2024-05-10T09:33:32Z,"classic rock","EMI",0.629,0.623,2,-9.007,0,0.0247,0.201,0.526,0.0687,0.781,87.535,4
spotify:track:6xvriZfsi9MZ8TAE2wqY2z,"Oh Well feat. Chris Stapleton","Oh Well feat. Chris Stapleton","Slash;Chris Stapleton",2024-04-12,273520,36,false,,2024-05-08T11:37:09Z,"hard rock,country,outlaw country","Gibson Records",0.493,0.912,2,-7.691,1,0.0517,0.0000836,0.102,0.244,0.604,95.148,4
spotify:track:6fybp4N6eW3bsFAvARxyVe,"Ain't Talkin' 'Bout Love - 2015 Remaster","Van Halen (Remastered)","Van Halen",1978-02-10,227800,71,false,,2024-05-07T10:27:30Z,"glam metal,classic rock,rock,hard rock","Rhino/Warner Records",0.518,0.938,8,-5.964,0,0.0416,0.021,0.000305,0.288,0.71,139.138,4
spotify:track:3JqeGhxwgyVDdO9T8kUeda,"Rise of the Dragon Empire","Rise of the Dragon Empire","Bloodbound",2019-03-22,276986,52,false,,2024-05-07T09:20:49Z,"power metal,symphonic metal,metal,heavy metal,folk metal,speed metal","AFM Records",0.417,0.891,9,-4.55,0,0.0497,0.00366,0.0000484,0.232,0.478,74.99,4
spotify:track:5dtrrx0JCV1RS8g0LWwGIw,"Nowhere","Godspeed","Symphorce",2005-09-06,279320,24,false,,2024-05-07T05:49:03Z,"power metal,progressive metal,symphonic metal","Metal Blade Records +",0.469,0.88,4,-4.175,0,0.0417,0.000726,0.000144,0.112,0.104,139.974,4
spotify:track:37O5phPvMfJZBIscgXlw4a,"Darker Still","Darker Still","Parkway Drive",2022-09-09,410773,52,false,,2024-05-07T05:26:42Z,"metalcore,metal,deathcore","Epitaph",0.499,0.491,9,-6.7,0,0.0252,0.0102,0.271,0.0805,0.13,80.026,4
spotify:track:3IcRwDUIHRPaOutDrdIECZ,"Too Late For Love","Too Late For Love","MILE",2019-07-12,273758,1,false,,2024-05-07T04:57:10Z,"","King 2 Music Records",0.474,0.848,0,-5.722,1,0.0516,0.000531,0,0.144,0.288,110.043,4
spotify:track:4GNilkZKILsug3l5pdLoxo,"Only You","Upstairs at Eric’s","Yazoo",1982-07-01,194173,66,false,,2024-05-03T15:59:11Z,"synthpop,new wave","Mute, a BMG Company",0.752,0.307,9,-17.063,1,0.0398,0.332,0.000135,0.0829,0.854,106.158,4
spotify:track:3est4FrRAujQJT13JQmCm9,"Ready To Rock","Black Dog Barking (Special Edition)","Airbourne",2013-05-17,324906,47,false,,2024-05-01T17:31:37Z,"hard rock","Nettwerk Music Group",0.185,0.995,7,-3.362,1,0.139,0.000133,0.852,0.133,0.0568,185.003,4
spotify:track:0ykRm2cMP8ku2qRj5UpEsg,"Takin' Me Down","Double Eclipse","Hardline",1992-05-08,212333,41,false,,2024-05-01T17:31:00Z,"aor,glam metal,arena rock,hard rock,glam rock","Geffen*",0.527,0.923,9,-7.677,1,0.0599,0.00907,0.0000264,0.341,0.461,97.029,4
spotify:track:0XJ91I6smUYRzRCGbU2N4b,"One Heart One Soul","Steelfactory","U.D.O.",2018-08-31,296316,37,false,,2024-04-18T17:33:43Z,"heavy metal,norsk rock,metal,power metal,speed metal","AFM Records",0.48,0.857,7,-5.984,1,0.0471,0.000323,0.00117,0.118,0.371,98.037,4
spotify:track:0MJwW8ZEUb1WSScqOjSRxI,"Holy Water","WhoCares","Tony Iommi;Ian Gillan;Who Cares;Steve Morris;Michael Lee Jackson",2012-07-13,419986,37,false,,2024-04-17T07:29:48Z,"musicals,glitch,arena rock,aor","earMUSIC",0.331,0.759,2,-5.228,1,0.0429,0.119,0.091,0.131,0.0836,82.002,4
spotify:track:5EicljVZKVOo2LZHREtWmQ,"Coming Home","Long Cold Winter","Cinderella",1988,295066,55,false,,2024-04-16T09:33:41Z,"glam metal,glam rock,hard rock","Mercury Records",0.474,0.72,7,-10.161,1,0.0302,0.0441,0.000944,0.0591,0.537,116.172,4
spotify:track:49JfxziUMNAWDghkgYu7Dr,"Wild Nights","This Is Rock'n'roll","HARDBONE",2012-03-12,238866,33,false,,2024-04-16T08:46:24Z,"hard rock","Remedy Records",0.445,0.957,2,-5.061,1,0.0643,0.0000872,0.00857,0.217,0.395,174.962,4
spotify:track:69QHm3pustz01CJRwdo20z,"Hells Bells","Back In Black","AC/DC",1980-07-25,312815,77,false,,2024-04-16T08:28:24Z,"rock,hard rock,classic rock,rock and roll","Columbia",0.389,0.873,4,-4.768,0,0.0475,0.00532,0.0055,0.273,0.303,106.767,4
spotify:track:34JS7SWgCH3282btYwsPWQ,"Alias","A Sense of Purpose (The Mirror's Truth Version)","In Flames",2008-04-04,289240,51,false,,2024-04-15T09:41:05Z,"melodic death metal,metal,death metal","Nuclear Blast",0.427,0.93,10,-3.734,0,0.0592,0.0194,0.000844,0.2,0.361,170.027,4
spotify:track:31M5ZTPXupe9Yk4mX1tHmy,"Fear of the Dark","Iron Feathers","Golden Salt",2021-04-26,299000,30,false,,2024-04-15T06:53:53Z,"","Golden Salt",0.212,0.406,2,-10.07,0,0.0373,0.0337,0.226,0.119,0.141,88.094,3
spotify:track:4vQIunqfL388xOBWlrE0JZ,"Bomba","Time To Tango","Kontrust",2009-08-28,296640,34,false,,2024-04-15T05:43:14Z,"","5238978 Records DK",0.647,0.782,5,-5.262,1,0.0373,0.00441,0.0000159,0.0952,0.423,115.005,4
spotify:track:3QJKWqKCNxZvld1oWvvoN2,"Safety Dance","Don't Stop: The 30th Anniversary Album","Status Quo",1996-02-05,236960,25,false,,2024-04-11T16:41:05Z,"glam rock,blues rock","earMUSIC",0.624,0.887,7,-5.466,1,0.0269,0.0154,0.00153,0.115,0.642,100.025,4
spotify:track:5F2FltvJs7e168Q2AxwAeK,"Crazy for Rock and Roll","Crazy for Rock and Roll","Razzmattazz",2022-05-06,204647,17,false,,2024-04-11T16:19:15Z,"hard rock,blues rock","7hard",0.471,0.951,2,-4.759,1,0.0525,0.000728,0,0.095,0.671,155.02,4
spotify:track:4CBl3UE5CkP1b1JhFziGUI,"Mystery Song - Single Edit","Blue For You","Status Quo",1976,241506,35,false,,2024-04-11T16:14:34Z,"glam rock,blues rock","UMC (Universal Music Catalogue)",0.33,0.888,2,-5.424,1,0.0364,0.105,0.000019,0.242,0.772,181.455,4
spotify:track:45JKOZUyOFoLhmEltJFEeW,"If You Can't Give Me Love - 2017 Remaster","If You Knew Suzi… (2017 Remaster)","Suzi Quatro",1978-08-12,232994,62,false,,2024-04-11T16:01:23Z,"glam rock","Chrysalis Records",0.667,0.66,9,-8.819,1,0.0348,0.117,0.000805,0.0707,0.905,133.866,4
spotify:track:15W0PcvB3DWsgbvWLsYU5A,"Hunting High and Low","Hunting High and Low","Metalite",2020-04-08,277040,38,false,,2024-04-07T13:35:19Z,"power metal,symphonic metal","AFM Records",0.432,0.949,6,-6.262,1,0.0744,0.0000143,0.000412,0.188,0.436,94.999,4
spotify:track:6vg1NTpnF82sh1Owou79zS,"Winterfall","Follow the Cipher","Follow The Cipher",2018-05-11,217263,54,false,,2024-04-07T12:52:49Z,"power metal,symphonic metal","Nuclear Blast",0.533,0.797,1,-4.834,1,0.031,0.00000456,0.0542,0.222,0.42,113.052,4
spotify:track:0odIT9B9BvOCnXfS0e4lB5,"Bette Davis Eyes","Mistaken Identity","Kim Carnes",1981-01-01,228000,80,false,,2024-03-29T07:32:30Z,"","Capitol Records",0.675,0.649,5,-10.271,1,0.0319,0.0204,0,0.0959,0.596,116.62,4
spotify:track:1a8JpAL3vbAdXYrEABvOtb,"Amerika","Reise, Reise","Rammstein",2004-09-27,226760,69,false,,2024-03-28T14:45:32Z,"industrial metal,metal,industrial rock,industrial","Vertigo Berlin",0.608,0.885,2,-4.296,0,0.0963,0.00258,0.0000133,0.392,0.518,125.023,4
spotify:track:15UziQ3sgEHygGXyxuUOm3,"The Wire (Ricky Wilde Remix) - Instrumental","Synthian (The Remixes) [Instrumentals]","NINA;LAU;Kim Wilde;Ricky Wilde",2024-03-22,292750,5,false,,2024-03-26T19:36:20Z,"synthwave,synthpop,glam rock","Aztec Records Ltd",0.447,0.638,10,-12.42,0,0.0319,0.0022,0.9,0.115,0.399,91.98,4
spotify:track:431HgPSwQBZOtcEnAFMDyM,"Power of Love","Touch","Laura Branigan",1987-06-30,325253,55,false,,2024-03-26T15:45:42Z,"","Atlantic Records",0.408,0.581,7,-7.926,1,0.0365,0.436,0.000239,0.145,0.212,137.028,4
spotify:track:0Ep9uYqDWeVvhhqe124p9E,"Ballade pour Adeline - Piano et orchestre","Ballade pour Adeline","Richard Clayderman",1977-01-01,158000,62,false,,2024-03-26T15:03:51Z,"easy listening","Union Square Music",0.511,0.384,0,-11.813,1,0.0326,0.642,0.305,0.112,0.25,139.268,4
spotify:track:51YArzSQZSdMIrqqUBvhMv,"Ballade pour Adeline (Arr. for Orchestra by James Last)","The Very Best Of","James Last",2019-04-17,193973,29,false,,2024-03-26T15:00:27Z,"orchestral,polka,easy listening,big band","Polydor",0.369,0.39,0,-10.18,1,0.0273,0.803,0.643,0.136,0.262,131.748,4
spotify:track:7EWrGjIrUYJNV4YMYAtUQV,"Holy Water","Whocares","Ian Gillian|Tony Iommi",2012-07-13,419986,16,false,,2024-03-25T17:21:13Z,"","earMUSIC",0.28,0.76,2,-5.223,1,0.0452,0.12,0.0924,0.131,0.0881,82.02,4
spotify:track:043Cua36T2Xa7abQKt1wHt,"Thunder And Lightning","High Class Rock 'N' Roll","Screaming Eagles",2023-10-06,246583,42,false,,2024-03-25T15:39:34Z,"hard rock","FTF RECORDS",0.576,0.883,7,-4.271,1,0.0442,0.0000955,0.578,0.0871,0.48,130.952,4
spotify:track:0xZ75ORYh9uWtBkCDbV8YU,"We Bring You the Stars","We Bring You the Stars","Metalite",2020-10-02,180373,44,false,,2024-03-25T13:56:00Z,"power metal,symphonic metal","AFM Records",0.437,0.926,9,-6.056,1,0.0751,0.000586,0.00000769,0.099,0.751,169.937,4
spotify:track:7dIOlmWKSZoaKXtFZw5Lm5,"Dying for an Angel - The Wicked Symphony","The Wicked Symphony","Avantasia",2010-04-03,271826,0,false,,2024-03-25T13:32:33Z,"power metal,symphonic metal,metal","Nuclear Blast",0.601,0.933,5,-3.575,0,0.0595,0.00636,0.00198,0.253,0.389,118.005,4
spotify:track:02A6THLfQXvqrx9IEMkQfJ,"Out of Control","Battle Beast","Battle Beast",2013-05-17,227280,48,false,,2024-03-25T12:36:46Z,"power metal,symphonic metal,metal,heavy metal","Nuclear Blast",0.444,0.966,4,-3.639,0,0.0658,0.00000877,0.231,0.114,0.51,160.042,4
spotify:track:3oX0Z35bXEtlIRxy81O9HD,"Children Of The Night","Children Of The Night","King Zebra",2024-03-05,238019,6,false,,2024-03-20T18:13:17Z,"arena rock,aor,hard rock","Frontiers Music Srl",0.477,0.975,2,-4.107,0,0.0908,0.000124,0,0.0382,0.637,76.989,4
spotify:track:26AU00MfWNYKRKOl24wwfG,"Wolf Totem - Instrumental","The Gereg (Instrumentals)","The HU",2024-03-08,338000,21,false,,2024-03-20T09:32:05Z,"folk metal","Endurance Music Group",0.61,0.652,8,-8.905,1,0.0321,0.102,0.728,0.886,0.633,172.096,4
spotify:track:3kKJBIdoG2By1x8SeuZ3VS,"Respect the Wind - 2023 Remaster","The Collection II","Van Halen",2023-10-06,347166,22,false,,2024-03-19T21:31:21Z,"glam metal,classic rock,rock,hard rock","Rhino/Warner Records",0.358,0.481,7,-10.838,0,0.0277,0.037,0.845,0.139,0.0622,167.873,3
spotify:track:7ioy6ppmN9Rn8Pm5axNzUP,"Vienna - 2008 Remaster","Vienna (Remastered Definitive Edition)","Ultravox",1980-10-15,296160,58,false,,2024-03-19T16:16:40Z,"synthpop,new wave","Chrysalis Records",0.598,0.583,5,-10.242,1,0.0551,0.214,0.188,0.116,0.333,80.343,4
spotify:track:2XjeZEdPK7Qo66Z7ONp854,"Back In the Game","Black Dog Barking (Special Edition)","Airbourne",2013-05-17,205506,55,false,,2024-03-19T15:25:07Z,"hard rock","Nettwerk Music Group",0.586,0.96,0,-2.967,1,0.0691,0.00267,0.215,0.23,0.445,97.006,4
spotify:track:55ggUiMmTXrGtJAPQSnHoh,"Runnin' Wild","Runnin' Wild","Airbourne",2007-01-01,218266,42,false,,2024-03-19T15:12:29Z,"hard rock","Capitol Records",0.47,0.954,10,-3.739,1,0.0888,0.000123,0.346,0.188,0.369,161.999,4
spotify:track:6z7teyNlfVhzaGwr5zSaHx,"Heartbreakin' woman","Heartbreakin' woman","Evol Walks",2014-07-24,244371,13,false,,2024-03-19T14:20:31Z,"","Unsigned",0.609,0.927,9,-4.722,1,0.0542,0.00358,0.0000432,0.127,0.677,131.033,4
spotify:track:4t9ax3CjKoJUCn4mO6QS9d,"Full Throttle","Burn up the Night","Kryptos",2016-09-23,230964,27,false,,2024-03-19T11:15:28Z,"speed metal,thrash metal,heavy metal","AFM Records",0.388,0.932,9,-5.08,0,0.0529,0.0155,0.71,0.121,0.706,166.896,4
spotify:track:1nfFcXORT3uG3ipBF2XGpN,"Twist in My Sobriety (Acoustic)","Tanita Tikaram (Acoustic)","Tanita Tikaram",2018-09-10,272026,0,false,,2024-03-18T15:09:16Z,"","TikiToko",0.793,0.272,5,-14.943,0,0.0637,0.934,0.0168,0.105,0.709,121.485,4
spotify:track:6trzHhvr6xqYJkNnbWwXz2,"We're Going To Ibiza!","The Party Album!","Vengaboys",1999-06-04,217539,65,false,,2024-03-18T14:36:24Z,"eurodance,europop","Universal Music, a division of Universal International Music BV",0.786,0.876,1,-4.899,1,0.0362,0.0114,0.000784,0.0796,0.966,103.983,4
spotify:track:2kWowW0k4oFymhkr7LmvzO,"Come with Me Now","Lunatic","KONGOS",2014-01-27,211960,68,false,,2024-03-16T05:53:13Z,"","Epic",0.654,0.726,10,-3.803,0,0.0401,0.0311,0.0000635,0.0618,0.728,103.987,4
spotify:track:5GqLnZ2tM2604VuXrEIYsQ,"My Freedom","My Freedom","STEELHEART",2020-06-03,258901,8,false,,2024-03-15T13:36:15Z,"glam metal,glam rock","Steelheart Records",0.385,0.741,0,-2.99,0,0.0318,0.0754,0.000262,0.312,0.353,144.992,4
spotify:track:3Lwwz1FdAtWsP1uVnUiWlI,"SHANGRILA","WAIT","STEELHEART",1996,314320,15,false,,2024-03-15T11:20:05Z,"glam metal,glam rock","DML",0.342,0.617,6,-8.824,1,0.0348,0.146,0.00149,0.362,0.165,149.493,4
spotify:track:0BYsxr8J690YOkUt8Q9zOW,"All Your Love","Tangled In Reins","STEELHEART",1992-01-01,412773,31,false,,2024-03-15T10:35:01Z,"glam metal,glam rock","[PIAS] Recordings Catalogue",0.323,0.742,1,-8.373,1,0.0493,0.00593,0.000104,0.146,0.222,127.48,4
spotify:track:0QTITeLFPONXy8qzJQk4Kt,"WE ALL DIE YOUNG","WAIT","STEELHEART",1996,309186,46,false,,2024-03-15T10:00:59Z,"glam metal,glam rock","DML",0.323,0.577,6,-7.237,1,0.0392,0.0413,0.0352,0.0704,0.117,174.13,4
spotify:track:3umC0htmNny7lWjz3NOGAx,"The Fire I Long For","The Fire I Long For","Avatarium",2019-11-22,306906,17,false,,2024-03-15T07:43:39Z,"doom metal,stoner metal,sludge metal,gothic metal","Nuclear Blast",0.277,0.606,5,-7.308,0,0.0307,0.000606,0.403,0.189,0.187,135.917,3
spotify:track:1M3YkokSuNDJKfR1kkMyxP,"Adio (Acoustic Version)","In Darkness","Agathodaimon",2013-06-28,206586,29,false,,2024-03-15T07:37:06Z,"gothic metal,black metal,melodic death metal","Massacre Records",0.528,0.32,7,-12.331,0,0.0277,0.847,0.00669,0.0927,0.129,135.029,4
spotify:track:6OcE7aXYmNEwF6H7Ei9Y3q,"King for a Day","Bringer of Pain","Battle Beast",2017-02-17,275439,53,false,,2024-03-14T21:38:55Z,"power metal,symphonic metal,metal,heavy metal","Nuclear Blast",0.601,0.933,6,-5.925,0,0.0499,0.00104,0.000224,0.217,0.733,104.987,4
spotify:track:30DZbt1xgcWFRJpw2qYHu1,"Roses to No One","The Savage Poetry","Edguy",2000-06-26,342800,33,false,,2024-03-14T21:35:13Z,"power metal,symphonic metal,speed metal,metal,heavy metal,progressive metal","AFM Records",0.54,0.727,8,-6.521,0,0.028,0.00255,0.000017,0.0725,0.164,123.228,4
spotify:track:1VRnW4Qk8PP3EGGFMs6Z32,"Battle Hymn","Battle Hymns","Manowar",1982-06-07,416693,51,false,,2024-03-14T21:33:55Z,"power metal,heavy metal,metal,hard rock","Caroline Records",0.315,0.822,4,-10.437,0,0.103,0.047,0.0077,0.274,0.164,150.499,3
spotify:track:1ZvPPexW1i3wCp28jYlVdF,"Raise the Flag","No Guts. No Glory (Special Edition)","Airbourne",2010-03-05,213146,49,false,,2024-03-14T21:31:44Z,"hard rock","Nettwerk Music Group",0.303,0.998,2,-2.668,1,0.0917,0.0000357,0.104,0.132,0.211,171.945,4
spotify:track:2LQbBzrXkgQHnCDUmHjReH,"Too Much, Too Young, Too Fast","Runnin' Wild (Special Edition)","Airbourne",2007,226706,60,false,,2024-03-14T21:29:48Z,"hard rock","Nettwerk Music Group",0.588,0.873,2,-4.011,1,0.0518,0.00122,0.00122,0.225,0.398,114.03,4
spotify:track:00GRoWhqbLHfqOpfsx4pli,"In the Darkness","Animal House (Anniversary Edition)","U.D.O.",1987,247120,37,false,,2024-03-14T21:25:59Z,"heavy metal,norsk rock,metal,power metal,speed metal","AFM Records",0.542,0.659,9,-8.585,0,0.0306,0.0102,0.134,0.142,0.206,107.251,4
spotify:track:4QWLhGVitrCCysR3ugX9Xw,"Angels","The Silent Force","Within Temptation",2004-11-12,240440,58,false,,2024-03-14T20:35:12Z,"symphonic metal,gothic metal,gothic rock,power metal,metal","Force Music Recordings",0.341,0.867,7,-4.727,0,0.0492,0.293,0,0.257,0.2,182.032,4
spotify:track:2Fur2at4Uv4gESQcW68YEZ,"Devil Rides Out","Disadvantaged","Stinger",2017-06-19,236499,7,false,,2024-03-14T20:31:46Z,"speedcore","Stingray Records",0.581,0.801,1,-5.362,1,0.0371,0.00148,0.00000162,0.344,0.748,129.933,4
spotify:track:3uFbQQdigZh3YFwjApMx1q,"Nichts kann dich bremsen","Tanz nackt.","Ohrenfeindt",2018-08-31,183840,0,false,,2024-03-14T18:31:53Z,"","Metalville",0.69,0.865,0,-3.807,1,0.0322,0.0244,0.000381,0.225,0.536,131.036,4
spotify:track:0vZzCD8Gy1w6ph5PzLctVo,"Mother Earth","Mother Earth","Within Temptation",2000-12-24,331280,48,false,,2024-03-14T18:12:27Z,"symphonic metal,gothic metal,gothic rock,power metal,metal","Force Music Recordings",0.425,0.589,1,-5.876,0,0.0284,0.0223,0.00101,0.26,0.144,104.948,3
spotify:track:0gmEnlnbyzYgMu5FBEFzKY,"Sie hat ihr Herz an St. Pauli verloren","Halbzeit! - Lebenslänglich Rock'n'Roll","Ohrenfeindt",2019-11-22,193481,0,false,,2024-03-14T18:09:03Z,"","Metalville",0.673,0.88,0,-2.687,1,0.0355,0.0149,0.00000343,0.159,0.608,132.009,4
spotify:track:35zwdnMhebt8gLF4WaCUMz,"In the Middle of the Night","The Unforgiving","Within Temptation",2011-03-25,311626,54,false,,2024-03-14T18:08:34Z,"symphonic metal,gothic metal,gothic rock,power metal,metal","Force Music Recordings",0.502,0.892,8,-4.014,1,0.0309,0.000197,0.000345,0.384,0.346,100.038,4
spotify:track:5JpbpsjhJeNwixBzbobklV,"Shot in the Dark","The Unforgiving","Within Temptation",2011-03-25,302240,58,false,,2024-03-14T14:56:36Z,"symphonic metal,gothic metal,gothic rock,power metal,metal","Force Music Recordings",0.524,0.883,1,-4.148,1,0.0348,0.00413,0.000104,0.107,0.289,106.045,4
spotify:track:3o7ucr8OMLXzaWkmPs1dLA,"Motormädchen","Halbzeit! - Lebenslänglich Rock'n'Roll","Ohrenfeindt",2019-11-22,197142,0,false,,2024-03-14T14:54:23Z,"","Metalville",0.629,0.819,0,-3.009,1,0.0345,0.00638,0.0000389,0.414,0.365,88.017,4
spotify:track:6ttGv8i1WLmE9V2cAkGj0h,"Ich kümmer mich drum","Das Geld liegt auf der Strasse","Ohrenfeindt",2020-10-30,192294,0,false,,2024-03-14T13:13:17Z,"","Metalville",0.686,0.869,2,-4.321,1,0.027,0.0731,0.0000232,0.217,0.896,106.034,4
spotify:track:1yrquRdZk965GKv2kDHGpL,"Say Just Words","One Second","Paradise Lost",1997-02-13,242733,45,false,,2024-03-14T12:49:08Z,"gothic metal,doom metal,gothic rock,sludge metal,metal,stoner metal","Sony BMG Music Entertainment",0.508,0.924,8,-5.016,1,0.0427,0.00165,0.0153,0.264,0.18,135.129,4
spotify:track:5icQzyVNu2gsJQwokqG0xR,"Rattle Your Bones","No Guts. No Glory (Special Edition)","Airbourne",2010-03-05,156546,29,false,,2024-03-14T09:43:23Z,"hard rock","Nettwerk Music Group",0.503,0.99,8,-3.678,1,0.136,0.00036,0.000724,0.0525,0.243,136.945,4
spotify:track:0bRNszTbTFLNlunAeh7eom,"Sharp Dressed Man (2008 Remaster)","Eliminator","ZZ Top",1983-03-23,258026,76,false,,2024-03-14T09:40:55Z,"southern rock,classic rock,blues rock,rock","BMG Rights Management (US) LLC",0.601,0.859,5,-5.264,1,0.0276,0.000359,0.00124,0.0871,0.446,125.144,4
spotify:track:5vHyWEoEyIJT5RhR1fcN7y,"Too Late For Love","Pyromania","Def Leppard",1983-01-20,266728,64,false,,2024-03-14T09:33:12Z,"glam metal,glam rock,classic rock","UMC (Universal Music Catalogue)",0.536,0.812,4,-7.38,0,0.0443,0.00306,0.000487,0.116,0.337,94.672,4
spotify:track:6rvldt6EoZwzogApECUCwd,"Who Made Who","Who Made Who","AC/DC",1986-05-24,207085,68,false,,2024-03-14T09:31:49Z,"rock,hard rock,classic rock,rock and roll","Columbia",0.514,0.825,0,-5.135,1,0.0487,0.000286,0.293,0.607,0.655,125.274,4
spotify:track:0aRr7fWlogh8SkjYxhfhUZ,"Heavy Weight Lover","Diamond Cuts: The B-Sides","Airbourne",2017-09-29,205694,30,false,,2024-03-14T09:29:58Z,"hard rock","Nettwerk Music Group",0.502,0.907,11,-3.775,1,0.0843,0.000809,0.386,0.0698,0.524,131.987,4
spotify:track:6R7ePNxaItldEoCd0txdqO,"Get Busy Livin'","No Guts. No Glory (Special Edition)","Airbourne",2010-03-05,217333,19,false,,2024-03-14T09:03:36Z,"hard rock","Nettwerk Music Group",0.475,0.929,2,-2.751,1,0.0628,0.00011,0.244,0.104,0.499,136.189,4
spotify:track:7fDLMKC6UElQgHjcPvzQgs,"Drive-By Shooter","Hallelujah","Razzmattazz",2019-02-08,210786,31,false,,2024-03-14T08:58:58Z,"hard rock,blues rock","7hard",0.582,0.893,9,-4.003,1,0.0492,0.0000853,0.000842,0.0979,0.846,140.044,4
spotify:track:57bgtoPSgt236HzfBOd8kj,"Thunderstruck","The Razors Edge","AC/DC",1990-09-24,292333,87,false,,2024-03-14T08:56:36Z,"rock,hard rock,classic rock,rock and roll","Columbia",0.502,0.89,4,-5.175,1,0.0364,0.000147,0.0117,0.217,0.259,133.52,4
spotify:track:2zYzyRzz6pRmhPzyfMEC8s,"Highway to Hell","Highway to Hell","AC/DC",1979-07-27,208110,87,false,,2024-03-14T08:37:36Z,"rock,hard rock,classic rock,rock and roll","Columbia",0.574,0.913,6,-4.793,0,0.133,0.061,0.00158,0.156,0.423,115.728,4
spotify:track:60a0Rd6pjrkxjPbaKzXjfq,"In the End","Hybrid Theory (Bonus Edition)","Linkin Park",2000-10-24,216880,89,false,,2024-03-13T18:33:17Z,"nu metal,rap metal,rock,alternative metal","Warner Records",0.556,0.864,3,-5.87,0,0.0584,0.00958,0,0.209,0.4,105.143,4
spotify:track:3ZFwuJwUpIl0GeXsvF1ELf,"Nothing Else Matters","Metallica","Metallica",1991-08-12,388733,4,false,,2024-03-13T18:26:36Z,"metal,thrash metal,rock,heavy metal,hard rock","Blackened Recordings",0.558,0.364,4,-11.258,0,0.0265,0.0505,0.00000502,0.0753,0.17,142.171,3
spotify:track:5r9AgnhkPQXeKG1w5rauDq,"Sweet Child O' Mine","Appetite For Destruction / G N'R Lies / The Spaghetti Incident","Guns N' Roses",1987-07-21,356000,0,true,,2024-03-13T18:20:36Z,"rock,glam metal,hard rock,classic rock","Geffen Records Inc.",0.45,0.904,6,-7.736,1,0.046,0.0872,0.108,0.102,0.689,125.072,4
spotify:track:5JzF2iymNwCyFz9MTmojd0,"Why Don't You Get a Job?","Americana","The Offspring",1998-11-17,171866,0,true,,2024-03-13T18:10:06Z,"punk,skate punk","Columbia",0.772,0.878,5,-4.479,1,0.0806,0.0707,0.00000155,0.303,0.535,107.951,4
spotify:track:6VhmpxFFceQBQUfByba3KK,"Carolus Rex - Swedish Version","Carolus Rex","Sabaton",2012-04-04,294306,0,false,,2024-03-13T18:08:29Z,"power metal,metal,heavy metal,symphonic metal,folk metal","Nuclear Blast",0.431,0.834,10,-5.686,0,0.0527,0.000329,0.000114,0.137,0.194,176.219,4
spotify:track:02zLvie0t2VVz6vB0fgGSW,"The Nexus","The Nexus","Amaranthe",2012-01-01,198173,0,false,,2024-03-13T18:02:59Z,"symphonic metal,power metal,metal","Universal Music Group",0.514,0.965,6,-4.989,1,0.112,0.00013,0,0.0829,0.615,105.014,4
spotify:track:12qZHAeOyTf93YAWvGDTat,"All The Small Things","Enema Of The State","blink-182",1999-01-01,168000,4,false,,2024-03-13T17:48:04Z,"pop punk,punk,rock,skate punk,emo","Universal Music Group",0.442,0.893,0,-4.878,1,0.0505,0.00844,0,0.529,0.712,148.119,4
spotify:track:5SnOyuBtyzufoXBAKOdcxD,"The Unforgiven","Metallica","Metallica",1991-08-12,387133,3,false,,2024-03-13T17:44:37Z,"metal,thrash metal,rock,heavy metal,hard rock","Blackened Recordings",0.539,0.597,7,-9.581,1,0.0258,0.0108,0.00552,0.134,0.251,139.444,4
spotify:track:23NPGXlSaIqWzvxIRhM2oG,"Under the Bridge","Greatest Hits","Red Hot Chili Peppers",2003-11-18,265506,59,false,,2024-03-13T17:42:54Z,"funk rock,alternative rock,rock","Warner Records",0.554,0.49,4,-8.046,1,0.0457,0.0168,0.000534,0.136,0.513,84.275,4
spotify:track:5pQYjzkALsgYOcFTC8DMmU,"Sad But True","Metallica","Metallica",1991-08-12,324560,2,false,,2024-03-13T17:38:58Z,"metal,thrash metal,rock,heavy metal,hard rock","Blackened Recordings",0.632,0.845,7,-6.336,1,0.0333,0.000773,0.00152,0.0618,0.433,89.232,4
spotify:track:4Z4ZLBzCXSlHSCaxZ3WS7p,"Run to the Hills - 1998 Remaster","Somewhere Back in Time (The Best of 1980 - 1989)","Iron Maiden",2008-04-07,233946,45,false,,2024-03-13T17:36:54Z,"heavy metal,metal,hard rock,rock","Parlophone UK",0.225,0.951,0,-4.654,1,0.0924,0.00837,0.000225,0.219,0.471,173.241,4
spotify:track:5FQ2oC15Omm9sdBZVQTPjw,"Living in America","Living in America (US version)","The Sounds",2002-11-04,208573,48,false,,2024-03-13T17:30:53Z,"swedish pop","WM Sweden",0.562,0.889,11,-2.849,1,0.0368,0.015,0,0.0637,0.716,148.134,4
spotify:track:3aKJVWH2QOsaMtiCLxYHZX,"Lake Of Fire","MTV Unplugged In New York","Nirvana",1994-11-01,175906,0,false,,2024-03-13T17:28:21Z,"grunge,rock","Universal Music Group",0.561,0.616,1,-9.69,0,0.195,0.318,0.0000447,0.405,0.683,145.249,4
spotify:track:60rHc4AkLlP4XVSATvBb6K,"I Miss the Misery","The Strange Case of...","Halestorm",2012-04-03,183506,67,false,,2024-03-13T16:44:27Z,"","Atlantic Records",0.469,0.969,0,-2.219,1,0.0589,0.009,0.0000111,0.346,0.476,164.042,4
spotify:track:115wUdN4SETElOUi4sKVBq,"Alias","A Sense Of Purpose","In Flames",2008-04-04,289240,0,false,,2024-03-13T16:32:04Z,"melodic death metal,metal,death metal","Fighter Street Records",0.427,0.934,10,-3.838,0,0.0622,0.0177,0.000895,0.21,0.324,170.105,4
spotify:track:2YzHSCRkNrOJmmYZ0HPBJJ,"Over The Hills And Far Away","Out In The Fields - The Very Best Of Gary Moore","Gary Moore",1998-01-01,320773,34,false,,2024-03-13T16:26:02Z,"blues,blues rock","Virgin Records",0.176,0.949,2,-6.25,1,0.198,0.000509,0.273,0.118,0.261,183.46,3
spotify:track:6vrUTGn5p8IrfTZ0J6sIVM,"Iris","Greatest Hits Volume One - The Singles","The Goo Goo Dolls",2007-11-06,289906,73,false,,2024-03-13T16:11:40Z,"","Warner Records",0.291,0.79,11,-5.683,0,0.0363,0.00133,0.00000561,0.0811,0.513,155.667,3
spotify:track:0ZEhlT9v8CdOKu55zhYGv9,"Don't Cry (Original)","Use Your Illusion I","Guns N' Roses",1991-09-17,284800,2,false,,2024-03-13T15:32:50Z,"rock,glam metal,hard rock,classic rock","Universal Music Group",0.437,0.572,8,-8.648,0,0.0339,0.00191,0.00243,0.116,0.239,124.172,4
spotify:track:4CDoeHIz44HzXq3j6LkZq6,"Bring Me To Life","Fallen","Evanescence",2003,237293,0,false,,2024-03-13T15:24:06Z,"alternative metal","Wind Up",0.322,0.947,4,-3.173,0,0.12,0.00846,0.00000395,0.238,0.269,189.994,4
spotify:track:0G8SywgMLkEAtJwzUTxGXH,"Sail","Megalithic Symphony (Deluxe Edition)","AWOLNATION",2013-10-23,259102,0,false,,2024-03-13T15:16:34Z,"","Red Bull Records",0.825,0.435,1,-9.582,1,0.0568,0.452,0.609,0.0953,0.243,119.038,4
spotify:track:5sICkBXVmaCQk5aISGR3x1,"Enter Sandman","Metallica","Metallica",1991-08-12,331266,17,false,,2024-03-13T14:35:04Z,"metal,thrash metal,rock,heavy metal,hard rock","Blackened Recordings / Universal Music",0.577,0.828,6,-8.691,0,0.0298,0.00213,0.0114,0.0581,0.604,123.257,4
spotify:track:0P4JuEXYJmu2Q7BTtQW5nR,"Fear Of The Dark - 1998 Remastered Version","Fear Of The Dark (1998 Remastered Edition)","Iron Maiden",1992,436826,1,false,,2024-03-13T14:34:29Z,"heavy metal,metal,hard rock,rock","Parlophone UK",0.302,0.815,2,-8.756,0,0.0582,0.000762,0.00034,0.0959,0.251,109.937,4
spotify:track:40riOy7x9W7GXjyGp4pjAv,"Hotel California - 2013 Remaster","Hotel California (2013 Remaster)","Eagles",1976-12-08,391376,85,false,,2024-03-13T12:27:07Z,"classic rock,yacht rock,soft rock","Rhino/Elektra",0.579,0.508,2,-9.484,1,0.027,0.00574,0.000494,0.0575,0.609,147.125,4
spotify:track:2nLtzopw4rPReszdYBJU6h,"Numb","Meteora","Linkin Park",2003-03-25,187520,88,false,,2024-03-13T12:26:56Z,"nu metal,rap metal,rock,alternative metal","Warner Records",0.488,0.87,6,-4.185,0,0.0421,0.00353,0,0.484,0.211,110.072,4
spotify:track:1JSTJqkT5qHq8MDJnJbRE1,"Every Breath You Take","Synchronicity (Remastered 2003)","The Police",1983-06-17,253920,94,false,,2024-03-13T12:25:59Z,"","Polydor Records",0.82,0.452,1,-9.796,1,0.0348,0.543,0.00294,0.0714,0.74,117.401,4
spotify:track:0sa1kd1ZDMHopmdY66GcOQ,"Live It Up","Black Dog Barking","Airbourne",2013-05-17,265086,57,false,,2024-03-13T12:05:23Z,"hard rock","Nettwerk Music Group",0.369,0.92,3,-4.665,1,0.0381,0.00492,0.727,0.191,0.503,142.982,4
spotify:track:33j9ZDRyZn5pre5kvZ65Nm,"Superheroes","Rocket Ride","Edguy",2006-01-20,199533,44,false,,2024-03-13T12:00:21Z,"power metal,symphonic metal,speed metal,metal,heavy metal,progressive metal","Nuclear Blast",0.593,0.911,5,-3.922,1,0.0791,0.00408,0,0.158,0.512,133.043,4
spotify:track:679cJkCqSk3wrr0vKvazBt,"Diamond in the Rough","Runnin' Wild (Special Edition)","Airbourne",2007,177960,46,false,,2024-03-13T11:53:26Z,"hard rock","Nettwerk Music Group",0.682,0.957,7,-2.54,1,0.0591,0.00115,0,0.0958,0.642,137.964,4
spotify:track:6jPsYEa8d58nypgc7Cruo6,"Hotter Than Hell","Runnin' Wild (Special Edition)","Airbourne",2007,243357,29,false,,2024-03-13T11:45:31Z,"hard rock","Nettwerk Music Group",0.44,0.953,9,-3.571,1,0.08,0.00279,0.249,0.338,0.331,165.099,4
spotify:track:1TeKDrgczhz1UvfpjzyjHD,"Limbo Man","Mojo Skyline","The Dust Coda",2021-03-26,263156,36,false,,2024-03-13T11:41:41Z,"","Earache Records Ltd",0.549,0.932,8,-4.218,1,0.108,0.000901,0,0.0686,0.666,144.945,4
spotify:track:55b6f6pK0axw2HZ6I3ruV0,"Whatever","Thundermother","Thundermother",2018-02-23,161531,45,false,,2024-03-13T11:38:25Z,"hard rock","Despotz Records AB",0.53,0.901,9,-9.279,0,0.0523,0.000636,0.000126,0.0877,0.581,167.965,4
spotify:track:5u5F7qLDvZjBSktaDp4HxB,"Moneytalks","The Razors Edge","AC/DC",1990-09-24,225957,68,false,,2024-03-13T11:18:46Z,"rock,hard rock,classic rock,rock and roll","Columbia",0.649,0.903,7,-3.677,1,0.0318,0.000841,0.000351,0.122,0.412,121.841,4
spotify:track:5RqBfTw7YCqnzRd6GfZQod,"Dirt Bound","Somethings Drippin","Bonafide",2009-10-30,223840,40,false,,2024-03-13T11:10:24Z,"hard rock","Black Lodge Records",0.565,0.852,9,-3.73,1,0.076,0.0214,0.00000287,0.537,0.413,149.88,4
spotify:track:0gikB5drRUOd3BLk3sNZz8,"Hungry","Black Dog Barking (Special Edition)","Airbourne",2013-05-17,176640,43,false,,2024-03-13T10:48:07Z,"hard rock","Nettwerk Music Group",0.508,0.993,9,-3.287,0,0.151,0.000628,0.778,0.257,0.104,100.016,4
spotify:track:3UrGEZVC2bbMfVcI0DGOlB,"Hey Tonight","Pendulum (Expanded Edition)","Creedence Clearwater Revival",1970-12-07,162853,60,false,,2024-03-13T10:43:51Z,"classic rock,southern rock,country rock","Craft Recordings",0.709,0.78,4,-7.315,1,0.0323,0.0284,0.0839,0.185,0.691,128.826,4
spotify:track:7lz578ML4nWrDL3uOLyQoR,"Got Me Under Pressure (2008 Remaster)","Eliminator","ZZ Top",1983-03-23,243066,57,false,,2024-03-13T10:14:48Z,"southern rock,classic rock,blues rock,rock","BMG Rights Management (US) LLC",0.608,0.939,2,-4.95,1,0.0375,0.0168,0.00785,0.0941,0.759,157.957,4
spotify:track:5XcZRgJv3zMhTqCyESjQrF,"Poison","Trash","Alice Cooper",1989-07-25,269712,73,false,,2024-03-13T10:09:04Z,"glam rock,hard rock,glam metal,proto-punk,classic rock","Epic",0.28,0.908,2,-5.509,0,0.109,0.0327,0.00000885,0.18,0.26,118.698,4
spotify:track:249XHhBxBOblTCYStaC27L,"Koolaid","The Rise of Chaos","Accept",2017-08-04,299720,47,false,,2024-03-13T10:05:06Z,"heavy metal,speed metal,metal,thrash metal,hard rock","Nuclear Blast",0.548,0.904,11,-5.197,1,0.03,0.000429,0.0842,0.37,0.342,129.016,4
spotify:track:1KBuhAHzia2qoD4u6YhvER,"Stiff Upper Lip","Stiff Upper Lip","AC/DC",2000-02-25,214724,65,false,,2024-03-13T10:00:05Z,"rock,hard rock,classic rock,rock and roll","Columbia",0.588,0.851,7,-4.206,1,0.033,0.0344,0.00773,0.16,0.706,123.691,4
spotify:track:4S47FRAZ3VcyZS87FnQtmk,"Carry On","Fighting the World","Manowar",1987-01-01,252693,50,false,,2024-03-13T09:58:23Z,"power metal,heavy metal,metal,hard rock","Atlantic Records",0.497,0.904,4,-9.442,1,0.067,0.000389,0.00122,0.0939,0.429,87.862,4
spotify:track:0cLvKgKkqlaJ9UajbitH4l,"Fire Your Guns","The Razors Edge","AC/DC",1990-09-24,173753,56,false,,2024-03-13T09:51:47Z,"rock,hard rock,classic rock,rock and roll","Columbia",0.551,0.96,9,-3.284,1,0.0508,0.00135,0.00000654,0.0941,0.515,98.879,4
spotify:track:46QazXxQS0B31CnbRCy8CV,"Rock You Like a Hurricane - 2011","Comeblack","Scorpions",2011-11-07,255573,65,false,,2024-03-13T09:44:15Z,"hard rock,glam metal,rock","Legacy Recordings",0.587,0.891,11,-3.381,1,0.0361,0.000261,0.00454,0.314,0.705,124.005,4
spotify:track:4feXJ5IC3avXsVW9WNFSag,"Rock N Roll Train","Black Ice","AC/DC",2008-10-20,260124,70,false,,2024-03-13T09:36:20Z,"rock,hard rock,classic rock,rock and roll","Columbia",0.547,0.931,2,-2.356,1,0.0615,0.000998,0.0118,0.278,0.697,118.4,4
spotify:track:7o2CTH4ctstm8TNelqjb51,"Sweet Child O' Mine","Appetite For Destruction","Guns N' Roses",1987-07-21,354520,13,true,,2024-03-13T09:05:22Z,"rock,glam metal,hard rock,classic rock","Guns N Roses P&D",0.454,0.91,6,-7.766,1,0.0448,0.0866,0.0996,0.116,0.629,125.116,4
spotify:track:0KrpQV54e8de4GKr71rrtY,"The Zoo - 2015 - Remaster","Animal Magnetism","Scorpions",1980-03-31,330466,51,false,,2024-03-13T06:17:24Z,"hard rock,glam metal,rock","BMG Rights Management GmbH",0.421,0.866,9,-4.159,1,0.135,0.0609,0.328,0.36,0.225,102.943,4
spotify:track:53h1ZSLWi8hVWF9DWKNXVh,"Die By The Blade","From Hell With Love","Beast In Black",2019-02-08,194838,61,false,,2024-03-12T16:23:04Z,"power metal,symphonic metal,metal","Nuclear Blast",0.552,0.864,8,-6.523,0,0.0375,0.000931,0.0199,0.0856,0.898,140.986,4
spotify:track:4UBIdb16eo8bIykBM6JHE2,"Two's Up","Blow Up Your Video","AC/DC",1988-02-01,321106,36,false,,2024-03-12T15:27:02Z,"rock,hard rock,classic rock,rock and roll","Columbia",0.455,0.938,0,-5.104,0,0.0609,0.00201,0.028,0.0496,0.383,122.586,4
spotify:track:5ipnH5GNLX0k4MD43LB9mB,"Can't Stand The Night","Breaker","Accept",1981,322693,41,false,,2024-03-12T15:21:55Z,"heavy metal,speed metal,metal,thrash metal,hard rock","Brain",0.445,0.577,9,-10.989,0,0.0323,0.000556,0.012,0.181,0.663,123.025,4
spotify:track:73ej5lGd0Pyji6pbIBQ9fi,"Holiday (2015 - Remaster)","Lovedrive","Scorpions",1979-01-15,391360,55,false,,2024-03-12T14:09:43Z,"hard rock,glam metal,rock","BMG Rights Management GmbH",0.441,0.426,2,-8.683,0,0.0312,0.37,0.0133,0.242,0.306,118.086,4
spotify:track:6RG9WyeGTkM1xwI2gzUhbH,"Always Somewhere (2015 - Remaster)","Lovedrive","Scorpions",1979-01-15,297520,67,false,,2024-03-12T13:53:35Z,"hard rock,glam metal,rock","BMG Rights Management GmbH",0.498,0.51,0,-7.3,1,0.0299,0.0902,0.00142,0.147,0.198,113.073,4
spotify:track:5nOu6IIjUVGPDrEmiQoSyq,"Loving You Sunday Morning (2015 - Remaster)","Lovedrive","Scorpions",1979-01-15,338386,35,false,,2024-03-12T13:43:11Z,"hard rock,glam metal,rock","BMG Rights Management GmbH",0.392,0.848,9,-2.988,0,0.0451,0.000186,0.13,0.331,0.334,123.314,4
spotify:track:4fmbclc5AnDtQgJw93eds1,"Another Piece of Meat (2015 - Remaster)","Lovedrive","Scorpions",1979-01-15,213533,29,false,,2024-03-12T13:41:40Z,"hard rock,glam metal,rock","BMG Rights Management GmbH",0.199,0.942,4,-3.362,1,0.0657,0.00164,0.00465,0.389,0.86,203.919,4
spotify:track:1evLWOWq8797z8c4pH6t5k,"Is There Anybody There? (2015 - Remaster)","Lovedrive","Scorpions",1979-01-15,239400,36,false,,2024-03-12T13:34:41Z,"hard rock,glam metal,rock","BMG Rights Management GmbH",0.607,0.751,4,-5.995,0,0.043,0.00968,0.000148,0.112,0.95,135.947,4
spotify:track:2RsJ61rPuVVzm0GBzP1mWn,"Sänger in 'ner Rock'n'Roll Band","Das Geld liegt auf der Strasse","Ohrenfeindt",2020-10-30,244508,0,false,,2024-03-12T11:50:53Z,"","Metalville",0.672,0.653,0,-5.377,1,0.0341,0.00237,0.000183,0.0814,0.816,117.961,4
spotify:track:3QKLrhrRqXftlryrLeuFN2,"Das Geld liegt auf der Strasse","Das Geld liegt auf der Strasse","Ohrenfeindt",2020-10-30,230830,0,false,,2024-03-12T11:23:31Z,"","Metalville",0.616,0.824,0,-3.59,1,0.0498,0.000923,0.0181,0.0601,0.375,122.035,4
spotify:track:6mPsYhcy0UIScC4YyekLr0,"Don't Believe Her","Crazy World","Scorpions",1990-01-01,295626,46,false,,2024-03-12T11:15:28Z,"hard rock,glam metal,rock","Island Mercury",0.497,0.887,7,-8.077,1,0.0531,0.00185,0.55,0.38,0.341,127.661,4
spotify:track:0IXpUl1fn2QZcBavfuq0H4,"Living After Midnight","British Steel","Judas Priest",1980,210133,61,false,,2024-03-12T09:35:20Z,"heavy metal,metal,hard rock,glam metal","Sony Music CG",0.61,0.824,4,-6.046,1,0.0534,0.0136,0.00000175,0.0606,0.819,134.992,4
spotify:track:0cajnv3diwVnb2KXv7hLVs,"Uprising","Coat of Arms","Sabaton",2010-05-21,295640,54,false,,2024-03-12T08:50:03Z,"power metal,metal,heavy metal,symphonic metal,folk metal","Nuclear Blast",0.527,0.866,6,-3.763,0,0.0347,0.00982,0.0000519,0.129,0.427,87.997,4
spotify:track:7MhVulvgewNe3ex678MKfh,"A Lifetime Of War","Carolus Rex (English)","Sabaton",2012-05-25,345413,47,false,,2024-03-12T08:22:55Z,"power metal,metal,heavy metal,symphonic metal,folk metal","Nuclear Blast",0.407,0.708,0,-5.871,0,0.0387,0.0176,0,0.389,0.158,136.056,4
spotify:track:2aL4Dr516WsEswstjfnyYr,"Shiroyama","The Last Stand","Sabaton",2016-08-19,213512,58,false,,2024-03-11T17:20:23Z,"power metal,metal,heavy metal,symphonic metal,folk metal","Nuclear Blast",0.483,0.938,11,-5.685,0,0.0551,0.00132,0,0.0689,0.637,171.051,4
spotify:track:3fjiaIx6KFssAz3C8TaUec,"Somebody Save Me","Night Songs","Cinderella",1986,194560,57,false,,2024-03-11T16:40:54Z,"glam metal,glam rock,hard rock","Island Mercury",0.56,0.716,7,-12.447,1,0.0344,0.00208,0.00333,0.0405,0.723,132.364,4
spotify:track:0eV3PB3T0OxW4feG1DlOjQ,"Hearts on Fire","Crimson Thunder","HammerFall",2002-10-28,231386,61,false,,2024-03-11T16:26:59Z,"power metal,metal,speed metal,heavy metal,symphonic metal,folk metal","Nuclear Blast",0.577,0.901,1,-5.981,1,0.0492,0.000431,0.00000359,0.672,0.337,90.997,4
spotify:track:09WdQ3OX4gNKfJLx2q2ep2,"Blonde, Bad and Beautiful","No Guts. No Glory (Special Edition)","Airbourne",2010-03-05,229240,52,false,,2024-03-11T16:22:54Z,"hard rock","Nettwerk Music Group",0.555,0.954,9,-2.79,1,0.0566,0.0000277,0.00552,0.0769,0.513,131.424,4
spotify:track:34YTjOjyJOg8e0HyIHHKpw,"Blood of Bannockburn","The Last Stand","Sabaton",2016-08-19,174698,49,false,,2024-03-11T16:16:49Z,"power metal,metal,heavy metal,symphonic metal,folk metal","Nuclear Blast",0.484,0.972,0,-5.155,1,0.0883,0.000364,0.0000672,0.264,0.426,95.992,4
spotify:track:6nDHNHOVNuWK48N24Fktcs,"Wait A Minute My Girl","Servant Of The Mind (Deluxe)","Volbeat",2021-12-03,140053,58,false,,2024-03-11T16:04:54Z,"rock,metal","Vertigo Berlin",0.409,0.936,1,-5.712,0,0.0524,0.0000698,0.00126,0.622,0.678,183.981,4
spotify:track:2QhUoZUxjZVNCERMs5O7Op,"Road to Hell - 2001 Remaster","Accident of Birth (Expanded Edition)","Bruce Dickinson",2005-06-21,237626,42,false,,2024-03-11T16:02:30Z,"heavy metal,metal","Sanctuary Records",0.54,0.947,2,-5.261,1,0.0999,0.0024,0.0000135,0.364,0.709,94.083,4
spotify:track:0tkdwKUikUvk1WklgF5zXL,"The Zoo","Comeblack","Scorpions",2011-11-07,338320,44,false,,2024-03-11T15:56:09Z,"hard rock,glam metal,rock","Legacy Recordings",0.637,0.808,2,-5.296,1,0.0373,0.00287,0.00532,0.399,0.485,102,4
spotify:track:5950DrTrZOgDxlQ6puFHBZ,"Rhythm of Love - 2015 - Remaster","Savage Amusement","Scorpions",1988-04-15,230680,41,false,,2024-03-11T14:36:31Z,"hard rock,glam metal,rock","BMG Rights Management GmbH",0.285,0.98,7,-2.398,0,0.0784,0.267,0.049,0.38,0.326,89.037,4
spotify:track:6PKqJoUMBdkqCrdTuqFGkb,"Ich will alles","The Other Side","Gothminister",2017-10-13,230386,32,false,,2024-03-08T15:16:24Z,"industrial metal,industrial,gothic metal,industrial rock,ebm,gothic rock,darkwave","AFM Records",0.483,0.929,0,-5.301,1,0.0514,0.000258,0.126,0.371,0.422,145.053,4
spotify:track:7jn8hXDNA8PiP6ohsidANR,"Total Eclipse of the Heart","Rhapsodies in Black","Exit Eden",2017-08-04,265173,45,false,,2024-03-08T15:12:16Z,"symphonic metal,gothic metal,power metal","Napalm Records",0.54,0.921,8,-4.401,1,0.0549,0.102,0.00000281,0.142,0.303,130.038,4
spotify:track:4u4JMXuhg94qU88lzeiiuq,"Better Off Alone","Better Off Alone","Alice Deejay",1998-01-01,214883,48,false,,2024-03-07T22:43:22Z,"eurodance,europop","Universal Music, a division of Universal International Music BV",0.671,0.882,8,-6.149,0,0.0552,0.00181,0.667,0.285,0.787,136.955,4
spotify:track:7u3MZDDFE9TwKMMvYAfadh,"Better Off Alone - 1999 Original Mix","Better Off Alone (Laidback Luke Remix)","Alice Deejay",2011-06-20,411097,26,false,,2024-03-07T17:11:16Z,"eurodance,europop","Universal Music, a division of Universal International Music BV",0.774,0.616,8,-9.502,0,0.102,0.00027,0.842,0.219,0.585,136.961,4
spotify:track:0cqTQzsx21ftriowoRTDPJ,"This Is How We Rock! - Single Edit","Bb-Styles (Main Edition)","Brooklyn Bounce",2010-12-10,229847,29,false,,2024-03-07T13:32:37Z,"eurodance,hardstyle,happy hardcore","Mental Madness Records",0.593,0.982,9,-5.898,1,0.0719,0.0000686,0.784,0.204,0.299,141.06,4
spotify:track:6shzlUkm7OcnoO4guEiGJ8,"Sei nell'anima","Grazie","Gianna Nannini",2006-11-27,270346,54,false,,2024-03-06T16:57:23Z,"italian singer-songwriter","RCA Records Label",0.599,0.559,7,-5.704,1,0.0216,0.404,0.00000216,0.0834,0.468,91.01,4
spotify:track:3RtAMN9m7Khy4AxUV45aTd,"Amaranthine","Amaranthe","Amaranthe",2011-01-01,209933,54,false,,2024-03-06T13:17:16Z,"symphonic metal,power metal,metal","Spinefarm FI",0.357,0.755,3,-5.89,0,0.0672,0.00414,0.00000104,0.184,0.199,178.103,4
spotify:track:7iZoDXIunEJkR7nWLxRoQu,"Songs the Night Sings","Songs the Night Sings","The Dark Element",2019-09-04,309826,27,false,,2024-03-06T12:47:17Z,"symphonic metal,power metal,gothic metal","Frontiers Records s.r.l.",0.449,0.852,3,-8.261,1,0.0432,0.0000455,0.0146,0.246,0.416,152.106,4
spotify:track:1ojotvJWLsbEsmLV6gl0cM,"Human","Hørizøns","Beyond The Black",2020-06-19,309266,31,false,,2024-03-06T12:45:03Z,"symphonic metal,power metal,gothic metal,metal","Napalm Records Handels GmbH",0.446,0.798,0,-7.089,1,0.0365,0.00147,0,0.102,0.642,76.003,4
spotify:track:2Btn2mmghzndEJVi06z65t,"Lay All Your Love on Me","Looking for You","Amberian Dawn",2020-01-31,233472,43,false,,2024-03-06T12:42:01Z,"symphonic metal,gothic metal,power metal,folk metal","Napalm Records Handels GmbH",0.557,0.954,11,-4.318,0,0.034,0.000454,0.00111,0.0916,0.57,134.972,4
spotify:track:1RNwniZkJqdw9LMkkyynjx,"Nemo","Once","Nightwish",2004-06-07,276200,65,false,,2024-03-06T12:33:10Z,"symphonic metal,gothic metal,power metal,metal,folk metal,gothic rock","Nuclear Blast",0.494,0.735,0,-6.326,0,0.0348,0.000185,0.0000838,0.086,0.359,125.042,4
spotify:track:6tPfKOT79d7cHfo7q9GyEJ,"Tanz nackt.","Tanz nackt.","Ohrenfeindt",2018-08-31,230200,0,false,,2024-03-06T06:32:26Z,"","Metalville",0.799,0.558,0,-4.068,1,0.0398,0.00535,0.0113,0.0846,0.497,119.499,4
spotify:track:0vhPMmTMcIJI5iTJZ13Zw2,"Forever Autumn","Forever Autumn","Lake Of Tears",1999-07-20,355933,29,false,,2024-03-05T17:57:16Z,"gothic metal,doom metal,gothic rock","roQon",0.661,0.471,10,-9.885,1,0.0278,0.351,0.00187,0.12,0.185,115.84,4
spotify:track:4V9hjveN9Mms6n6JIyYujZ,"Raistlin and the Rose","A Crimson Cosmos","Lake Of Tears",1997-05-23,322533,24,false,,2024-03-05T17:07:46Z,"gothic metal,doom metal,gothic rock","roQon",0.617,0.693,7,-8.653,0,0.0306,0.00673,0.822,0.0735,0.321,115.173,4
spotify:track:34RdQTlscLdiGP9KXwIJpL,"The Sun","The Other Side","Gothminister",2017-10-13,182477,33,false,,2024-03-05T12:11:07Z,"industrial metal,industrial,gothic metal,industrial rock,ebm,gothic rock,darkwave","AFM Records",0.584,0.837,9,-5.586,0,0.0492,0.000129,0.00506,0.425,0.623,125.048,4
spotify:track:6olS0TmHmsGr0hXtcBsiVM,"A Tout Le Monde - Remastered 2004","Youthanasia (Expanded Edition - Remastered)","Megadeth",1994-10-28,262133,66,false,,2024-03-05T12:02:18Z,"thrash metal,metal,heavy metal,speed metal","Capitol Records",0.272,0.747,5,-4.86,0,0.0401,0.000393,0.0000403,0.16,0.255,202.777,4
spotify:track:4Rxvi74lUQRo2W0VECschg,"Close My Eyes Forever (feat. Lzzy Hale)","Device","Device;Lzzy Hale",2013-04-02,276026,40,false,,2024-03-05T12:00:20Z,"","Warner Records",0.384,0.707,9,-6.256,0,0.035,0.0000186,0.011,0.169,0.183,135.463,4
spotify:track:6Xd3sEwne19qbUzxOrUl40,"5150","5150","Van Halen",1986-03-24,342666,50,false,,2024-03-04T18:03:54Z,"glam metal,classic rock,rock,hard rock","Warner Records",0.254,0.72,1,-13.81,1,0.0471,0.00965,0.00234,0.0573,0.679,157.652,4
spotify:track:0YsyXAXo1VVDIhJUGcj9F2,"Good husband - Dunkelbunt","Violins against bombs RMX","DJ Click;Masha Natanson",2023-04-07,243440,0,false,,2024-03-02T01:11:56Z,"maloya","No Fridge",0.626,0.912,9,-4.865,1,0.0404,0.00217,0.443,0.211,0.515,137.003,4
spotify:track:1EvJLx188i8wnDxMSTWNhu,"PamPamPam","Salma Munde","DJ Click;Salma Munde",2024-02-16,229573,0,false,,2024-03-02T01:09:47Z,"maloya,alté","No Fridge",0.676,0.663,1,-6.038,0,0.0453,0.154,0.0791,0.067,0.391,87.987,4
spotify:track:3Rtv6zRNKpeSygXoaF9kCm,"Beyond the Realms of Death","Stained Class","Judas Priest",1978-10-27,409800,54,false,,2024-03-01T20:41:47Z,"heavy metal,metal,hard rock,glam metal","Columbia",0.287,0.716,11,-5.653,0,0.0311,0.0381,0.0000324,0.164,0.544,172.123,4
spotify:track:1tIYjIOYPNyVotjj2BLmg7,"In Gloom","Ominous","Lake Of Tears",2021-02-19,213000,27,false,,2024-02-29T07:30:01Z,"gothic metal,doom metal,gothic rock","AFM Records",0.571,0.355,5,-15.072,1,0.0303,0.00625,0.169,0.0914,0.298,134.986,3
spotify:track:71LmwNWHchuDe1QwrEKsB1,"God Was Never on Your Side","Kiss of Death","Motörhead",2006-08-29,261186,60,false,,2024-02-29T06:22:17Z,"heavy metal,metal,speed metal,hard rock,rock","Sanctuary Records",0.293,0.887,3,-4.629,0,0.0876,0.162,0.00065,0.103,0.183,175.922,4
spotify:track:1NooFJT2FFI2cWW6Wm0hl6,"I Don't Know You","Black and Gold","Thundermother",2022-08-19,215653,38,true,,2024-02-27T18:10:04Z,"hard rock","AFM Records",0.454,0.949,9,-3.014,1,0.0984,0.00983,0,0.33,0.323,129.965,4
spotify:track:3CQaHiwA4P14cdJuDzITLd,"In the Name of Love","Vultures Die Alone","Arion;Cyan Kicks",2021-04-09,252893,39,false,,2024-02-27T12:25:39Z,"power metal,symphonic metal","AFM Records",0.252,0.838,1,-4.836,0,0.0544,0.00215,0,0.135,0.403,104.901,3
spotify:track:78fh8ymSUdo9oWkShDZbT8,"Will You Be There (In The Morning)","Desire Walks On","Heart",1993-11-16,269800,47,false,,2024-02-27T08:35:26Z,"classic rock,aor,rock","Capitol Records",0.553,0.743,9,-6.794,1,0.0281,0.0365,0.0000165,0.194,0.528,166.499,4
spotify:track:6EHMdyYukZbWazMHAuWIKO,"Touch The Rainbow","Axxis 2","Axxis",1995,212906,29,false,,2024-02-26T07:38:09Z,"power metal,heavy metal","spin records",0.572,0.709,11,-10.567,0,0.0342,0.155,0.00299,0.098,0.693,93.088,4
spotify:track:3ZwrK4djNjJCNOZknEFtmc,"Say Fuck It","Fuck","Buckcherry",2014-08-19,175284,50,true,,2024-02-26T06:46:01Z,"","F-Bomb Records",0.545,0.836,6,-4.264,1,0.0476,0.000919,0.00883,0.13,0.595,126.079,4
spotify:track:6Nm8h73ycDG2saCnZV8poF,"Dragula","Hellbilly Deluxe","Rob Zombie",1998-01-01,222826,79,false,,2024-02-24T07:04:16Z,"industrial metal,industrial rock,alternative metal,metal,nu metal","Geffen",0.59,0.963,0,-6.489,0,0.0676,0.0000875,0.000105,0.0781,0.586,125.033,4
spotify:track:2yujuIe5EUCbNyPE36Cb14,"Heroes And Zeros","Battlelines","Vega",2023-09-08,258290,7,false,,2024-02-16T20:31:08Z,"aor,arena rock,hard rock","Frontiers Records s.r.l.",0.444,0.946,7,-5.791,1,0.0482,0.0000115,0.0000741,0.119,0.443,140.061,4
spotify:track:07AmLTKUYmSix24nV0IqK3,"FL89","FL89","Cruzh",2024-01-24,249200,5,false,,2024-02-16T20:12:11Z,"aor,arena rock,hard rock","Frontiers Music Srl",0.413,0.877,4,-5.35,1,0.0499,0.0000352,0.00162,0.169,0.313,150.102,4
spotify:track:3Skwc4sh1QHUGcWrFBFWSF,"Joyride - Single Version","Don't Bore Us - Get to the Chorus! Roxette's Greatest Hits","Roxette",2016-06-10,241733,56,false,,2024-02-15T15:51:33Z,"swedish pop","WM Sweden",0.651,0.74,2,-6.244,1,0.0272,0.0862,0,0.142,0.615,102.233,4
spotify:track:6mYrhCAGWzTdF8QnKuchXM,"If I Could Turn Back Time","Heart Of Stone","Cher",1989-01-01,239826,73,false,,2024-02-15T13:45:13Z,"","Geffen",0.658,0.575,11,-10.365,1,0.0267,0.243,0,0.122,0.504,108.329,4
spotify:track:6W26h4KbGUnEaav5VWIyJm,"The Day Before You Came","The Visitors (Deluxe Edition)","ABBA",1981,349080,56,false,,2024-02-15T12:40:35Z,"","Polar Music International AB",0.801,0.388,0,-14.594,0,0.0354,0.0498,0.00421,0.0525,0.736,108.071,4
spotify:track:5I9MwCyxn4mnJRDQBtRzvY,"She's in Love with You - 2017 Remaster","Suzi… and Other Four Letter Words (2017 Remaster)","Suzi Quatro",1979-04-05,212986,57,false,,2024-02-15T10:41:00Z,"glam rock","Chrysalis Records",0.657,0.857,11,-7.02,1,0.0455,0.0716,0.000015,0.0774,0.624,125.858,4
spotify:track:1qiae9HH5NWzi4BFZBUvhs,"Soapte","Soapte","DJ Project",2005-01-01,203240,29,false,,2024-02-14T13:15:36Z,"europop","2005 Cat Music",0.671,0.604,11,-10.414,0,0.0296,0.00777,0.00517,0.0933,0.761,134.983,4
spotify:track:5OQGeJ1ceykovrykZsGhqL,"Breathless","In Blue","The Corrs",2000-07-17,207506,72,false,,2024-02-14T11:19:09Z,"celtic rock","Atlantic Records",0.607,0.82,11,-7.754,1,0.0597,0.0541,0.000068,0.269,0.768,126.988,4
spotify:track:5RYLa5P4qweEAKq5U1gdcK,"A Kind Of Magic - Remastered 2011","A Kind Of Magic (2011 Remaster)","Queen",1986-06-02,264253,72,false,,2024-02-13T15:51:17Z,"classic rock,rock,glam rock","EMI",0.67,0.776,9,-5.874,1,0.0356,0.0184,0.00294,0.128,0.703,130.128,4
spotify:track:2VCB1IOc2oLUkat0YCkTZ6,"Living On My Own - No More Brothers Radio Mix","Never Boring","Freddie Mercury;Serge Ramaekers;Carl Ward;Colin Peter",2019-10-11,217411,68,false,,2024-02-13T15:46:00Z,"","UMC (Universal Music Catalogue)",0.644,0.791,9,-8.949,0,0.0311,0.000215,0.0000141,0.102,0.471,123.929,4
spotify:track:6YlOxoHWLjH6uVQvxUIUug,"Rockin' All Over The World","Rockin' All Over The World","Status Quo",1977-11-11,215333,62,false,,2024-02-13T15:42:31Z,"glam rock,blues rock","UMC (Universal Music Catalogue)",0.632,0.933,0,-7.874,1,0.0326,0.236,0.00151,0.604,0.968,131.487,4
spotify:track:0Rs2hWa2sAPBGpUzLh56U1,"Sailing","Man On The Rocks","Mike Oldfield",2014-01-01,286373,37,false,,2024-02-12T09:48:12Z,"progressive rock,new age","EMI",0.614,0.676,0,-7.258,1,0.0261,0.000852,0.017,0.14,0.619,123.016,4
spotify:track:6jfEZdUJ2Yla6h7gTJgKuo,"Walk Me Home","Hurts 2B Human","P!nk",2019-04-25,177390,57,false,,2024-02-09T14:11:36Z,"","RCA Records Label",0.652,0.453,1,-6.119,1,0.0445,0.0519,0,0.179,0.432,88.038,3
spotify:track:71fSn6OIF7HnCbgCzOBqpj,"Runnin' Wild","Runnin' Wild (Special Edition)","Airbourne",2007,222240,67,true,,2024-02-06T13:28:25Z,"hard rock","Nettwerk Music Group",0.47,0.947,10,-4.122,1,0.0929,0.000141,0.29,0.127,0.394,162.052,4
spotify:track:1grvqYbhgqJxwdzeY1vgSb,"No One Like You - 2015 - Remaster","Blackout","Scorpions",1982-03-29,238866,65,false,,2024-02-06T13:17:28Z,"hard rock,glam metal,rock","BMG Rights Management GmbH",0.441,0.795,9,-2.853,0,0.043,0.0168,0.0000024,0.166,0.699,118.146,4
spotify:track:7MeLCs4dU5AJOQRPxEBEux,"You Got the Skills (To Pay the Bills)","Black Dog Barking (Special Edition)","Airbourne",2013-05-17,213666,30,false,,2024-02-06T12:55:45Z,"hard rock","Nettwerk Music Group",0.562,0.971,9,-4.405,1,0.0665,0.0173,0.00157,0.195,0.383,120.064,4
spotify:track:0SKwlWsjgQuAAuUvLSyuBe,"So viele Fragen","Schwarz auf Weiss","Ohrenfeindt",2023-06-23,229782,0,false,,2024-02-06T12:39:35Z,"","Metalville",0.608,0.835,0,-3.617,1,0.0348,0.0318,0.00000615,0.281,0.351,124.014,4
spotify:track:2WZ0LVHSQRbhyhp65qyrFc,"Sechser im Lotto","Tanz nackt.","Ohrenfeindt",2018-08-31,229320,0,false,,2024-02-06T11:40:17Z,"","Metalville",0.575,0.888,7,-3.814,1,0.0386,0.00563,0.00062,0.111,0.282,131.083,4
spotify:track:1R8T9Hnsz0M01pheJIi5qT,"Heartbreaker","Runnin' Wild (Special Edition)","Airbourne",2007,240133,48,false,,2024-02-06T10:59:41Z,"hard rock","Nettwerk Music Group",0.54,0.938,7,-3.4,1,0.0405,0.00016,0.108,0.365,0.436,151.051,4
spotify:track:6fmXFtoTmGekU3RRKMIrTG,"'N Job in 'ner Bank","Halbzeit! - Lebenslänglich Rock'n'Roll","Ohrenfeindt",2019-11-22,162486,0,false,,2024-02-06T10:30:16Z,"","Metalville",0.535,0.981,0,-2.047,1,0.054,0.00195,0.0000102,0.31,0.492,148.02,4
spotify:track:6rAy2MsMUabbqu2VygrblP,"Givin the Dog a Bone","Back In Black","AC/DC",1980-07-25,212400,55,false,,2024-02-06T10:15:28Z,"rock,hard rock,classic rock,rock and roll","Columbia",0.525,0.975,2,-4.372,1,0.0572,0.0704,0.0000222,0.231,0.736,132.686,4
spotify:track:6ZPi5iNXafjUHep1sltQNl,"Pandemic","Blood of the Nations","Accept",2010-08-20,336266,49,false,,2024-02-05T08:57:20Z,"heavy metal,speed metal,metal,thrash metal,hard rock","Nuclear Blast",0.451,0.979,6,-4.554,0,0.0557,0.000038,0.0144,0.309,0.559,152.031,4
spotify:track:5GjnIpUlLGEIYk052ISOw9,"This Is What It Feels Like","Intense","Armin van Buuren;Trevor Guthrie",2013-05-03,204360,72,false,,2024-02-01T14:35:17Z,"trance,progressive trance,progressive house,electronica,edm","ARVA",0.551,0.833,8,-5.217,1,0.03,0.0391,0.00000277,0.0632,0.145,129.885,5
spotify:track:3GYH6TqF2fIihKps1Sedxc,"Sirius","Sirius","Armin van Buuren;AVIRA",2021-08-13,226976,38,false,,2024-02-01T14:30:11Z,"trance,progressive trance,progressive house,electronica,edm,melodic techno,melodic house","A State Of Trance",0.406,0.991,7,-4.221,1,0.0505,0.00422,0.84,0.12,0.219,122.528,4
spotify:track:0si1WhOzGVHR1diA4RONdg,"Doua Anotimpuri","Doua Anotimpuri","DJ Project",2007-06-23,198173,29,false,,2024-02-01T14:04:14Z,"europop","2007 Cat Music",0.685,0.873,5,-5.346,1,0.0292,0.0277,0.0000329,0.338,0.604,129.99,4
spotify:track:3vLOU0DcbceNNdehvBSKxc,"Can’t Live Without You - 2015 - Remaster","Blackout","Scorpions",1982-03-29,228653,39,false,,2024-01-31T13:28:48Z,"hard rock,glam metal,rock","BMG Rights Management GmbH",0.475,0.958,2,-2.177,1,0.143,0.0343,0.0000997,0.0673,0.484,151.726,4
spotify:track:1zU2sDGmJUNhr5z0EXuVcV,"If I Were a Carpenter - 2006 Remaster","Fate of Nations","Robert Plant",1993-05-25,225200,49,false,,2024-01-29T19:04:30Z,"","Es Paranza",0.551,0.546,8,-11.203,1,0.0285,0.0535,0.0431,0.391,0.21,129.712,4
spotify:track:7257drAN3eTtaaUUPw95B3,"Big Log - 2006 Remaster","The Principle of Moments","Robert Plant",1983,304800,59,false,,2024-01-29T18:57:14Z,"","Es Paranza",0.554,0.639,9,-7.163,0,0.0278,0.359,0.00274,0.205,0.644,180.638,4
spotify:track:2No6fc7A4rGJDzcmkSa9A1,"Don't Wake The Lion","Wings Of Heaven","Magnum",1988-01-01,633533,1,false,,2024-01-29T09:46:13Z,"aor,arena rock,hard rock","Licensing",0.504,0.519,11,-13.014,0,0.0279,0.0436,0.00345,0.0514,0.287,81.452,4
spotify:track:4WqJacY99BaT9smKA35W5L,"Într-Un Cer Violet","Epoca De Aur","Sfinx",2003-01-01,215426,0,false,,2024-01-26T16:31:23Z,"progressive rock","Electrecord.com",0.434,0.262,2,-17.082,0,0.0357,0.114,0.00411,0.414,0.452,186.362,3
spotify:track:1zan9lI65vATEfP2SG0Uk8,"Trenul Fără Naș","Epoca De Aur","Iris",2003-01-01,247386,0,false,,2024-01-26T14:41:13Z,"","Electrecord.com",0.61,0.64,4,-12.155,1,0.0567,0.0004,0.000148,0.27,0.637,105.729,4
spotify:track:5ce5gWYwQNtRW2T35AzyYL,"Дядя Вася","Дядя Вася","Azzamchik",2022-12-21,139311,30,false,,2024-01-24T21:53:09Z,"","WHY Z MUSIC",0.921,0.411,6,-10.565,0,0.0505,0.238,0,0.0957,0.954,93.978,3
spotify:track:7977e5UbNSQI8H6JmVdfZj,"Wrong Side Of Heaven - Acoustic","A Decade of Destruction Vol. 2","Five Finger Death Punch",2020-10-09,269787,34,true,,2024-01-23T17:26:21Z,"metal,groove metal,heavy metal,hard rock,rock","Better Noise Music",0.412,0.608,11,-8.138,0,0.0308,0.219,0,0.126,0.429,149.786,4
spotify:track:5nHasgmBY2ywMVYydSYV5C,"One By One - Instrumental","One By One","Elize Ryd;Rickard Söderberg",2015-02-08,182786,5,false,,2024-01-23T15:40:23Z,"","Capitol Music Group AB",0.555,0.894,4,-5.163,0,0.03,0.000343,0.974,0.369,0.807,140.011,4
spotify:track:0Oxvx9qJl2bAbzWhjpGwXM,"Stjärnan I Min Hand","Raskasta Joulua IV","Raskasta Joulua;Elize Ryd",2018-10-26,280812,26,false,,2024-01-23T15:35:14Z,"christmas","Universal Music Oy",0.443,0.534,11,-6.105,0,0.0264,0.0627,0,0.106,0.194,148.221,4
spotify:track:24KYUQtF9N5X1DwgbC7Mgw,"Christmas Is Here","Ragnarok Juletide","Raskasta Joulua;Elize Ryd;Tony Kakko",2014-11-01,226253,24,false,,2024-01-23T15:32:43Z,"christmas","Spin-Farm Oy",0.381,0.802,11,-4.739,0,0.0481,0.0122,0.0000893,0.297,0.298,173.707,4
spotify:track:7BfZXCDOxgbzeQnXJfzjDr,"What We're Up Against feat. Elize Ryd of Amaranthe","What We're Up Against","Apocalyptica;Elize Ryd;Amaranthe",2023-12-15,220133,39,false,,2024-01-23T14:51:42Z,"symphonic metal,power metal,metal","Harmageddon Records",0.377,0.913,2,-6.147,1,0.052,0.000291,0.00272,0.174,0.414,164.957,4
spotify:track:3uErbNGaNIPJkRlMrLxR9Z,"Nothing Else Matters","Inquisition Symphony","Apocalyptica",1998-01-01,285533,58,false,,2024-01-23T14:46:47Z,"symphonic metal","Universal Music Oy",0.346,0.198,2,-12.208,0,0.0334,0.566,0.893,0.0958,0.163,138.103,3
spotify:track:6BD9XMxKnjL6dCJbxXAPUa,"Not Strong Enough","7th Symphony","Apocalyptica;Brent Smith",2010-08-20,216520,68,false,,2024-01-23T14:43:53Z,"symphonic metal","Harmageddon Records",0.354,0.829,9,-3.834,1,0.047,0.00183,0,0.119,0.195,163.958,4
spotify:track:0hGw6iEofYncs0hMTT09Dm,"Dangerous Ground","H.E.A.T II","H.E.A.T",2020-02-21,246826,41,false,,2024-01-23T12:46:18Z,"aor,arena rock,hard rock,glam metal,glam rock","earMUSIC",0.439,0.975,1,-3.798,1,0.131,0.000105,0.0000859,0.228,0.636,172.018,4
spotify:track:7dZ1Odmx9jWIweQSatnRqo,"Million Reasons","Joanne (Deluxe)","Lady Gaga",2016-10-21,205280,75,false,,2024-01-19T21:48:18Z,"art pop,pop","Interscope",0.666,0.423,0,-8.012,1,0.0429,0.494,0,0.106,0.154,129.893,4
spotify:track:3XlKoDmt7NritaYTEndgC2,"Always Remember Us This Way","Always Remember Us This Way","DJ Tons",2021-09-06,234072,2,false,,2024-01-19T21:46:29Z,"","AliNettevn Music Co.",0.843,0.909,9,-3.419,0,0.0471,0.155,0.000586,0.127,0.982,135.019,4
spotify:track:6TF23qjJ82K7glU1SrVf8g,"Going Back West","More Boney M. Gold","Boney M.",1993-10-08,189066,52,false,,2024-01-18T16:21:57Z,"disco","MCI",0.975,0.491,2,-12.988,1,0.0673,0.00583,0.000252,0.0447,0.821,119.427,4
spotify:track:2H2riBoltlfKrU7i495hvf,"Mammagamma","Eye In The Sky (Expanded Edition)","The Alan Parsons Project",1982,213893,31,false,,2024-01-17T15:43:11Z,"progressive rock,classic rock","Arista/Legacy",0.695,0.477,2,-12.431,1,0.0322,0.394,0.886,0.137,0.834,103.567,4
spotify:track:4Kf4mOfjDTJwhKs8ncLN5A,"Touch And Go","MacGruber","Emerson, Lake & Powell",2010-01-01,218133,12,false,,2024-01-17T14:51:21Z,"progressive rock,art rock,aor","Relativity Music Group",0.43,0.701,5,-4.569,1,0.0371,0.261,0.000279,0.231,0.236,153.77,4
spotify:track:6ATouqjf03zPCRCwE892UN,"Take It Back - 2011 Remaster","The Division Bell (2011 Remastered Version)","Pink Floyd",1994-03-28,372400,0,false,,2024-01-17T14:28:25Z,"progressive rock,psychedelic rock,classic rock,art rock,rock","Pink Floyd Records",0.472,0.639,7,-9.798,1,0.0286,0.131,0.00509,0.237,0.146,112.427,4
spotify:track:0GZvPtSGwIMoD8ONZw0GVY,"The End of Days","Snakes & Ladders","Shakra",2017-11-10,302192,24,false,,2024-01-16T04:29:52Z,"arena rock,hard rock,aor","AFM Records",0.59,0.741,10,-5.963,0,0.0284,0.00678,0.00000908,0.238,0.484,88.042,4
spotify:track:7ze46IOPRmWBNpgxqPrYkB,"Remember When","Never Look Back","Blues Saraceno",1989,150066,21,false,,2024-01-15T11:36:25Z,"southern gothic,blues rock,country rock,country blues","Guitar Recordings",0.467,0.593,4,-9.615,0,0.0414,0.0919,0.685,0.128,0.795,174.229,4
spotify:track:7vQNnWSr6yXUJYrA3HoSl0,"Lost For Words - 2011 Remaster","The Division Bell (2011 Remastered Version)","Pink Floyd",1994-03-28,314666,0,true,,2024-01-07T16:10:38Z,"progressive rock,psychedelic rock,classic rock,art rock,rock","Pink Floyd Records",0.595,0.436,0,-12.594,1,0.0247,0.116,0.00535,0.718,0.196,96.296,4
spotify:track:2W6GCg4hHNu1v61iQXKeGP,"With Love We Live Again","Through Worlds of Stardust","STEELHEART",2017-09-15,315706,0,false,,2023-12-22T14:20:18Z,"glam metal,glam rock","Frontiers Music s.r.l",0.497,0.458,5,-11.507,1,0.0301,0.0493,0.000679,0.13,0.31,132.1,4
spotify:track:5vxCtMjRzd1WqypZC931ei,"You Got Me Twisted","Through Worlds of Stardust","STEELHEART",2017-09-15,223613,0,false,,2023-12-22T13:56:56Z,"glam metal,glam rock","Frontiers Music s.r.l",0.531,0.869,5,-7.708,1,0.0459,0.000663,0,0.396,0.609,144.982,4
spotify:track:1ZySgoASSztooJ5vBNdRB0,"Everybody Loves Eileen - Live","Rock'n Milan (Live)","STEELHEART",2018-12-07,553787,0,false,,2023-12-22T13:15:19Z,"glam metal,glam rock","Frontiers Records s.r.l.",0.371,0.651,7,-9.865,1,0.0401,0.000197,0.0881,0.375,0.528,139.33,4
spotify:track:0ly9CRcncmMa1dCzx2IytU,"MY FREEDOM","STEELHEART 30","STEELHEART",2023-09-01,258901,8,false,,2023-12-22T12:28:44Z,"glam metal,glam rock","STEELHEART RECORDS LLC",0.385,0.741,0,-2.99,0,0.0318,0.0754,0.000262,0.312,0.353,144.992,4
spotify:track:4fdf4wHfbf2JkEPq8qnDTV,"EVERYBODY LOVES EILEEN (Rerecorded)","STEELHEART 30","STEELHEART",2023-09-01,411680,12,false,,2023-12-22T11:46:33Z,"glam metal,glam rock","STEELHEART RECORDS LLC",0.582,0.722,0,-8.348,1,0.0429,0.000101,0.225,0.0951,0.509,136.058,4
spotify:track:0PINNy1r5eEILOuHpnjl5d,"Internal Flight (Remastered)","Internal Flight (Remastered)","Estas Tonne",2018-03-21,3876276,0,false,,2023-12-06T23:10:21Z,"","Estas Tonne",0.3,0.64,4,-9.266,0,0.0367,0.946,0.893,0.0783,0.212,159.624,4
spotify:track:5XNw61w85AqafhlVWeSMds,"Fusion (Live) [Radio Edit]","Fusion (Live) [Radio Edit]","Estas Tonne",2023-09-01,280817,0,false,,2023-12-06T23:02:45Z,"","Estas Tonne",0.57,0.849,4,-7.444,0,0.0317,0.895,0.76,0.153,0.642,94.938,4
spotify:track:48RME2XQqVXIaH54NA4pRe,"The Song of the Golden Dragon","""Strings and Stories of a Troubadour"", Live in Odeon, Vienna 2011","Estas Tonne",2012-05-09,549809,0,false,,2023-12-06T23:01:31Z,"","Estas Tonne",0.233,0.825,4,-10.095,0,0.0415,0.68,0.946,0.565,0.552,89.01,4
spotify:track:49kKghlQNsxIhZ2zNM4yvw,"This Flight Tonight - Unplugged","Move Me","Nazareth",1984-01-01,241826,25,false,,2023-12-06T05:35:41Z,"hard rock","Salvo",0.886,0.722,4,-7.868,1,0.0756,0.237,0.0000267,0.0747,0.875,126.025,4
spotify:track:71cWHhV018hztNkCC45Ayo,"Heartbreak Station","Heartbreak Station","Cinderella",1990-01-01,268840,53,false,,2023-12-06T05:05:04Z,"glam metal,glam rock,hard rock","Island Mercury",0.597,0.51,7,-9.5,1,0.0283,0.326,0.0539,0.0554,0.288,114.729,4
spotify:track:6qQ6gLUtaAJMubfyE7Dd5S,"Inside Out","Hollywood Rocks!","XYZ",2007-01-01,226520,30,false,,2023-11-27T09:14:59Z,"glam metal,aor,glam rock,hard rock,arena rock","Deadline",0.42,0.961,8,-4.378,1,0.0731,0.0185,0.0126,0.054,0.632,171.682,4
spotify:track:3dxDj8pDPlIHCIrUPXuCeG,"Sandstorm","Before the Storm","Darude",2000-01-01,225666,71,false,,2023-11-26T23:52:30Z,"eurodance","16 Inch Records",0.532,0.967,11,-7.977,0,0.0457,0.146,0.985,0.115,0.59,136.083,4
spotify:track:6K1y9tyGwWUOHOJ6LEXY2u,"Everybody Loves Eileen","Steelheart","STEELHEART",1990-01-01,381533,38,false,,2023-11-20T12:36:48Z,"glam metal,glam rock","[PIAS] Recordings Catalogue",0.595,0.764,1,-10.296,1,0.0374,0.000163,0.774,0.0694,0.599,135.415,4
spotify:track:2QJx8IgKSFfbMQDKxMUioZ,"Boléro, M. 81","Ravel - Bolero","Maurice Ravel;Berliner Philharmoniker;Pierre Boulez",2020-11-20,898000,36,false,,2023-11-19T00:15:36Z,"impressionism,classical,classical piano,neoclassical,orchestral,opera,ballet,concerto,expressionism,avant-garde,contemporary classical,musique concrète","UME - Global Clearing House",0.281,0.142,0,-21.644,1,0.046,0.883,0.827,0.0339,0.263,137.6,3
spotify:track:45VG6m5fYU3rIMT7dnBq9h,"Brick England","Electronica 2: The Heart of Noise","Jean-Michel Jarre;Pet Shop Boys",2016-05-06,241000,45,false,,2023-11-17T16:57:45Z,"new age,electronic,space music,synthpop,new wave","Columbia",0.539,0.837,1,-6.812,1,0.0357,0.0297,0.0347,0.0979,0.393,112.006,4
spotify:track:4WlsDpVwPYTqP9hLbzYXAI,"Here and Now","Client","Client",2003-07-07,224666,13,false,,2023-11-17T16:56:09Z,"electroclash,synthpop,ebm","Mute",0.655,0.934,7,-5.498,0,0.0299,0.000152,0.000673,0.0774,0.85,125.988,4
spotify:track:3CiaTpuKXhkfCItIxmxPfk,"Goin' Nowhere","Thirsty Work (Deluxe Edition)","Status Quo",1994-09-03,228253,18,false,,2023-11-01T10:59:14Z,"glam rock,blues rock","UMC (Universal Music Catalogue)",0.672,0.82,9,-6.317,1,0.028,0.149,0.0117,0.0879,0.828,120.995,4
spotify:track:10UdGlPNDTpFUQlKn2E9DZ,"Drinking Song","Introducing Hanggai","Hanggai",2008-07-28,240240,19,false,,2023-10-27T09:38:06Z,"chinese rock,folk metal,chinese indie","Introducing",0.511,0.3,7,-10.481,1,0.169,0.824,0.000854,0.746,0.715,137.4,4
spotify:track:4eDptQXtxI2beJWkxNV4jo,"Grouplove","Youth Is Wasted on the Young","Anden;YOTTO",2021-11-11,193623,40,false,,2023-10-14T15:06:05Z,"melodic house,melodic techno,progressive house,deep house","Odd One Out",0.626,0.794,5,-9.302,0,0.0321,0.0813,0.606,0.182,0.137,124.011,4
spotify:track:6LK5FkHQQVexjlNg83QY1O,"Coopers Creek","Other Side of the Rock","Shane Howard",2012-10-05,550200,1,false,,2023-10-14T15:03:04Z,"","Goanna Arts",0.466,0.803,11,-5.515,0,0.0388,0.00708,0.0000363,0.259,0.407,122.944,4
spotify:track:0OVn5bNqu2nEE7cFKHoE08,"Tattoo","The Flock","Cooper Hamilton",2023-03-17,205496,7,false,,2023-10-14T15:01:32Z,"red dirt","Southern Buzz",0.39,0.46,6,-8.896,1,0.0402,0.0248,0.0000455,0.156,0.241,78.398,4
spotify:track:2mAznWMYehmj1bfiqvHHsK,"To the Bar","To the Bar","Cooper Alan",2023-06-09,152017,65,false,,2023-10-14T14:59:11Z,"country","Cooped Up Records",0.695,0.801,4,-3.927,1,0.0293,0.118,0.00000155,0.047,0.669,90.082,3
spotify:track:1tO1yoXObCvCoIGjoIbtoq,"Long Way From Home","Copperhead","Copperhead",1992,495026,33,false,,2023-10-14T14:58:37Z,"southern rock","Eastwinds Records",0.319,0.705,7,-8.698,1,0.0326,0.000404,0.00129,0.0942,0.382,133.317,4
spotify:track:1bDFh6elBH3s0RP29JFab4,"Guitar Town","Guitar Town (30th Anniversary Deluxe Edition)","Steve Earle",1986-03-05,155586,39,false,,2023-10-14T14:56:21Z,"alt country,outlaw country,americana,country rock","MCA Nashville",0.612,0.784,7,-5.934,1,0.0392,0.184,0,0.0761,0.924,165.421,4
spotify:track:0VU5k3vCrpqDgUygMjiFYj,"Copperhead Road","Copperhead Road","Steve Earle",1988-01-01,269920,69,false,,2023-10-14T14:51:56Z,"alt country,outlaw country,americana,country rock","UNI",0.372,0.588,7,-15.493,1,0.0411,0.0213,0.000101,0.0525,0.705,162.874,4
spotify:track:20NYdxIYetKZ7wEqrFo0Fz,"Snacket","Snacket","Bonafide;Nisse Hellberg",2023-10-06,202485,13,false,,2023-10-13T13:10:36Z,"hard rock,dansband,rockabilly,swedish pop,bisrock","Black Lodge Records",0.445,0.79,1,-4.276,1,0.0346,0.00516,0.00000152,0.455,0.428,145.172,4
spotify:track:48RbYSvmzAqggIeMKEGyLD,"Ready 4 Reaction - MMXXIII Version","Fireworks (MMXXIII Version)","Bonfire",2023-09-22,235386,15,false,,2023-10-13T13:05:41Z,"arena rock,aor,glam metal,hard rock","AFM Records",0.412,0.935,1,-4.988,1,0.0602,0.0000145,0.00192,0.249,0.386,185.898,4
spotify:track:51RhX0qjJxVzL5qae5YFzB,"Something You Don't Understand","Snakes & Ladders","Shakra",2017-11-10,240346,26,false,,2023-10-05T13:55:37Z,"arena rock,hard rock,aor","Universal Music GmbH",0.625,0.862,10,-4.637,0,0.0302,0.000324,0.0274,0.113,0.244,121.085,4
spotify:track:3Gvnl5jgt6dumzXWDgMaMb,"When They Call My Name","Vale","Black Veil Brides",2018-01-12,225613,41,false,,2023-09-19T04:06:50Z,"emo,screamo","Lava Music/Republic Records",0.236,0.887,9,-5.562,0,0.0798,0.0256,0.0000152,0.0603,0.269,159.59,4
spotify:track:5C0LFQARavkPpn7JgA4sLk,"Every Breath You Take - Remastered 2003","Synchronicity (Remastered)","The Police",1983-06-01,253250,4,false,,2023-09-17T17:39:16Z,"","Universal Music Group",0.82,0.452,1,-9.796,1,0.0348,0.543,0.00294,0.0701,0.74,117.401,4
spotify:track:3nz5gOAnmsgP55CFsj9cdN,"ダッタン人の踊り (歌劇 イーゴリ公より) 6 娘たちの流麗な踊り","ムソルグスキー：「展覧会の絵」ラヴェル編、禿山の一夜、ボロディン：ダッタン人の踊り、「中央アジアの草原にて","Alexander Borodin;Ken-Ichiro Kobayashi;Arnhem Philharmonic Orchestra",2008,93640,22,false,,2023-07-31T01:00:34Z,"classical,japanese classical,orchestral","EXTON",0.0779,0.163,9,-24.799,1,0.0371,0.973,0.864,0.132,0.272,176.235,4
spotify:track:68sLf8iqi43JZVw3eOdzwy,"Eden","No More Hollywood Endings","Battle Beast",2019-03-22,240333,54,false,,2023-07-12T11:43:23Z,"power metal,symphonic metal,metal,heavy metal","Nuclear Blast",0.441,0.939,0,-3.578,1,0.0385,0.000129,0.0000663,0.117,0.504,162.999,4
spotify:track:4AJGaPCvod4mWjBLWPfH3b,"And We Run (feat. Xzibit)","Hydra (Deluxe Edition)","Within Temptation;Xzibit",2014-02-04,230066,55,true,,2023-07-12T10:57:11Z,"symphonic metal,gothic metal,gothic rock,power metal,metal,west coast hip hop,gangster rap,g-funk,old school hip hop,hardcore hip hop,hip hop","Force Music Recordings",0.544,0.829,6,-4.591,0,0.0458,0.0525,0.00000115,0.0615,0.173,129.005,4
spotify:track:3NyApBFRhPW6IkT4yEsLUz,"Vine Vi","Vine Vi","Gabriele Martino;Mascarimiri",2023-07-07,213500,1,false,,2023-07-12T07:42:12Z,"traditional music","Arra Produzioni Mediterranee",0.76,0.535,2,-8.65,0,0.0519,0.0339,0.665,0.145,0.608,84.972,4
spotify:track:5CLQ70QLoefhq3VMfoDl4w,"Guitar Gangsters & Cadillac Blood","Guitar Gangsters & Cadillac Blood","Volbeat",2008-08-28,188853,2,false,,2023-07-12T07:39:40Z,"rock,metal","Mascot Records",0.291,0.974,0,-2.834,0,0.199,0.000275,0.000505,0.0838,0.32,76.902,4
spotify:track:0mfJuMgABes0TFMbiWvAMh,"Where the Angels Fly","Where the Angels Fly","U.D.O.;Das Musikkorps Der Bundeswehr",2020-09-18,306049,30,false,,2023-07-12T06:49:01Z,"heavy metal,norsk rock,metal,power metal,speed metal","AFM Records",0.49,0.776,9,-8.182,0,0.0313,0.0183,0.0000524,0.293,0.365,89.996,4
spotify:track:5UY1H04zmALat9j3VF98wO,"I Give as Good as I Get","Rev-Raptor","U.D.O.",2011-05-20,258098,45,false,,2023-07-12T06:08:51Z,"heavy metal,norsk rock,metal,power metal,speed metal","AFM Records",0.533,0.722,2,-10.233,0,0.0286,0.0107,0.0015,0.134,0.302,109.953,4
spotify:track:15Mh8m2BGTUptR8yy7fNAS,"Only You","Upstairs at Eric's","Yazoo",1982-07-01,194173,1,false,,2023-07-11T15:05:59Z,"synthpop,new wave","Mute, a BMG Company",0.752,0.307,9,-17.063,1,0.0398,0.332,0.000135,0.0829,0.854,106.158,4
spotify:track:5jxvKxVlsL2y9hjIjlJ9Of,"This Flight Tonight - Unplugged","Move Me","Nazareth",1984-01-01,241826,0,false,,2023-07-11T13:18:41Z,"hard rock","Salvo",0.886,0.722,4,-7.868,1,0.0756,0.237,0.0000267,0.0747,0.875,126.025,4
spotify:track:5dbKctl4y8Kls1GlwH8A5C,"I Will Remain","Rise To The Mountain","Hogjaw",2015-04-09,513599,23,false,,2023-07-10T10:54:04Z,"southern rock,country rock,blues rock","Snakefarm",0.574,0.819,2,-6.891,1,0.0311,0.00908,0.00155,0.371,0.277,133.969,4
spotify:track:7HW8uouESn0fsMYzh1j9F5,"Sentinel 3","Edinburgh Castle 1992","Mike Oldfield",2023-06-14,161200,14,false,,2023-07-07T12:30:36Z,"progressive rock,new age","ICONOGRAPHY",0.329,0.397,6,-12.456,1,0.0292,0.284,0.111,0.36,0.0988,151.957,4
spotify:track:04WnFdVesT0VLu1Fc57VoI,"Mother Nature (feat. LP)","Rumble of Thunder (Deluxe)","The HU;LP",2023-06-30,273173,40,false,,2023-06-30T10:52:42Z,"folk metal","Better Noise Music",0.52,0.71,8,-7.815,1,0.0273,0.000568,0.00733,0.131,0.298,147.033,4
spotify:track:4qhXkm0NoSgCRNkK6oYjZ1,"TUMAN","TUMAN","PROBASS ∆ HARDI;DakhaBrakha",2023-06-29,202800,18,false,,2023-06-30T10:47:54Z,"g-house","Comp Music",0.572,0.72,9,-6.163,1,0.0313,0.00283,0.114,0.195,0.215,99.976,4
spotify:track:2jItmTTkIL6SkvABXsTaYT,"Love Is a Stranger - 2005 Remaster","Sweet Dreams (Are Made Of This)","Eurythmics;Annie Lennox;Dave Stewart",1983-01-04,224773,51,false,,2023-06-29T22:37:08Z,"new wave,synthpop","RCA Records Label",0.781,0.648,5,-8.216,1,0.0264,0.00761,0,0.132,0.546,121.93,4
spotify:track:3nap8N1FuXP5DbLgrOZZIY,"Salam aleykum - سلام عليكم","Salam aleykum - سلام عليكم","Azzamchik;Bushra",2023-06-26,207679,21,false,,2023-06-29T21:26:44Z,"egyptian pop","WHY Z MUSIC/Queen B",0.691,0.73,6,-8.006,0,0.0604,0.0819,0.00000168,0.116,0.867,94.986,4
spotify:track:3RWutI1tAqFhQc46wl6lTJ,"They Want War","Animal House (Anniversary Edition)","U.D.O.",1987,253840,38,false,,2023-06-24T23:10:56Z,"heavy metal,norsk rock,metal,power metal,speed metal","AFM Records",0.544,0.909,2,-8.015,0,0.0451,0.00293,0.00413,0.172,0.197,95.008,4
spotify:track:3Kh0RuR2T1UeiFK2qpNRmj,"Cry Soldier Cry","Mission No. X","U.D.O.",2005-09-30,315520,38,false,,2023-06-07T07:19:22Z,"heavy metal,norsk rock,metal,power metal,speed metal","AFM Records",0.5,0.755,11,-5.161,0,0.0316,0.0802,0.0000232,0.305,0.384,113.977,4
spotify:track:2q85IdU5CwM6eXfE9BpPMV,"Touch And Go","Emerson Lake & Powell","Emerson, Lake & Powell",1986-01-01,218824,34,false,,2023-06-03T09:43:36Z,"progressive rock,art rock,aor","Polydor",0.472,0.473,10,-12.418,1,0.0437,0.425,0.00153,0.145,0.231,77.055,4
spotify:track:1mskmld5ZKEhRaNvYVPoqZ,"Gloria","Branigan","Laura Branigan",1982-03-10,289853,73,false,,2023-06-03T08:57:29Z,"","Atlantic Records",0.776,0.743,9,-6.807,1,0.0289,0.107,0.293,0.149,0.84,131.343,4
spotify:track:4V9BTST4BSkvOL4xIQNHuS,"Heaven Is A Place On Earth","Heaven on Earth (Remastered & Expanded Special Edition)","Belinda Carlisle",1987-10-05,247093,8,false,,2023-06-03T08:42:00Z,"","Edsel",0.634,0.901,4,-6.508,1,0.0333,0.0061,0.00000901,0.0419,0.687,122.851,4
spotify:track:6KsMemC3jDajWF4JNJLTzn,"Zeven dagen lang","Er Is Genoeg Voor Iedereen","Bots;Guus Meewis",2010-01-01,247346,35,false,,2023-05-15T16:20:06Z,"nederpop,neue deutsche welle,hollands","HKM Records",0.555,0.813,9,-5.277,0,0.0318,0.0999,0.0138,0.303,0.643,121.997,4
spotify:track:3gXxpp7y7EAOg4PVqqGCAb,"Fallen","Beyond Hell / Above Heaven","Volbeat",2010-09-10,300093,61,false,,2023-05-12T07:40:59Z,"rock,metal","Vertigo Berlin",0.315,0.744,2,-4.609,1,0.059,0.000219,0.000433,0.106,0.532,72.55,4
spotify:track:6OwTUfj5uCDdFXloOd9GEq,"Bad Reputation","Getaway","Adelitas Way",2016-02-26,182288,47,true,,2023-05-12T07:25:07Z,"post-grunge","Endurance Music Group / The Fuel Music",0.558,0.776,2,-5.858,0,0.0452,0.000039,0.161,0.176,0.618,125.022,4
spotify:track:3ear11tYbMEmNDm2lxZTqL,"Lola Montez","Outlaw Gentlemen & Shady Ladies (Deluxe Version)","Volbeat",2013-01-01,267680,65,false,,2023-05-12T07:20:20Z,"rock,metal","Vertigo Berlin",0.513,0.875,2,-4.819,1,0.0336,0.000139,0.0000328,0.0715,0.677,151.986,4
spotify:track:59fQzvSv0wPQorW2Bh0pns,"For Evigt","Seal The Deal & Let's Boogie (Deluxe)","Volbeat;Johan Olsen",2016-06-03,283366,67,false,,2023-05-10T08:36:06Z,"rock,metal","Vertigo Berlin",0.506,0.893,2,-3.896,1,0.046,0.000309,0,0.118,0.415,146.971,4
spotify:track:3xFnfowpcELMy3FXNxYXax,"Alexander Strack","Hellboys From Cow","Mandowar",2015-06-12,248029,10,false,,2023-05-05T04:51:39Z,"bluegrass","Singalongsongs",0.574,0.842,7,-4.53,1,0.0312,0.198,0.000128,0.152,0.823,139.938,4
spotify:track:3CgonfeyRh23O9F4aKiIbW,"Chase","Midnight Express (Original Motion Picture Soundtrack)","Giorgio Moroder",1978-10-06,506160,52,false,,2023-05-01T19:06:01Z,"italo disco,disco","Island Mercury",0.641,0.648,7,-13.379,0,0.0298,0.00152,0.87,0.0645,0.965,125.368,4
spotify:track:2hdTQDv5m3tPilprHChrjT,"Leuchtturm","Nena","Nena",1983-09-23,194400,0,false,,2023-04-26T17:36:38Z,"neue deutsche welle,schlager,german pop","BMG Rights Management GmbH",0.579,0.606,0,-10.613,1,0.0415,0.0189,0.00216,0.0368,0.415,115.287,4
spotify:track:7k3DkbcT4ZEWP5jWFW0xoq,"Salam Aleykum","Salam Aleykum","Azzamchik",2022-12-07,106269,44,false,,2023-04-15T19:50:33Z,"","WHY Z MUSIC",0.933,0.194,11,-8.503,0,0.0549,0.441,0.0000132,0.0912,0.97,94.985,4
spotify:track:50QQny2487fvkrBqr9baWX,"Blatata","Blatata","Azzamchik",2023-02-03,164217,36,false,,2023-04-15T19:50:16Z,"","WHY Z MUSIC",0.932,0.444,0,-10.583,0,0.0422,0.317,0,0.0724,0.948,94.986,4
spotify:track:3xqBOF4BpK0HHFZDfGiA8e,"Ashes to Ashes","Everest","Shakra",2009-04-17,231400,39,false,,2023-04-11T13:39:15Z,"arena rock,hard rock,aor","AFM Records",0.434,0.84,1,-6.101,1,0.0306,0.0000336,0.4,0.277,0.263,172.067,4
spotify:track:55fjzVdU9xnKmxMybJ7jcu,"For the Clansmen","Die Hasslichen Kinder","Schelmish",2009,395746,29,false,,2023-04-09T08:38:25Z,"medieval metal,medieval,folk metal,folk rock","Napalm Records",0.507,0.661,10,-6.682,0,0.0645,0.00000397,0.863,0.0581,0.822,164.949,4
spotify:track:0eK8Ft8jxjw5WSwQws8eaS,"For The Clansmen","Die hässlichen Kinder","Schelmish",2009-01-01,395746,0,false,,2023-04-09T08:34:51Z,"medieval metal,medieval,folk metal,folk rock","Napalm Records",0.507,0.661,10,-6.682,0,0.0645,0.00000397,0.863,0.0581,0.822,164.949,4
spotify:track:32DYxkf7ZLJrsm5JacvF3Y,"Holiday - 2015 Remaster","Lovedrive","Scorpions",1979-01-15,391360,0,false,,2023-04-09T08:02:19Z,"hard rock,glam metal,rock","BMG Rights Management GmbH",0.436,0.426,2,-8.683,0,0.0311,0.371,0.0133,0.242,0.305,117.95,4
spotify:track:4OV0sRTFrZLXaZZ1sS9hLn,"Sirius","Eye In The Sky (Expanded Edition)","The Alan Parsons Project",1982,115280,45,false,,2023-03-15T17:28:05Z,"progressive rock,classic rock","Arista/Legacy",0.624,0.396,4,-15.411,1,0.034,0.0647,0.909,0.113,0.0388,111.401,4
spotify:track:72DOLvy3KtVfAoxfiUYio0,"Hope Grows","Controlled Chaos","Nita Strauss",2018-11-16,273615,0,false,,2023-03-15T11:22:36Z,"","Sumerian Records",0.718,0.398,2,-8.653,0,0.0329,0.517,0.688,0.162,0.149,120.104,4
spotify:track:4ZT5geWeKg8Ar3IR2Gj22I,"The Thing That Wrecks You","The Thing That Wrecks You","Tenille Townes;Bryan Adams",2023-02-24,220567,40,false,,2023-03-11T08:57:00Z,"","Columbia Nashville",0.616,0.67,4,-6.739,1,0.035,0.0931,0.000035,0.0835,0.388,100.008,4
spotify:track:2FwgMY0KONcvCd5PfQe7Ui,"Fear Of The Dark","Greatestits","Mandowar",2010-12-17,262226,23,false,,2023-03-10T16:45:48Z,"bluegrass","Singalongsongs",0.434,0.613,2,-7.622,0,0.0365,0.431,0.000345,0.166,0.584,93.169,4
spotify:track:60gO7SvZfryh6eUxwjvqHf,"TV-Show","Computer Karriere","Puhdys",1995-09-25,187240,20,false,,2023-03-06T13:14:55Z,"neue deutsche welle,schlager,schlagerparty","Amiga",0.914,0.505,0,-12.846,1,0.0434,0.00421,0.00141,0.0336,0.854,126.045,4
spotify:track:4qqHH9hSeWciD7vjgeoJGR,"Ein frauenfeindliches AC/DC-Stück","Ein Leben für Lärm","Rodgau Monotones",2008-05-09,256773,24,false,,2023-03-02T06:24:32Z,"neue deutsche welle","Musiversum",0.73,0.788,2,-6.31,1,0.106,0.327,0,0.109,0.766,78.948,4
spotify:track:7qNKEYWvvwrjF8s7eUuGsO,"Hounds of Hell","In The Darkness","Dead Soul",2013-10-23,305120,23,false,,2023-03-01T16:29:56Z,"","Razzia Notes",0.591,0.7,2,-6.846,1,0.0241,0.0000883,0.843,0.131,0.447,100.995,4
spotify:track:4qBh3lrE2YiD3qlc3quiJZ,"Dead Rock Commandos","Dead Rock Commandos","Nightstalker",2012-08-28,196853,37,false,,2023-03-01T14:50:01Z,"stoner rock,stoner metal,sludge metal,space rock","Nightstalker",0.431,0.871,10,-6.378,0,0.0456,0.000599,0.421,0.141,0.266,93.011,4
spotify:track:1YGZyfvdgZxzipWoWYVKxi,"Kids In America","Kim Wilde","Kim Wilde",1981,205533,4,false,,2023-03-01T07:03:40Z,"","Cherry Red Records",0.557,0.782,4,-3.899,1,0.0475,0.0953,0.00000675,0.118,0.305,159.621,4
spotify:track:4tNbbPve8ndL4HJwDceNa2,"In the Army Now","Carolus Rex (English)","Sabaton",2012-05-25,238932,44,false,,2023-02-28T15:22:02Z,"power metal,metal,heavy metal,symphonic metal,folk metal","Nuclear Blast",0.583,0.759,2,-6.718,0,0.0397,0.000459,0.00000416,0.102,0.0754,115.001,4
spotify:track:25FitAyupH9zHMouaoMpYF,"The Race","Essential","Yello",1992-01-01,200150,46,false,,2023-02-23T09:01:27Z,"synthpop","Polydor",0.871,0.647,11,-14.025,0,0.1,0.185,0.15,0.105,0.273,119.585,4
spotify:track:2Sh3g4QYQrIAsvgfTXmSaX,"Cambodia - Single Version","Select","Kim Wilde",1982,237706,1,false,,2023-02-18T13:46:33Z,"","Cherry Red Records",0.683,0.685,2,-5.96,0,0.0276,0.0208,0.0177,0.1,0.696,110.791,4
spotify:track:2LXjhNee4iPRVemx9NSZQ3,"Vienna","Vienna [Deluxe Edition]: 40th Anniversary","Ultravox",2020-01-01,294146,51,false,,2023-02-18T13:42:52Z,"synthpop,new wave","Chrysalis Records",0.571,0.417,5,-15.738,1,0.0449,0.134,0.402,0.105,0.384,79.768,4
spotify:track:12uZzPLGpbjC64huvqynp3,"Nobody's Diary - 2008 Remaster","You and Me Both (Remastered)","Yazoo",1983-07-04,272293,0,false,,2023-02-18T13:40:31Z,"synthpop,new wave","Mute, a BMG Company",0.829,0.709,9,-7.002,1,0.0351,0.295,0.00132,0.165,0.78,128.776,4
spotify:track:3TnJ7M6in8Pb5EyGBUK02Y,"Crockett's Theme","Escape From Television","Jan Hammer",1987-01-01,211800,59,false,,2023-02-18T13:39:26Z,"jazz fusion","Geffen",0.517,0.385,7,-16.582,0,0.028,0.424,0.904,0.109,0.491,95.675,3
spotify:track:1Mpdl2VpssfXLbr9umthwd,"Across the Mountains (From ""Alexander"" Soundtrack)","Alexander (Original Motion Picture Soundtrack)","Vangelis;Maria Bildea;Irina Valentinovna Karpouchina;Konstantinos Paliatsaras;Vanessa-Mae Vanakorn Nicholson;Epirus Polyphonic Ensemble",2004-10-25,252293,24,false,,2023-02-13T00:41:47Z,"new age","Sony Classical",0.167,0.32,10,-15.65,1,0.0384,0.782,0.981,0.079,0.302,128.248,1
spotify:track:5hI0ZzFpKBK4hEz1b7QZdf,"Dream of Babylon (From ""Alexander"" Soundtrack)","Alexander (Original Motion Picture Soundtrack)","Vangelis;Maria Bildea;Irina Valentinovna Karpouchina;Konstantinos Paliatsaras;Vanessa-Mae Vanakorn Nicholson;Epirus Polyphonic Ensemble",2004-10-25,160773,22,false,,2023-02-13T00:41:25Z,"new age","Sony Classical",0.189,0.46,4,-18.327,1,0.0898,0.885,0.957,0.215,0.112,120.049,4
spotify:track:1esuTVzsbfSFE5D4NxxJGq,"After The Race","Chariots Of Fire - The Play","Vangelis",1981,277093,0,false,,2023-02-13T00:41:02Z,"new age","Universal Music Group",0.526,0.208,1,-23.867,1,0.0335,0.00987,0.854,0.0877,0.0313,134.7,4
spotify:track:3xbrBP1lUJxzRhaz3L2eyo,"Titans (From ""Alexander"" Soundtrack)","Alexander (Original Motion Picture Soundtrack)","Vangelis",2004-10-25,239133,27,false,,2023-02-13T00:40:25Z,"new age","Sony Classical",0.448,0.457,4,-14.114,1,0.0407,0.674,0.724,0.522,0.311,119.998,4
spotify:track:7t6CAWplijBj4sdl0q3z0e,"Legs - 2008 Remaster","Eliminator","ZZ Top",1983-03-23,273906,2,false,,2023-02-08T17:00:23Z,"southern rock,classic rock,blues rock,rock","Rhino/Warner Records",0.611,0.946,4,-5.357,1,0.0378,0.00957,0.0708,0.36,0.763,125.398,4
spotify:track:2LlmjZvAZ7PI59xS4kC674,"And We Run (feat. Xzibit)","Hydra (Deluxe Edition)","Within Temptation;Xzibit",2014-02-04,230067,0,true,,2023-02-04T03:29:18Z,"symphonic metal,gothic metal,gothic rock,power metal,metal,west coast hip hop,gangster rap,g-funk,old school hip hop,hardcore hip hop,hip hop","BMG Rights Management Benelux B.V.",0.544,0.837,6,-4.618,0,0.0466,0.0606,0,0.0698,0.159,128.979,4
spotify:track:1x3uHIekCHjPEhVjbU1SaG,"Tanz um dein Leben","24/7","Ewigheim",2014-11-21,237520,39,false,,2023-02-04T03:26:40Z,"industrial metal,gothic metal,gothic rock,ebm,industrial rock,medieval metal","Massacre Records",0.559,0.818,11,-6.289,0,0.0355,0.00305,0.479,0.109,0.805,160.045,4
spotify:track:1cUcX0t50JHfBaEINTQVeV,"Nélküled","Es?","P. Mobil",2019-08-10,292964,0,false,,2023-02-04T03:24:48Z,"","GrundRecords",0.416,0.851,7,-5.954,1,0.0319,0.00179,0.000776,0.0941,0.423,81.012,4
spotify:track:3LclAFZay09Pvaga1ephhX,"AIM FOR THE HEAD","CRUZH","Cruzh",2016-08-24,250880,0,false,,2023-02-04T03:24:05Z,"aor,arena rock,hard rock","KING RECORDS",0.449,0.792,10,-5.665,0,0.0335,0.000222,0.0000154,0.246,0.302,131.947,4
spotify:track:626SEzzrSB41pPVC9SLm0g,"This Is Mongol","Rumble Of Thunder","The HU",2022-09-02,224854,41,false,,2023-02-04T02:13:57Z,"folk metal","Better Noise Music",0.73,0.708,10,-7.624,0,0.0376,0.00929,0.281,0.127,0.563,129.977,4
spotify:track:1CJlkz2JC8Eg4gJHh9IoFb,"Black Thunder - Extended","Rumble Of Thunder","The HU",2022-09-02,539143,28,false,,2023-02-04T02:13:46Z,"folk metal","Better Noise Music",0.338,0.718,8,-8.912,1,0.0471,0.00113,0.806,0.116,0.123,155.057,4
spotify:track:5aKozaIirVotQgPFZrYZ3i,"Shihi Hutu","Rumble Of Thunder","The HU",2022-09-02,429453,28,false,,2023-02-04T02:12:31Z,"folk metal","Better Noise Music",0.477,0.903,10,-8.094,0,0.0363,0.000447,0.745,0.0775,0.341,171.947,4
spotify:track:189Dy3y8uSl1228hAx09ve,"Segee","Rumble Of Thunder","The HU",2022-09-02,279782,26,false,,2023-02-04T02:12:03Z,"folk metal","Better Noise Music",0.62,0.746,8,-8.459,1,0.0367,0.000417,0.717,0.267,0.556,112.963,4
spotify:track:2m30WlnHkXQgUlQNyFizTL,"Bii Biyelgee","Rumble Of Thunder","The HU",2022-09-02,258462,40,false,,2023-02-04T02:10:48Z,"folk metal","Better Noise Music",0.596,0.686,8,-7.629,1,0.031,0.0000143,0.882,0.0946,0.246,118.022,4
spotify:track:3r8cuEUAWmmllMZXf1rE1x,"Triangle","Rumble Of Thunder","The HU",2022-09-02,252132,43,false,,2023-02-04T02:03:07Z,"folk metal","Better Noise Music",0.687,0.822,8,-7.639,1,0.0312,0.0114,0.301,0.113,0.857,121.993,4
spotify:track:5aJdKo59veKVX8LH4gRQZA,"Kingdom Come","Heavy Fuel","Dire Straits",1991-10-21,255040,32,false,,2023-02-04T01:48:57Z,"classic rock","UMC (Universal Music Catalogue)",0.461,0.776,7,-8.483,1,0.035,0.236,0.441,0.07,0.803,177.528,4
spotify:track:7BxqELroHvyueunM5wM6pz,"One Of The Boys","Rose Tattoo","Rose Tattoo",1978,190066,0,false,,2023-02-04T01:48:33Z,"hard rock","Albert Productions",0.5,0.861,0,-11.703,1,0.0349,0.00097,0.00529,0.154,0.757,152.073,4
spotify:track:0dJEQ01IPN4ukqRsPrm4ab,"Battleship Chains","Georgia Satellites","The Georgia Satellites",1986-09-16,177386,46,false,,2023-02-04T01:48:08Z,"southern rock","Elektra Asylum",0.501,0.87,0,-7.705,1,0.0324,0.000522,0.00304,0.391,0.877,130.404,4
spotify:track:0xa7pjz7vphnmjTlahwanY,"Pentru ea","Diversity of House","Animal X",2017-02-27,258636,26,false,,2023-01-31T01:19:58Z,"","House Place Records",0.818,0.964,9,-9.196,0,0.0902,0.229,0.0148,0.21,0.741,130.021,4
spotify:track:0p2JZhNcx4FGYimG9EcMdR,"Pentru Ea","Level 2","Animal X",2001,273240,20,false,,2023-01-31T00:42:59Z,"","Nova Music Entertainment",0.799,0.716,9,-8.346,0,0.0393,0.0218,0.0149,0.101,0.963,130.018,4
spotify:track:0r7iP6fee6FsfT77rqPtpH,"The First Soldier","Heroes of the Great War","Sabaton",2023-01-20,244026,51,false,,2023-01-27T18:13:29Z,"power metal,metal,heavy metal,symphonic metal,folk metal","Nuclear Blast",0.489,0.931,1,-7.902,0,0.0532,0.0152,0.00000297,0.272,0.405,95.025,4
spotify:track:0zLnxU5UvvNxHfSiCiywuS,"When the Trial Begins","Behold the Messiah","METALHAWK",2021-08-05,327428,1,false,,2023-01-26T22:05:20Z,"","METALHAWK",0.28,0.675,4,-10.408,0,0.0429,0.000204,0.793,0.127,0.0661,139.974,4
spotify:track:2yB5zm0GSd4BCop7HmmuCL,"The Last of the Mohicans (Metal Version) [Extended]","The Last of the Mohicans (Metal Version) [Extended]","METALHAWK",2019-09-04,464239,37,false,,2023-01-13T00:27:31Z,"","METALHAWK",0.15,0.469,0,-10.73,1,0.0366,0.000722,0.861,0.156,0.169,98.209,4
spotify:track:39LOwdIeqIVkJxvhJXsooz,"Tail Dragger","The Dirty Dozen","George Thorogood",2009-01-01,221813,27,false,,2022-12-29T07:12:20Z,"blues rock,blues","Capitol Records",0.588,0.601,10,-8.006,1,0.0555,0.0353,0.000342,0.181,0.975,132.101,4
spotify:track:6Z0WRewcIGQukoy5zLEn7I,"Aschekleid","Leidwerk","Kaizer",2021-08-13,225000,37,false,,2022-12-28T11:19:34Z,"medieval metal","Trisol",0.517,0.905,2,-3.887,1,0.049,0.000543,0.000353,0.168,0.349,143.09,4
spotify:track:7opr2zfaf0dnpAqYRjUspl,"Carmen Suite No. 2 (Arr. E. Guiraud): II. Habanera","Bizet: Carmen & L'arlésienne Suites","Georges Bizet;Orquestra Simfònica de Barcelona i Nacional de Catalunya;Pablo González",2017-10-13,126106,1,false,,2022-12-22T13:12:57Z,"opera,classical,orchestral","Naxos",0.35,0.00493,2,-33.292,1,0.0418,0.962,0.315,0.101,0.484,126.841,4
spotify:track:725GsW9df2DPUCiDShUcC3,"Carmen Suite No. 2 (Arr. E. Guiraud): IV. Chanson du toréador","Bizet: Carmen & L'arlésienne Suites","Georges Bizet;Orquestra Simfònica de Barcelona i Nacional de Catalunya;Pablo González",2017-10-13,168800,0,false,,2022-12-22T13:11:10Z,"opera,classical,orchestral","Naxos",0.397,0.0576,5,-22.472,1,0.0361,0.974,0.92,0.0628,0.209,109.209,4
spotify:track:3BMyEZbcQbhDT4U3aSOsL5,"Carmen Suite No. 1 (Arr. E. Guiraud): VI. Les toréadors","Bizet: Carmen & L'arlésienne Suites","Georges Bizet;Orquestra Simfònica de Barcelona i Nacional de Catalunya;Pablo González",2017-10-13,140906,0,false,,2022-12-22T13:00:08Z,"opera,classical,orchestral","Naxos",0.325,0.312,9,-18.994,1,0.0534,0.797,0.967,0.308,0.413,128.214,4
spotify:track:4vi9pBR7yJhBzGaNu0k1gj,"Kinderszenen, Op. 15: No. 1, Von fremden Ländern und Menschen","Schumann: Kinderszenen; Arabesque; Fantasie; Träumerei","Robert Schumann;Vladimir Horowitz",1962,93386,53,false,,2022-12-22T12:44:41Z,"classical piano,classical,chamber music","Sony Classical",0.374,0.00526,7,-35.546,1,0.0533,0.996,0.912,0.0735,0.386,69.813,4
spotify:track:03xxnNXmK7lJjW9hV2ldn8,"Coppelia: Act I - Valse","Delibes: Coppelia (Complete Ballet) / La Source Suites","Léo Delibes;Slovak Radio Symphony Orchestra;Andrew Mogrelia",1995-12-13,141200,50,false,,2022-12-22T12:27:51Z,"ballet,classical,opera,orchestral","Naxos",0.198,0.0313,3,-26.69,1,0.0419,0.901,0.866,0.0924,0.189,88.813,4
spotify:track:6daucNdQarYbFvQ1jOlreX,"Turandot: Nessun dorma!","Playful Clarinet","Giacomo Puccini;Ludmila Peterková;Irina Kondratenko",2007-03-23,134506,21,false,,2022-12-22T12:10:59Z,"opera,classical,chamber music","SUPRAPHON a.s.",0.196,0.0209,0,-19.966,1,0.0358,0.989,0.928,0.116,0.0397,68.923,3
spotify:track:25D61jSJbWDsCVXxRvTk0Z,"A Damsel In Distress: A Foggy Day","Gershwin For Trumpet (arr. J. Bartos and P. Breiner)","Peter Breiner;Juray Bartos;George Gershwin",2004-04-12,510600,17,false,,2022-12-22T09:36:52Z,"ragtime","Naxos",0.389,0.0835,0,-19.178,1,0.0415,0.904,0.468,0.283,0.057,82.537,4
spotify:track:4bIeo029q0hlNl2d3XJ0iM,"Love Is Here To Stay","Sings For Two In Love","Nat King Cole",1953-08-01,169786,38,false,,2022-12-22T09:29:18Z,"christmas,adult standards,vocal jazz","Capitol Records",0.278,0.245,1,-11.589,1,0.0311,0.921,0.0000135,0.11,0.173,80.526,4
spotify:track:5axYHelFYVT2Qb5R49LMX6,"How Long Has This Been Going On?","Louis Armstrong Meets Oscar Peterson (Expanded Edition)","Louis Armstrong;Oscar Peterson",1957-10-14,358640,25,false,,2022-12-22T09:16:14Z,"jazz,swing music,vocal jazz,big band,jazz ballads,cool jazz,bebop,hard bop","Verve Reissues",0.495,0.0706,9,-19.56,0,0.0513,0.903,0,0.159,0.147,112.023,4
spotify:track:2dTWpfFK01aihdETa2tytE,"Fascinatin' Rhythm: The Man I Love","Gershwin: 6 Songs / Corea: Children's Songs","Leon Bates;George Gershwin",1990-08-22,397000,20,false,,2022-12-22T09:07:28Z,"ragtime","Naxos",0.306,0.0609,8,-24.635,1,0.0368,0.985,0.786,0.279,0.0394,64.515,3
spotify:track:1mxW31WHnp0Rq1RQrhMPDj,"Nice Work If You Can Get It - Remastered","A Swingin' Affair! (Remastered / Expanded Edition)","Frank Sinatra",1957-06,141760,38,false,,2022-12-22T08:55:39Z,"christmas,big band,adult standards,swing music,jazz,vocal jazz","Capitol Records",0.505,0.32,5,-11.514,1,0.0387,0.476,0,0.0952,0.587,64.539,4
spotify:track:62Xj6x2LSWv47PtRAXrg5Z,"Summertime","Lady Day: The Complete Billie Holiday On Columbia (1933-1944)","Billie Holiday",2001-10-01,173493,35,false,,2022-12-22T08:50:32Z,"jazz,vocal jazz","Columbia/Legacy",0.628,0.226,10,-14.075,0,0.0371,0.903,0.0000052,0.171,0.608,99.393,4
spotify:track:0yzhOPf0iw2qWwcXRRta5L,"Rhapsody in Blue","Rhapsody In Blue: Saint-Säens, Ravel, Gershwin","George Gershwin;Benjamin Grosvenor;Royal Liverpool Philharmonic Orchestra;James Judd",2012-01-01,890000,40,false,,2022-12-22T08:31:03Z,"ragtime,classical piano,classical,orchestral","Decca Music Group Ltd.",0.309,0.258,9,-15.327,1,0.0459,0.976,0.69,0.0924,0.115,74.568,4
spotify:track:4yDCTzaFfr7YOuYKpwgidL,"Sounds Like a Melody - 2019 Remaster","Forever Young (Super Deluxe Edition; 2019 Remaster)","Alphaville",1984,286170,64,false,,2022-12-20T19:56:14Z,"synthpop","WM Germany",0.7,0.802,11,-6.966,0,0.037,0.0422,0.17,0.239,0.445,97.189,4
spotify:track:3rlNe5RGCaAusS1JhDkDyk,"Country Fever","Blues In My Soul","Bryce Janey",2010-01-01,307693,22,false,,2022-12-20T19:50:24Z,"blues rock,modern blues,blues","Grooveyard Records",0.438,0.832,0,-6.26,1,0.0363,0.00000533,0.0733,0.0574,0.239,102.899,4
spotify:track:71G50gDC8L1ADs2MFPTMhx,"Sweet Mary C","The Last Great Hope","Electric Mary",2014-11-03,184093,38,false,,2022-12-20T19:32:55Z,"blues rock","Listenable records",0.313,0.889,5,-4.108,1,0.0438,0.000848,0.00952,0.235,0.329,88.913,4
spotify:track:0M2A5PBGMk0x0M2lrCZGsO,"Mirage","Pictures Old Days (Deluxe Edition)","Scotch",2016-04-22,237013,0,false,,2022-12-20T19:07:42Z,"italo disco,italo dance,hi-nrg","deluxeCDmusic",0.806,0.799,10,-10.301,1,0.0479,0.049,0.00633,0.681,0.97,123.966,4
spotify:track:2dPTRjTrpjGUIuhPyfP9B5,"Beryl","Tracker (Deluxe)","Mark Knopfler",2015-03-09,190919,60,false,,2022-12-20T19:06:27Z,"soft rock","EMI",0.639,0.458,7,-11.211,0,0.034,0.784,0.096,0.267,0.599,140.547,4
spotify:track:4hzmnrHGBP5m85yk080dZf,"Levél a távolból","FG-4","Fonograf Ensemble",1994-09-01,180093,0,false,,2022-12-20T08:30:40Z,"","Hungaroton",0.433,0.59,2,-11.907,1,0.0824,0.0515,0.0000593,0.0816,0.658,87.238,4
spotify:track:2giZMG1Fs1O0idSQ1zNKGP,"Mondd, hogy nem haragszol rám","Fonográf","Fonograf Ensemble",1995-09-01,228866,0,false,,2022-12-20T08:05:35Z,"","Hungaroton",0.549,0.624,9,-12.897,1,0.0365,0.297,0.00371,0.214,0.628,92.214,4
spotify:track:3xKNKZbtliplpGBqilqdir,"István, a király, Act III, ""Koppány vezér"": Szállj fel, szabad madár! (Torda, Koppány és a Nép)","István, A Király (Rockopera)","Levente Szörényi;Varga Miklós;Márta Sebestyén;Peter Balazs;Sandor Szakacsi;Sandor Soros;Máté Victor;Kati Berek;Gyula Vikidál;Sára Bernadett",1983-12-01,210533,0,false,,2022-12-20T07:41:54Z,"traditional folk","Hungaroton",0.413,0.767,2,-10.179,1,0.045,0.142,0.00000553,0.947,0.668,163.127,4
spotify:track:3XNRSDgWshlXOTJhLkMOGg,"La Baletta No. 2","Elektromantic","Presser Gabor",1989-07-01,284666,0,false,,2022-12-20T07:29:52Z,"","Hungaroton",0.461,0.548,11,-13.869,0,0.0445,0.288,0.772,0.354,0.307,144.315,4
spotify:track:3SbFOiHqlvgFcaxFjAXHmj,"In Italia (feat. Gianna Nannini)","Il Tempo Vola 2002-2020","Fabri Fibra;Gianna Nannini",2019-10-24,209880,36,true,,2022-12-16T16:39:14Z,"italian trap,concerto,italian singer-songwriter","Universal Music Italia srL.",0.398,0.838,10,-5.703,0,0.378,0.121,0,0.403,0.747,81.624,4
spotify:track:2MscX7xaiCdcy5xqD7C3w9,"Amandoti","Hitstory Deluxe Edition","Gianna Nannini",2015-10-30,203786,47,false,,2022-12-16T16:14:50Z,"italian singer-songwriter","RCA Records Label",0.591,0.646,5,-5.283,0,0.0326,0.0195,0.0000191,0.148,0.564,107.835,4
spotify:track:4RcV7ENKupTF0FReXnhlMp,"Un'Estate Italiana (Notti Magiche)","Un'Estate Italiana (Notti Magiche) [Giorgio Moroder Remix 2014]","Edoardo Bennato;Gianna Nannini",2014-06-03,252440,59,false,,2022-12-16T15:25:31Z,"italian singer-songwriter,singer-songwriter","Sugarmusic",0.514,0.734,7,-3.659,1,0.0403,0.177,0,0.49,0.402,117.721,4
spotify:track:6V4tZD7vDdB9buV70Mpo8W,"Az Utcán - A Másik Oldalon","Az Utca Másik Oldalán","Bródy János",1994-10-01,204373,0,false,,2022-12-14T22:19:38Z,"","GrundRecords",0.684,0.523,0,-14.119,1,0.0309,0.156,0.00532,0.0404,0.79,168.221,4
spotify:track:5fRCEzsyBqzt6ysatSOkvV,"Vándorlások","Honfoglalás (Rock Változat)","P. Mobil",1996-04-18,197000,0,false,,2022-12-14T20:32:44Z,"","GrundRecords",0.646,0.559,0,-10.257,0,0.0268,0.00288,0.368,0.153,0.529,100.025,3
spotify:track:7ohlfhspkN5Pp7NOTdBdGk,"Down At the Crossroads","Welcome to the Crossroads","Koritni",2012-03-12,257893,36,false,,2022-12-09T23:05:03Z,"hard rock","Verycords",0.559,0.865,1,-4.524,1,0.0465,0.000319,0.00000735,0.27,0.613,155.093,4
spotify:track:60xonVIVUzA8VIE6pEqvkJ,"Favourite Sin","Badlands","Cage The Gods",2014-03-23,279480,20,true,,2022-12-09T23:02:16Z,"","7Hz Productions Ltd",0.614,0.902,2,-5.894,1,0.0498,0.000203,0.0000967,0.14,0.692,124.983,4
spotify:track:1sk9DxR38ZRgt6JhRsKXjv,"Long Distance Love","Over and Out","Rick Parfitt",2018-03-23,225680,20,false,,2022-12-09T22:59:45Z,"","earMUSIC",0.534,0.922,4,-5.221,1,0.0395,0.000375,0.00000104,0.11,0.79,149.973,4
spotify:track:4lffFYqed9Y7O382Mu63T9,"Bullets in the Sky","A Sinner's Saint","Million Dollar Reload",2012-06-29,279720,30,false,,2022-12-09T22:58:05Z,"hard rock,glam metal","Million Dollar Reload",0.55,0.916,6,-1.666,1,0.0565,0.000686,0.127,0.123,0.412,137.993,4
spotify:track:4jU41HAnhtjRWOQaD7jISY,"Walk on the Water","Calm Before the Storm 2","Dare",2019-11-11,402630,0,false,,2022-12-07T15:00:29Z,"aor,arena rock,hard rock","Legend Records",0.35,0.705,3,-7.428,0,0.0382,0.0772,0.000309,0.0903,0.151,172.082,4
spotify:track:7kG1771E80GWZoi2YtCGJ3,"Piwo","Piwo","Zdrowa Woda",2003-03-31,280280,24,false,,2022-12-06T12:13:13Z,"blues,blues rock","MTJ",0.29,0.694,9,-7.367,1,0.0412,0.127,0,0.105,0.911,214.663,3
spotify:track:4XHJRcNzCJuVFIbekXmYRH,"Wanted Man","We Will Reign","The Last Internationale",2014-08-15,301873,37,false,,2022-12-06T04:58:21Z,"blues rock","Epic",0.788,0.611,5,-5.433,1,0.043,0.152,0.00084,0.12,0.559,115.992,4
spotify:track:5u26Vc8VVgRtmuAeitApdx,"Nothing but Trouble","Tropical Hazards","The Lazys",2018-05-04,228400,0,false,,2022-12-01T14:36:02Z,"","Golden Robot Records",0.533,0.923,8,-2.766,1,0.0335,0.000525,0.00227,0.0243,0.652,140.102,4
spotify:track:1P2b21AB7R7NeTpR0fanyo,"Tennessee Plates","Thelma & Louise","Charlie Sexton",1991-01-01,210400,26,false,,2022-11-28T18:02:55Z,"rockabilly","Geffen*",0.58,0.855,4,-10.684,1,0.0357,0.0647,0.0000781,0.107,0.805,151.226,4
spotify:track:5QvrI2o52bZfBWfIsFPgCd,"The Great Song Of Indifference","Vegetarians Of Love","Bob Geldof",1990-01-01,278266,39,false,,2022-11-28T14:39:12Z,"","Spectrum",0.581,0.399,8,-15.775,1,0.0765,0.0676,0.000519,0.664,0.735,118.875,4
spotify:track:1mWxZk0GyJJtVjhT7XNjTr,"Anytime Anywhere","Lipservice","Gotthard",2005-06-06,258560,43,false,,2022-11-26T08:49:32Z,"aor,arena rock,hard rock","Nuclear Blast",0.58,0.869,2,-4.679,0,0.0438,0.00998,0.0000794,0.091,0.195,112.94,4
spotify:track:575Iq0OxTJDeyQpYADHAMJ,"Sister Moon","G.","Gotthard",1996,235533,35,false,,2022-11-26T08:25:15Z,"aor,arena rock,hard rock","Ariola",0.44,0.829,2,-6.841,1,0.0346,0.00198,0.000868,0.211,0.428,99.73,4
spotify:track:4xsgrorqaCSopY3EUAdiSL,"Love-Doll","The Rock 'n' Roll Devil","AB/CD",1988-10-07,188760,12,false,,2022-11-26T07:41:44Z,"","RCA Records Label",0.514,0.944,2,-6.832,1,0.0457,0.00035,0,0.575,0.79,150.23,4
spotify:track:0tGnV16VUYhBYIqdKlaYs1,"What a Hell of a Night","The Legacy (Best Of)","U.D.O.",2022-11-18,247890,10,true,,2022-11-24T11:17:46Z,"heavy metal,norsk rock,metal,power metal,speed metal","AFM Records",0.414,0.953,3,-5.267,1,0.0828,0.0000469,0.0212,0.174,0.553,74.017,4
spotify:track:66uZkQvoZLVE50LPFkCK16,"Mond Tanz / Child in Time","The Village Lanterne","Blackmore's Night",2006,370666,13,false,,2022-11-23T07:46:20Z,"celtic,medieval,medieval metal,celtic rock,folk rock","earMUSIC",0.458,0.654,2,-6.92,0,0.0295,0.145,0.241,0.0932,0.546,131.98,4
spotify:track:6O6jlYhIAj81IiSI6XHJQd,"Bellissima - Video Mix","Quicksilver","DJ Quicksilver",1997,233506,32,false,,2022-11-17T10:36:14Z,"eurodance,trance","underDOG",0.783,0.98,3,-6.696,1,0.0337,0.00499,0.801,0.073,0.561,136.005,4
spotify:track:4W8njwKQsbLFj3dZx82DWT,"Bellissima - Radio Mix","I Have a Dream / Bellissima","DJ Quicksilver",1996,230711,50,false,,2022-11-17T10:24:58Z,"eurodance,trance","underDOG",0.784,0.978,3,-7.283,1,0.0339,0.00294,0.824,0.0931,0.481,135.995,4
spotify:track:1QhpilbZHay4zqXmx5TGS1,"Perfect World - Richi's Single Version","Perfect World","Richi M.",1998-01-01,249866,32,false,,2022-11-17T07:55:43Z,"eurodance","Universal Music AB",0.671,0.988,10,-6.142,0,0.0356,0.0246,0.728,0.0883,0.744,141.992,4
spotify:track:1qGSrSmQ47qHJFnNtuCXA1,"All For Love - From ""The Three Musketeers"" Soundtrack","HOT PARTY 90 CLASSICS","Bryan Adams;Sting;Rod Stewart",2020-10-23,283706,0,false,,2022-11-11T14:11:26Z,"soft rock","UME - Global Clearing House",0.419,0.569,2,-6.239,1,0.0288,0.191,0,0.126,0.137,74.841,4
spotify:track:6zvojyQQ9vsPtnmUikZ8cf,"I See You're in Some Trouble","Backbone","Status Quo",2019-09-06,226502,11,false,,2022-11-03T07:55:41Z,"glam rock,blues rock","earMUSIC",0.808,0.666,5,-8.009,1,0.0339,0.143,0,0.499,0.825,133.062,4
spotify:track:3sqbwg6z2sGnMRMRGLvC9f,"Waiting for a Woman","Backbone","Status Quo",2019-09-06,267929,17,false,,2022-11-03T06:45:40Z,"glam rock,blues rock","earMUSIC",0.912,0.573,11,-8.943,1,0.0588,0.7,0.000612,0.0886,0.615,129.983,4
spotify:track:00tmEPlqeqbtSxdnUSasmX,"Sata kesää, tuhat yötä - Boogie Woogie Dancing Shoes","Sata kesää, tuhat yötä - Boogie Woogie Dancing Shoes","Toni Wirtanen",2014-11-03,174880,4,false,,2022-10-17T13:35:05Z,"finnish pop,finnish rock,finnish hip hop,iskelmä","WM Finland",0.622,0.926,0,-4.636,1,0.0331,0.000256,0.00401,0.154,0.623,128.024,4
spotify:track:08mG3Y1vljYA6bvDt4Wqkj,"Back In Black","Back In Black","AC/DC",1980-07-25,256000,85,false,,2022-08-16T18:12:06Z,"rock,hard rock,classic rock,rock and roll","Columbia",0.31,0.7,9,-5.678,1,0.047,0.011,0.00965,0.0828,0.763,188.386,4
spotify:track:4LlEtj8I2XUhkrXFzBBtFJ,"No More Hollywood Endings","No More Hollywood Endings","Battle Beast",2019-03-22,234786,48,false,,2022-07-12T05:54:57Z,"power metal,symphonic metal,metal,heavy metal","Nuclear Blast",0.504,0.924,4,-3.466,0,0.0373,0.000948,0,0.29,0.374,93.036,4
spotify:track:7w9lTI7Kdgt51kHzNlfJfg,"Make My Day","G.","Gotthard",1996,225200,25,false,,2022-07-06T12:14:20Z,"aor,arena rock,hard rock","Ariola",0.548,0.89,6,-6.506,1,0.0342,0.000143,0.385,0.0429,0.738,128.471,4
spotify:track:4lC9s3vwDa16w2G33KfF9C,"The Visitors","The Visitors (Deluxe Edition)","ABBA",1981,347706,53,false,,2022-07-06T05:47:00Z,"","Polar Music International AB",0.626,0.44,2,-15.532,1,0.0305,0.0821,0.000604,0.0659,0.727,131.175,4
spotify:track:1NwZV2bnxgSxmPQYOZjZyR,"Hey Matthew","Human Animal","Karel Fialka",1988-01-01,214160,39,false,,2022-07-05T17:01:57Z,"","I.R.S. Records",0.749,0.531,7,-13.627,0,0.0389,0.085,0.0000321,0.139,0.93,94.523,4
spotify:track:6P5Ma1HFYDsgOpLaGu6Jkz,"Moonlight Rendezvous","Dark Connection","Beast In Black",2021-10-29,338760,56,false,,2022-07-04T12:33:52Z,"power metal,symphonic metal,metal","Nuclear Blast",0.425,0.958,4,-5.785,0,0.0515,0.000254,0.00107,0.0394,0.621,102.002,4
spotify:track:1mMTrYle62J5peGGsVbdm6,"And We Run (feat. Xzibit)","Hydra","Within Temptation;Xzibit",2014-02-04,230067,0,true,,2022-06-30T10:52:13Z,"symphonic metal,gothic metal,gothic rock,power metal,metal,west coast hip hop,gangster rap,g-funk,old school hip hop,hardcore hip hop,hip hop","BMG Rights Management Benelux B.V.",0.544,0.837,6,-4.618,0,0.0465,0.0596,0,0.0698,0.159,128.98,4
spotify:track:56d8OayUjTl5bqCsQZu6nm,"Sicker than I think","Somethings Drippin","Bonafide",2009-10-30,224453,10,false,,2022-06-30T07:17:04Z,"hard rock","Black Lodge Records",0.71,0.862,7,-4.189,1,0.0559,0.00737,0.0000191,0.0368,0.554,132.964,4
spotify:track:29uAZxY4Xl28apz2keQAld,"Swan song","Somethings Drippin","Bonafide",2009-10-30,251146,19,false,,2022-06-30T07:12:51Z,"hard rock","Black Lodge Records",0.526,0.69,7,-3.038,1,0.0387,0.000856,0,0.088,0.501,130.018,4
spotify:track:1YJtZu8KuGxbP77azifrUj,"Rag and Bone Man","Ultimate Rebel","Bonafide",2012-08-15,348714,5,false,,2022-06-29T17:32:48Z,"hard rock","Off Yer Rocka Recordings",0.543,0.633,1,-2.947,1,0.0339,0.00498,0.399,0.0821,0.57,110.223,4
spotify:track:19S2zNTIVVz3pnZ07LikBG,"Hold Down the Fort","Denim Devils","Bonafide",2015-02-02,230284,30,false,,2022-06-29T09:43:18Z,"hard rock","Off Yer Rocka Recordings",0.435,0.624,1,-5.392,1,0.0354,0.000203,0.52,0.36,0.406,143.398,4
spotify:track:0IAi36i5dpsIv0lHllEank,"Bottle of Jack","Flames","Bonafide",2016,240000,41,false,,2022-06-29T09:31:58Z,"hard rock","Off Yer Rocka Recordings",0.569,0.76,1,-5.31,1,0.0313,0.00034,0.0908,0.297,0.418,130.1,4
spotify:track:7339HMaw5nnprAYVjvzrXV,"In the Dutch Mountains - 2 Meter Session","Jan Douwe Kroeske presents: The Best of 10 Years 2 Meter Sessions","The Nits",2020-02-28,174622,11,false,,2022-06-28T09:55:52Z,"nederpop","2 Meter Sessies",0.602,0.419,7,-11.604,1,0.0498,0.787,0.0000517,0.107,0.636,97.536,4
spotify:track:6rS1ljO5FCw6N0VW6GMINj,"In the Dutch Mountains (Bonus Track) [The Nits Cover]","Velua","Heidevolk",2015-03-30,212066,14,false,,2022-06-28T09:54:06Z,"folk metal,medieval metal,power metal,folk","Napalm Records",0.505,0.956,9,-5.656,0,0.102,0.0107,0.2,0.155,0.313,171.257,4
spotify:track:7JLjdk1PX5LMBxM5zfYCQV,"In the Dutch Mountains","In The Dutch Mountains","Nits",1987-11-18,206413,46,false,,2022-06-28T04:50:55Z,"nederpop,art pop","Columbia",0.42,0.504,7,-11.445,1,0.033,0.551,0.0000546,0.0592,0.27,84.735,4
spotify:track:6gNzfdbahSRSFl1g58H5eR,"En Livstid I Krig","Carolus Rex (Swedish)","Sabaton",2012-05-25,344413,57,false,,2022-06-24T04:40:40Z,"power metal,metal,heavy metal,symphonic metal,folk metal","Nuclear Blast",0.44,0.683,0,-5.813,0,0.0326,0.0161,0.00000199,0.604,0.164,136.118,4
spotify:track:3dt0qnuV3FZjTQN947C7FK,"The Art of War","The Art of War (Re-Armed)","Sabaton",2010-09-24,308840,48,false,,2022-06-24T03:59:28Z,"power metal,metal,heavy metal,symphonic metal,folk metal","Nuclear Blast",0.49,0.82,4,-5.195,1,0.0417,0.0118,0.0000197,0.103,0.374,84.099,4
spotify:track:1eTITUsIx371Q77XfXQ9XM,"The Final Solution","Coat of Arms","Sabaton",2010-05-21,296773,54,false,,2022-06-23T17:28:27Z,"power metal,metal,heavy metal,symphonic metal,folk metal","Nuclear Blast",0.491,0.965,9,-3.378,0,0.0679,0.012,0.000216,0.0955,0.54,93.074,4
spotify:track:4HVuyLPE90zk19NYv55dzX,"Winged Hussars","The Last Stand","Sabaton",2016-08-19,231521,61,false,,2022-06-23T17:02:25Z,"power metal,metal,heavy metal,symphonic metal,folk metal","Nuclear Blast",0.541,0.915,6,-5.368,0,0.0312,0.00536,0.000149,0.739,0.676,91.998,4
spotify:track:44mptjpiWQvh5h0h1VCIrZ,"Safety Dance","Don't Stop: The 30th Anniversary Album","Status Quo",1996-02-05,236960,0,false,,2022-06-21T15:15:24Z,"glam rock,blues rock","earMUSIC",0.624,0.887,7,-5.466,1,0.0269,0.0154,0.00153,0.115,0.642,100.025,4
spotify:track:2HUlGc6hrw2ZtMoAtj16Ir,"Trojan Horse","You're The Greatest Luver","Luv'",1998-01-01,203626,37,false,,2022-06-21T12:26:26Z,"nederpop,hollands","Vertigo Berlin",0.684,0.734,4,-10.959,1,0.0405,0.00602,0,0.122,0.967,114.658,4
spotify:track:2wRBxrEnssTPGUCl0tVnRI,"Kopf oben - Radio Version","Kopf oben","Frank Zander",2020-06-19,217733,20,false,,2022-06-21T11:03:26Z,"neue deutsche welle,schlager,schlagerparty","Zett Records",0.786,0.535,3,-8.036,0,0.0438,0.124,0.0000106,0.384,0.648,98.004,4
spotify:track:6RrSSbui0JrwK72kAHMrbN,"Only Crying","Keith Marshall","Keith Marshall",2014-10-27,257586,40,false,,2022-06-21T10:52:54Z,"","Lemon",0.709,0.726,9,-7.918,1,0.191,0.044,0.013,0.804,0.802,154.266,3
spotify:track:4h24QsCUd3UECOHGhfD6Xi,"To Blossom Blue","Forever Autumn","Lake Of Tears",1999-07-20,495266,39,false,,2022-06-20T09:11:38Z,"gothic metal,doom metal,gothic rock","roQon",0.619,0.426,7,-10.1,1,0.0302,0.0678,0.0377,0.0838,0.145,119.526,3
spotify:track:4R45nMBvtWZF0nOiRSyyy9,"Biscaya","Biscaya","James Last",1982-01-10,244906,49,false,,2022-06-07T09:12:12Z,"orchestral,polka,easy listening,big band","Polydor",0.282,0.489,2,-8.766,0,0.0336,0.757,0.625,0.3,0.312,109.388,4
spotify:track:0vnKE8ukNmF641XhnEyZJD,"Black Hole","One Foot In Front Of The Other","Griff",2021-06-18,200523,55,false,,2022-06-02T15:45:51Z,"","Warner Records",0.878,0.64,0,-5.641,1,0.0591,0.142,0,0.0981,0.658,124.069,4
spotify:track:3JYOrHiZAB2yn2YeO64mzg,"Headstones","Headstones","Lake Of Tears",1995-10-17,315800,32,false,,2022-05-30T04:43:33Z,"gothic metal,doom metal,gothic rock","roQon",0.486,0.664,7,-7.947,0,0.0295,0.264,0.0000314,0.102,0.198,166.441,4
spotify:track:0g9zunqUw2KBwNE1A4CKMD,"Music for a Found Harmonium","Hypernova","Jiggy",2020-02-22,304475,0,false,,2022-05-27T16:16:44Z,"celtic","Big Beat Music",0.591,0.771,7,-8.329,1,0.0393,0.00583,0.875,0.0937,0.703,115.083,4
spotify:track:0zhj1RIjfByUtu7bed2ria,"Tarantella","10 anni - Collection","Mascarimiri",2009-12-21,292280,0,false,,2022-05-20T13:19:08Z,"traditional music","AnimaMundi Edizioni",0.302,0.715,7,-13.913,1,0.0454,0.000964,0.0169,0.265,0.459,176.294,4
spotify:track:38RqeamDfVYwohyBUfbZ5y,"Lu ballu","Tam!","Mascarimiri",2014-03-22,232013,15,false,,2022-05-19T13:15:57Z,"traditional music","Dilinò",0.565,0.861,2,-5.854,1,0.231,0.051,0,0.132,0.798,189.9,4
spotify:track:2rryQo9l0qu5MPvBAZA6hv,"Turkija","Elettro Mascarimiri - Music for Dancing","Mascarimiri",2021-05-20,250638,0,false,,2022-05-19T11:49:35Z,"traditional music","Italysona",0.566,0.763,2,-6.279,1,0.0454,0.0000954,0.884,0.0862,0.521,180.056,4
spotify:track:2S5jSwB61cDlnhzi5Fldgd,"Balkanica pizzicata","Gitanistan","Mascarimiri",2011-04-26,270813,18,false,,2022-05-19T10:47:51Z,"traditional music","Dilinò",0.574,0.791,7,-6.374,1,0.0975,0.00334,0.000408,0.248,0.515,175.013,4
spotify:track:7Eh7jr5A72LytEEWERCdy8,"Muro Shavo Kiki","Pe Mande O Cheri","Ternipe",2003-06-01,134866,0,false,,2022-05-19T07:26:03Z,"traditional folk","Skyforce Kft.",0.619,0.55,10,-7.113,1,0.1,0.593,0,0.299,0.967,130.328,4
spotify:track:0docyBWmFoMz3qRzoYJK8M,"It's My Life","Bunch One","Selo i Ludy",2019-10-08,218597,26,false,,2022-05-19T07:22:58Z,"polka","Selo i Ludy",0.56,0.853,9,-10.356,0,0.1,0.0026,0.00000516,0.254,0.644,164.012,4
spotify:track:1VEGfD5DKaO2CZ7LKQRdcO,"O bella ciao","Il meglio del folklore italiano, Vol. 2","Salvatore Ida';Matilde Venneri",2010,115173,45,false,,2022-05-19T07:05:04Z,"","Elca Sound",0.842,0.471,7,-6.21,0,0.042,0.757,0,0.459,0.928,124.209,4
spotify:track:2ZTPRVF5zUMTEqYoqiwiFc,"Peixinhos do mar","Viaggi fuori dai paraggi","Daniele Sepe",2012-03-02,248840,11,false,,2022-05-19T06:23:34Z,"canzone napoletana","Daniele Sepe",0.587,0.554,5,-10.026,1,0.0617,0.138,0.00000124,0.146,0.767,172.066,4
spotify:track:5Tww1iCdUgY13O6FH0dSF1,"Brigante se more","Questione meridionale","Eugenio Bennato",2011-12-13,173035,32,false,,2022-05-19T06:10:18Z,"italian singer-songwriter,canzone napoletana,singer-songwriter","Taranta Power/Artis Records",0.587,0.495,9,-8.935,0,0.0333,0.592,0,0.19,0.539,125.931,4
spotify:track:72cqsyFW5NGO1zk0ucECO9,"Ussa sa","Zingari","Acquaragia Drom",1995-01-01,338066,11,false,,2022-05-19T06:05:59Z,"traditional folk","Finisterre",0.503,0.4,9,-9.625,0,0.0403,0.771,0,0.184,0.614,105.065,4
spotify:track:5OdNwgIVKLeYGs2q5NCM2f,"Tammurriata Nera","Antologia","Nuova Compagnia Di Canto Popolare",1999-01-01,292266,39,false,,2022-05-19T06:02:16Z,"canzone napoletana,traditional music","EMI Marketing",0.793,0.727,0,-7.38,1,0.0752,0.626,0.00000198,0.18,0.632,120.97,4
spotify:track:0kRqGJZBWmDHXLN94x56Pd,"Sciusciumaniellu","Aria caddhipulina","Antonio Castrignanò",2018-06-15,253493,18,false,,2022-05-19T05:48:50Z,"","Ponderosa Music Records",0.337,0.525,4,-6.649,0,0.0539,0.751,0,0.0831,0.654,186.431,3
spotify:track:648sEah14D70N6SvJdjpEa,"Me pari beddha (Serenata)","The Legend of the Italian Tarantella","Arakne mediterranea",2014-07-01,221190,0,false,,2022-05-18T15:29:05Z,"traditional music","ARC",0.24,0.0652,3,-16.148,1,0.0474,0.914,0,0.283,0.321,169.176,1
spotify:track:4NZ6vUK7OWHujl0F39LItQ,"Te Pizzicau","The Legend of the Italian Tarantella","Arakne mediterranea",2014-07-01,260700,0,false,,2022-05-18T15:19:57Z,"traditional music","ARC",0.458,0.628,6,-11.365,0,0.177,0.493,0,0.16,0.68,68.8,4
spotify:track:7hehYvwgMtlaJvlCRqfs94,"Kalinitta","Tretarante","Arakne mediterranea",2000-05-04,342733,20,false,,2022-05-18T15:11:49Z,"traditional music","Look Studio Srl",0.433,0.328,2,-13.652,1,0.0336,0.767,0.000137,0.125,0.64,93.823,4
spotify:track:2IgUFLxr0VdavZQUCSwuM8,"Tarantella Murgiana","The Legend of the Italian Tarantella","Arakne mediterranea",2014-07-01,279676,0,false,,2022-05-18T14:53:31Z,"traditional music","ARC",0.605,0.534,7,-8.69,1,0.0371,0.131,0,0.0387,0.85,124.176,4
spotify:track:02oFypGealRI7eH28BsN1T,"Kalinitta (Serenata Grika)","The Legend of the Italian Tarantella","Arakne mediterranea",2014-07-01,340794,0,false,,2022-05-18T14:49:23Z,"traditional music","ARC",0.343,0.436,2,-7.39,1,0.031,0.776,0.0000352,0.1,0.584,96.988,4
spotify:track:0i4mLwfyxnSSgF6hwIkU2L,"Il pescatore","Fabrizio De André Opere Complete","Fabrizio De André",1999-12-03,140173,56,false,,2022-05-18T13:49:15Z,"italian singer-songwriter,singer-songwriter","Ricordi",0.405,0.411,10,-11.029,1,0.0485,0.773,0,0.0773,0.864,73.658,3
spotify:track:21cp8L9Pei4AgysZVihjSv,"Child in Time","Deepest Purple: The Very Best of Deep Purple","Deep Purple",1990-07-23,619266,1,false,,2022-05-17T14:03:19Z,"hard rock,classic rock,rock","Parlophone UK",0.331,0.34,9,-14.784,0,0.0369,0.313,0.607,0.234,0.365,126.672,4
spotify:track:3PJI9yx4IsDq2yYyPoPYtI,"Face Of A Wanted Man","Hard Way","Hank Davison Band",2005-05-17,274346,10,false,,2022-05-17T05:29:39Z,"blues rock,southern rock","Elite Special",0.651,0.66,8,-4.946,1,0.0272,0.00903,0.0134,0.0296,0.617,90.028,4
spotify:track:2qafHaeidZLV2CDTXamUuK,"Im Talking to You","No Frills","HARDBONE",2020-05-08,355600,7,false,,2022-05-13T10:38:55Z,"hard rock","Remedy Records",0.27,0.869,7,-3.444,1,0.0507,0.00623,0.204,0.185,0.0737,130.145,4
spotify:track:71giwwQVqssF1CzLf46fu7,"Sound of the City","Bone Hard","HARDBONE",2014-06-27,300746,19,false,,2022-05-13T10:11:23Z,"hard rock","Remedy Records",0.484,0.945,2,-4.354,1,0.0673,0.0121,0.782,0.0896,0.372,137.959,4
spotify:track:2tlcUcDq8AwdipcO1Z5o8f,"Acapulco","Saved By Rock 'n' Roll","Los Bastardos Finlandeses",2012-03-25,277133,22,false,,2022-05-13T05:10:10Z,"finnish rock","100%",0.604,0.9,2,-4.261,1,0.0492,0.00246,0.00377,0.143,0.524,123.99,4
spotify:track:2DJImk8YvXibcEzt0JOuTM,"Show You How to Rock n' Roll","Anywhere But Here","Black Aces",2017-11-07,228237,23,false,,2022-05-12T15:39:44Z,"hard rock","Off Yer Rocka Recordings",0.353,0.624,2,-3.08,1,0.0503,0.0000929,0.765,0.0892,0.147,117.154,4
spotify:track:5kaQDydO4GfOCp86pxNnIf,"Beastlike","No Frills","HARDBONE",2020-05-08,170806,23,true,,2022-05-12T15:26:36Z,"hard rock","Remedy Records",0.405,0.967,2,-4.316,1,0.131,0.000131,0.0869,0.0313,0.293,185.07,4
spotify:track:25BdmKyPI4n9oxXLk1KHum,"Bring It On","Big Bang","DYNAMITE",2017-09-01,203138,12,false,,2022-05-12T15:19:19Z,"hard rock","Dynamite Productions",0.581,0.839,7,-5.563,1,0.0345,0.00025,0.00000142,0.124,0.55,122.005,4
spotify:track:0dzOjmBNiufkZG2XyoUPov,"Hammer Down","Storm of Blades","Bullet",2014-09-05,246213,29,false,,2022-05-12T15:14:40Z,"heavy metal,speed metal,hard rock","Nuclear Blast",0.54,0.923,2,-4.964,1,0.0405,0.00000649,0.616,0.0995,0.445,131.004,4
spotify:track:2XNa5CQ8AScBPRM1PQkpgk,"One Last Shot","Bone Hard","HARDBONE",2014-06-27,215986,21,false,,2022-05-12T15:10:24Z,"hard rock","Remedy Records",0.472,0.963,2,-4.203,1,0.0607,0.0128,0.738,0.295,0.383,165.026,4
spotify:track:1zn76TLVME1frPlqcDxx11,"Ballhog Zone","The Devil Rides Out","Herman Frank",2016-11-18,271540,23,false,,2022-05-12T14:43:02Z,"power metal,heavy metal,speed metal","AFM Records",0.421,0.899,1,-4.957,1,0.0504,0.0000137,0.00125,0.117,0.308,98.041,4
spotify:track:6o6hgdGt6aCILKmiZMEdkc,"Rock 'N Roll Hero","Rock'n'roll Hero","Razzmattazz",2014-02-14,272453,25,false,,2022-05-12T14:37:03Z,"hard rock,blues rock","7hard",0.688,0.882,7,-3.78,1,0.0427,0.0224,0.000174,0.0509,0.734,120.053,4
spotify:track:7iOSeHfKU2EhSKcX7TbjKG,"Blind And Frozen","Berserker","Beast In Black",2017-11-03,304596,62,false,,2022-05-06T12:01:22Z,"power metal,symphonic metal,metal","Nuclear Blast",0.491,0.95,2,-6.719,1,0.059,0.0000324,0.0000175,0.0698,0.497,146.007,4
spotify:track:5YAsSHVStxtvvwV00I5YS1,"Face of a Stranger","Face of a Stranger","Dirkschneider & The Old Gang;U.D.O.",2021-04-29,297226,0,false,,2022-05-04T18:27:23Z,"heavy metal,norsk rock,metal,power metal,speed metal","AFM Records",0.584,0.854,11,-4.13,0,0.0293,0.000999,0.0000881,0.48,0.584,119.978,4
spotify:track:1KyA5lXW7cAgMLwxRdVAu3,"Life's a Bitch","Life's a Bitch","Accept",2019-04-19,226093,47,true,,2022-05-04T18:07:51Z,"heavy metal,speed metal,metal,thrash metal,hard rock","Nuclear Blast",0.612,0.822,9,-6.418,1,0.0428,0.000719,0.00019,0.14,0.686,128.018,4
spotify:track:2XVQdI3m0giGxNrwUhV3yP,"Funkytown","Mouth To Mouth","Lipps Inc.",1979-11-01,470346,65,false,,2022-05-01T20:08:36Z,"disco","Polydor",0.894,0.423,0,-13.968,1,0.0821,0.00239,0.446,0.0796,0.462,122.144,4
spotify:track:5XQT4jVpbrZtpYrVEr1H81,"Uma casa portuguesa","The art of Amalia Rodrigues vol.I","Amália Rodrigues",1998-06-29,165280,35,false,,2022-04-27T14:54:36Z,"fado","Edições Valentim de Carvalho, S.A.",0.506,0.489,11,-7.052,1,0.0317,0.813,0.00000313,0.318,0.717,134.959,4
spotify:track:1yEHayb6XO2WJaY0xhUwD5,"Strambot Piemontes","I canti popolari del Piemonte e della Val D'Aosta","Roberto Balocco",2011-01-01,184842,6,false,,2022-04-26T17:50:56Z,"traditional folk","Italia Yesterday",0.632,0.347,1,-9.691,0,0.0521,0.954,0.00215,0.109,0.745,129.797,4
spotify:track:3S6yYcfTqHyXLi1Uxbskkf,"Riturnella","The Best 100 Classic Italian Songs Vol.1 (Mina, Sofia Loren, Claudio Villa, Peppino Di Capri, Katia Ricciarelli, Adriano Celentano...)","Eugenio Bennato",2009-05-07,250346,0,false,,2022-04-26T16:59:26Z,"italian singer-songwriter,canzone napoletana,singer-songwriter","Believe",0.733,0.699,7,-7.534,1,0.0386,0.0933,0,0.104,0.882,133.926,4
spotify:track:2qe4qirAouYufpZ8jxeaQD,"Mamaliga Cu Friptura","Pacat Omule, Pacat","Angela Rusu",2010-03-26,239826,30,false,,2022-04-25T17:54:02Z,"manele","BIG MAN Romania",0.812,0.921,10,-4.782,1,0.17,0.0344,0,0.0653,0.963,145.942,4
spotify:track:5DXCjZEIL39AyGswHPRxML,"La Omul Care Mi-I Drag","La Omul Care Mi-I Drag","Plaiesii",2020-01-15,137777,40,false,,2022-04-25T17:50:09Z,"manele","Plăieșii",0.827,0.747,5,-4.118,1,0.032,0.762,0,0.0745,0.961,107.936,4
spotify:track:72bHlETDKlRKjWfaeu3ch8,"S-a marit armata","Te iubesc fetita draga","Albatros",2015-03-01,199693,24,false,,2022-04-25T16:39:02Z,"manele","Eurostar",0.507,0.416,2,-8.467,0,0.0654,0.75,0,0.318,0.965,200.305,4
spotify:track:3FhnbW0zxW5TExQ6xpbOly,"Muro Shavo","Interetnik","Hara;Tamango",2008-12-04,233560,34,false,,2022-04-25T16:18:03Z,"manele","2008 Cat Music",0.778,0.914,9,-4.268,0,0.0858,0.0202,0.000271,0.0817,0.853,119.999,4
spotify:track:0IWBaEf7GOwKPKHyC32E1z,"Fade Away","Ten Love Songs","Susanne Sundfør",2015-02-16,198400,0,false,,2022-04-08T12:41:09Z,"norwegian pop,art pop","Lady Lazarus",0.575,0.796,11,-5.792,1,0.0303,0.00181,0.207,0.14,0.638,99.982,4
spotify:track:1Eqpct9eYW7PvMyOd2DVp0,"Crankin’ It Up","Drivin' It Down","Justin Johnson",2017-04-01,258240,36,false,,2022-04-07T16:18:12Z,"blues,southern gothic,country blues,blues rock","Justin Johnson",0.467,0.883,0,-9.147,1,0.395,0.0165,0.794,0.0842,0.678,126.973,4
spotify:track:7xDlku1eMNbJogE0e2hM1y,"Die Hölle muss schön sein","Herzschlag","Unherz",2011-08-26,363626,13,false,,2022-04-07T06:10:46Z,"","Massacre Records",0.515,0.528,3,-6.49,0,0.026,0.7,0.0000569,0.109,0.115,100.021,4
spotify:track:082X4mWlnX4Ik1zpnaMyqf,"Hard Blues Shot","Hard Blues Shot","Laura Cox",2017-03-10,293306,35,false,,2022-04-05T12:23:57Z,"blues rock,modern blues,blues","Verycords",0.278,0.823,2,-3.697,1,0.0891,0.016,0.000114,0.104,0.32,185.972,4
spotify:track:3UTGUkPI3iUrB8iPvFjKwp,"Game Of Fools","Game Of Fools","Koritni",2009-03-16,241600,38,false,,2022-04-05T11:54:04Z,"hard rock","Bad reputation",0.667,0.793,11,-5.115,1,0.0543,0.0072,0.0000991,0.0704,0.775,117.995,4
spotify:track:7vTWt5Odb5JzSxYElGGFFM,"Doi pași în urma ta","Ziua vrăjitoarelor","Cargo",1998-01-01,204721,29,false,,2022-04-01T12:07:17Z,"","Universal Music Romania Distributed Labels",0.542,0.749,5,-7.518,1,0.0355,0.35,0.00000292,0.281,0.531,135.021,4
spotify:track:0776snw9cIkdXSuNRjlZf3,"Disco Band","Disco Band","Scotch",2010-12-21,300840,46,false,,2022-03-30T12:15:19Z,"italo disco,italo dance,hi-nrg","High Fashion Digital",0.796,0.639,5,-9.599,0,0.0306,0.136,0.00104,0.0828,0.879,112.832,4
spotify:track:4CgshJ5DdZFD1sl3v2Jz9C,"Delirio Mind","Evolution (Deluxe Edition)","Scotch",2016-04-22,310773,0,false,,2022-03-30T09:55:07Z,"italo disco,italo dance,hi-nrg","deluxeCDmusic",0.641,0.917,10,-8.593,0,0.0716,0.0494,0.0972,0.142,0.744,108.843,4
spotify:track:09QcX1GC5LylW50EaLBAT5,"Our Darkness","Joined Up Writing/The Sitting Room","Anne Clark",1990-01-01,324600,49,false,,2022-03-30T09:13:18Z,"new wave,ebm,darkwave,cold wave,synthpop","Virgin Records",0.766,0.877,3,-11.651,1,0.0718,0.37,0.452,0.102,0.919,129.933,4
spotify:track:0eZBeB2xFIS65jQHerispi,"The Sound of Silence","Immortalized (Deluxe Edition)","Disturbed",2015-08-14,248466,66,false,,2022-03-26T07:45:43Z,"metal,nu metal,alternative metal,rap metal,hard rock","Reprise",0.322,0.28,6,-9.367,0,0.0281,0.468,0.0000011,0.102,0.175,85.794,4
spotify:track:59TBdPib4R4Tlt53CcMtHF,"Schlaflied","Das Geld liegt auf der Strasse","Ohrenfeindt",2020-10-30,313567,0,false,,2022-03-25T14:27:26Z,"","Metalville",0.633,0.409,5,-8.109,1,0.0328,0.183,0.000442,0.361,0.0984,97.087,4
spotify:track:4DqZLdL8wnIAsBjPL9OSeB,"Willst du mit mir gehen","Das Geld liegt auf der Strasse","Ohrenfeindt",2020-10-30,279128,0,false,,2022-03-25T14:26:56Z,"","Metalville",0.524,0.877,5,-3.771,1,0.0324,0.000255,0.00941,0.339,0.532,134.873,4
spotify:track:4dFc90CG5O0u2lkmK16bPc,"Motorcross im Treppenhaus","Das Geld liegt auf der Strasse","Ohrenfeindt",2020-10-30,279098,0,false,,2022-03-25T14:26:47Z,"","Metalville",0.579,0.794,7,-4.382,1,0.0367,0.0359,0.000218,0.283,0.541,129.996,4
spotify:track:0syc6G3ss6P3f6TEB3XMjz,"Hektik","Das Geld liegt auf der Strasse","Ohrenfeindt",2020-10-30,226517,0,false,,2022-03-25T14:26:38Z,"","Metalville",0.44,0.946,0,-3.674,1,0.0544,0.000278,0.0528,0.287,0.604,166.932,4
spotify:track:7o3Ionb8OVDimR61YIQaRM,"Sänger in 'ner Rock'n'Roll Band","Das Geld liegt auf der Strasse","Ohrenfeindt",2020-10-30,244508,0,false,,2022-03-25T14:26:03Z,"","Metalville",0.672,0.653,0,-5.377,1,0.0341,0.00237,0.000183,0.0814,0.816,117.961,4
spotify:track:4vIth7Ljt6YnC3FAcbZTkr,"Du brauchst Rock","Das Geld liegt auf der Strasse","Ohrenfeindt",2020-10-30,259153,0,false,,2022-03-25T14:25:04Z,"","Metalville",0.64,0.875,0,-4.693,1,0.0782,0.0106,0.11,0.17,0.281,145.043,4
spotify:track:4mhrGggqkTCuoOqj4jJ88K,"Die Muse ist im Urlaub","Das Geld liegt auf der Strasse","Ohrenfeindt",2020-10-30,241152,0,false,,2022-03-25T14:24:50Z,"","Metalville",0.615,0.845,0,-4.532,1,0.0472,0.000886,0.000714,0.331,0.361,122.023,4
spotify:track:5SSgOEhCl3C20ioDkt96fr,"Liar","Anima Inferna","Gothminister",2014-02-21,217826,0,false,,2022-03-24T12:34:02Z,"industrial metal,industrial,gothic metal,industrial rock,ebm,gothic rock,darkwave","AFM Records",0.538,0.91,9,-5.84,0,0.0385,0.0012,0.0931,0.183,0.242,110.007,4
spotify:track:0842N1NhR1Q1XS6XyyQ3Nl,"Vienna - 2008 Remaster","Vienna (Remastered Definitive Edition)","Ultravox",1980-10-15,296160,0,false,,2022-03-24T12:13:20Z,"synthpop,new wave","Chrysalis Records",0.605,0.583,5,-10.242,1,0.0548,0.211,0.188,0.116,0.334,80.132,4
spotify:track:5KZ4DC772dYcRBAizx0yYk,"Caribbean Blue - 2009 Remaster","Shepherd Moons","Enya",1991-11-15,239586,77,false,,2022-03-24T07:46:32Z,"new age,celtic","WM UK",0.393,0.414,4,-12.262,1,0.0321,0.807,0.958,0.118,0.677,157.626,3
spotify:track:6FLwmdmW77N1Pxb1aWsZmO,"Only Time","A Day Without Rain","Enya",2000-11-11,218546,75,false,,2022-03-24T06:54:19Z,"new age,celtic","WM UK",0.418,0.249,3,-13.744,1,0.0301,0.841,0.661,0.112,0.213,82.803,4
spotify:track:05Vtd9RTcKbnAF9p8rnVZt,"Sechser im Lotto","Tanz nackt.","Ohrenfeindt",2018-08-31,229320,0,false,,2022-03-23T16:52:10Z,"","Metalville",0.575,0.888,7,-3.814,1,0.0386,0.00573,0.000629,0.111,0.282,131.083,4
spotify:track:5tfMDcytIqwQbX7dHxJOye,"Voodoo","Tanz nackt.","Ohrenfeindt",2018-08-31,260106,0,false,,2022-03-23T16:24:43Z,"","Metalville",0.516,0.935,5,-2.031,1,0.0452,0.0019,0.0583,0.326,0.536,140.902,4
spotify:track:6prjlLhIW3IGSULXh5LeNa,"Hallo, Frau Doktor","Tanz nackt.","Ohrenfeindt",2018-08-31,262520,0,false,,2022-03-23T16:24:31Z,"","Metalville",0.632,0.843,7,-2.94,1,0.0681,0.00252,0.000373,0.0754,0.656,145.003,4
spotify:track:7nm6ASPKBl1Nx93Y5UGRi9,"Nichts kann dich bremsen","Tanz nackt.","Ohrenfeindt",2018-08-31,183840,0,false,,2022-03-23T16:24:25Z,"","Metalville",0.69,0.865,0,-3.807,1,0.0322,0.0244,0.000371,0.225,0.536,131.036,4
spotify:track:0dTC17pGjoxcwKm427BbSp,"Valerie","Schwarz Auf Weiss","Ohrenfeindt",2011-04-15,306693,0,false,,2022-03-23T14:47:07Z,"","Hirnsturm",0.575,0.89,0,-2.245,1,0.0325,0.00112,0.00283,0.139,0.542,128.061,4
spotify:track:6XF3EWGQFtH0YZVPMmpaJk,"Wenn Die Sonne Untergeht - Chris Voc","Schwarz Auf Weiss","Ohrenfeindt",2011-04-15,198040,0,false,,2022-03-23T14:46:34Z,"","Hirnsturm",0.599,0.674,7,-3.203,1,0.0324,0.00331,0.000142,0.135,0.39,130.041,4
spotify:track:4PZCrN74QsGDhyU2mtZ0vo,"So Viele Fragen","Schwarz Auf Weiss","Ohrenfeindt",2011-04-15,229706,0,false,,2022-03-23T14:45:45Z,"","Hirnsturm",0.614,0.89,0,-2.46,1,0.0385,0.0732,0.00000554,0.25,0.422,124.011,4
spotify:track:4guXYPqLjNlPf7lPzl5gHy,"Schwarz Auf Weiss","Schwarz Auf Weiss","Ohrenfeindt",2011-04-15,146133,0,false,,2022-03-23T14:29:15Z,"","Hirnsturm",0.748,0.82,2,-3.286,1,0.0313,0.00345,0.000576,0.314,0.464,105.93,4
spotify:track:20CTOSnFh8OQsPFnc6LMNH,"Motormädchen","Schwarz Auf Weiss","Ohrenfeindt",2011-04-15,198213,0,false,,2022-03-23T14:25:35Z,"","Hirnsturm",0.527,0.836,0,-2.83,1,0.0372,0.00583,0.000063,0.138,0.364,176.074,4
spotify:track:5PEzrYJ2vTHBPibzhBC2QN,"Königin der Nacht","Auf die Fresse ist umsonst (Deluxe Edition)","Ohrenfeindt",2013-08-30,269906,0,false,,2022-03-23T12:39:58Z,"","AFM Records",0.501,0.956,0,-3.352,1,0.0389,0.00117,0.0475,0.6,0.466,144.009,4
spotify:track:5j6t3oT4pwLIbzKb6ackxH,"Ein allerletztes Mal","Rock'n'Roll Sexgott","Ohrenfeindt",2006-01-16,315600,0,false,,2022-03-22T10:59:44Z,"","Metalville",0.671,0.645,2,-5.627,0,0.0323,0.00147,0.000904,0.209,0.666,111.955,4
spotify:track:13XY8DOu4iv7Mk9ZLPrGOm,"'N Job In 'Ner Bank","Schwarz Auf Weiss","Ohrenfeindt",2011-04-15,162506,0,false,,2022-03-22T10:52:15Z,"","Hirnsturm",0.536,0.981,0,-2.108,1,0.0495,0.00202,0.00000904,0.349,0.517,148.065,4
spotify:track:2WliPLABh3PxcMp1bzltdW,"Ich kümmer mich drum","Das Geld liegt auf der Strasse","Ohrenfeindt",2020-10-30,192294,0,false,,2022-03-22T10:48:31Z,"","Metalville",0.686,0.869,2,-4.321,1,0.027,0.0731,0.0000232,0.217,0.896,106.034,4
spotify:track:4vR29iee9BuvxuRsUQqPcv,"Motor an","Motor an!","Ohrenfeindt",2015-09-18,203009,13,false,,2022-03-22T10:42:25Z,"","AFM Records",0.439,0.993,4,-4.417,0,0.0846,0.00586,0.00000936,0.59,0.12,150.114,4
spotify:track:25p6E2ZvQ1Cm5nsUxHXaQR,"Alles oder nichts","Auf die Fresse ist umsonst (Deluxe Edition)","Ohrenfeindt",2013-08-30,183520,0,false,,2022-03-22T10:39:30Z,"","AFM Records",0.685,0.842,0,-3.886,1,0.0349,0.0173,0.0000437,0.0712,0.692,112.039,4
spotify:track:3KShQWZ0ThSAhbSSsAFeC1,"Ohrenfeindt","Mit Vollgas & Blaulicht","Ohrenfeindt",2007-12-14,302173,0,false,,2022-03-22T10:34:18Z,"","Metalville",0.539,0.916,0,-2.862,1,0.0851,0.0165,0.0329,0.0975,0.285,129.737,4
spotify:track:35AaMjiRB8D0CvcKNia1Ie,"Tanz nackt.","Tanz nackt.","Ohrenfeindt",2018-08-31,230200,0,false,,2022-03-22T10:30:27Z,"","Metalville",0.799,0.557,0,-4.068,1,0.0398,0.00525,0.0113,0.0846,0.498,119.499,4
spotify:track:0Ho4OVL3bMAKV51o301hjg,"Das Geld liegt auf der Strasse","Das Geld liegt auf der Strasse","Ohrenfeindt",2020-10-30,230830,0,false,,2022-03-22T10:26:59Z,"","Metalville",0.616,0.824,0,-3.59,1,0.0498,0.000923,0.0181,0.0601,0.375,122.035,4
spotify:track:5KdfqtopCNGHxF46jvhb3y,"Sie Hat Ihr Herz an St. Pauli Verloren","Schwarz Auf Weiss","Ohrenfeindt",2011-04-15,194440,0,false,,2022-03-22T10:23:07Z,"","Hirnsturm",0.675,0.863,0,-2.619,1,0.0326,0.0158,0.00000347,0.135,0.662,132.024,4
spotify:track:3nnH0YtiQdnu6yEj0wnBom,"Auf die Fresse ist umsonst","Auf die Fresse ist umsonst (Deluxe Edition)","Ohrenfeindt",2013-08-30,158213,6,false,,2022-03-22T10:14:55Z,"","AFM Records",0.665,0.828,0,-2.982,1,0.0509,0.00259,0.00000164,0.375,0.822,119.972,4
spotify:track:2eM9xcfAMMeVYsHMHkpg4e,"Bon Scott hab ich noch live gesehen","Nunc est Bibendum","Onkel Tom",2011,246680,15,false,,2022-03-19T09:16:11Z,"","Drakkar Entertainment",0.504,0.991,10,-3.068,0,0.148,0.00292,0.00000106,0.188,0.245,142.024,4
spotify:track:3FnarbRReBDt6L5mvw6dh2,"Incă O Noapte - Extended","Povestea Mea","DJ Project",2006-07-10,364123,0,false,,2022-03-08T13:10:13Z,"europop","Cat Music",0.766,0.708,0,-8.051,0,0.0342,0.00109,0.14,0.0782,0.458,128.008,4
spotify:track:2shZxLPj6WhicWhdK0vaLR,"Inca o noapte","Povestea mea","DJ Project",2006-01-01,214820,26,false,,2022-03-08T12:47:44Z,"europop","2006 Cat Music",0.624,0.897,0,-7.14,0,0.0297,0.0253,0.0116,0.314,0.395,128.002,4
spotify:track:7HRGTTn0QJcpfB89dBfWIX,"Skál","Skál","Corvus Corax",2018-07-27,364840,0,false,,2022-03-02T08:13:46Z,"medieval,medieval metal,folk metal,celtic,neofolk,folk","Behßmokum Records",0.493,0.927,4,-5.582,0,0.0424,0.0000186,0.87,0.0933,0.519,169.981,4
spotify:track:7z2ZDvSeXjrLtt19DdNOqd,"Her Wirt","Skál","Corvus Corax",2018-07-27,369306,0,false,,2022-03-02T07:27:33Z,"medieval,medieval metal,folk metal,celtic,neofolk,folk","Behßmokum Records",0.301,0.952,9,-6.17,1,0.0574,0.0000268,0.778,0.235,0.471,140.097,4
spotify:track:0kRnB8ObzY4XGgW05bVEar,"初升的太阳","初升的太阳","Hanggai",2016-03-25,347680,30,false,,2022-03-02T05:43:20Z,"chinese rock,folk metal,chinese indie","天浩盛世娱乐 TH Entertainment",0.631,0.706,7,-8.099,1,0.0469,0.0445,0.032,0.0872,0.283,95.989,4
spotify:track:7dRFA0pglLHbNnUnCHMYPo,"Statu-Palmă-Barbă-Cot","Rock Românesc - Best Of 2019","Zdob si Zdub",2019-12-27,230812,0,false,,2022-02-10T18:05:05Z,"","UME - Global Clearing House",0.773,0.874,0,-2.901,1,0.0328,0.0731,0,0.0843,0.643,110.038,4
spotify:track:1PamYUUv3gYKlIg2k6KxlO,"Șoapte","Șoapte","DJ Project",2005-07-11,203240,0,false,,2022-02-08T16:16:33Z,"europop","Cat Music",0.67,0.602,11,-10.412,0,0.0296,0.0078,0.00469,0.0933,0.756,134.982,4
spotify:track:1u1HypAkpR18nJ8TyWpQOe,"Încă O Noapte","Povestea Mea","DJ Project",2006-07-10,214820,0,false,,2022-02-08T16:14:04Z,"europop","Cat Music",0.624,0.898,0,-7.152,0,0.0297,0.0253,0.0114,0.314,0.365,128.002,4
spotify:track:3k8smgK9CMYFKp4BlQlKeT,"20","3D","Voltaj",2001-06-05,205173,37,false,,2022-02-08T16:00:29Z,"","2001 Cat Music",0.761,0.816,4,-3.951,0,0.0474,0.0111,0.0000601,0.0425,0.965,142.993,4
spotify:track:0inaMLkj1yJokRod8CVRzO,"Sight For Sore Eyes","In Heat","Black 'N Blue",1988,211333,14,false,,2022-02-08T14:36:24Z,"glam metal,glam rock,aor,hard rock","Majestic Rock",0.669,0.939,0,-4.289,1,0.0637,0.0601,0,0.0895,0.527,111.073,4
spotify:track:3FR2w9O5i9q3unY3gyjq6E,"Through The Mists Of Time","POWER UP","AC/DC",2020-11-13,212235,48,false,,2022-02-05T17:07:56Z,"rock,hard rock,classic rock,rock and roll","Columbia",0.57,0.753,9,-5.98,1,0.0365,0.00000162,0.627,0.133,0.477,119.99,4
spotify:track:67JFJ3hgYQDaCfwYxOD4Tz,"Driving In Style","Heat Wave (Deluxe Edition)","Thundermother",2021-05-21,223666,9,false,,2022-02-05T06:45:11Z,"hard rock","AFM Records",0.495,0.948,9,-3.295,0,0.0527,0.0000098,0.00000194,0.0891,0.418,90.021,4
spotify:track:7bKmjKOCCVBvL299Sp0eAj,"Scrisoare De Bun Ramas (Goodbye Letter)","Anii 80-90 - Vinyl Collection ('80s -'90s - Vinyl Collection)","Mircea Baniciu",2009-06-01,269960,11,false,,2022-02-03T13:52:16Z,"folk","Colibri Music",0.464,0.514,2,-9.436,1,0.0299,0.467,0.0000411,0.0881,0.445,133.084,4
spotify:track:7FXz2IN8hFtqKX5Y3RbUBv,"Randuri Pentru Pasarile Calatoare (Lines For Summer Birds)","Anii 80-90 - Vinyl Collection ('80s -'90s - Vinyl Collection)","Mircea Baniciu",2009-06-01,207480,5,false,,2022-02-03T13:08:38Z,"folk","Colibri Music",0.542,0.433,7,-8.249,1,0.0351,0.413,0,0.0832,0.763,122.858,4
spotify:track:0xVIagEMYnUtVzHnDVoVG6,"Dealul cu dor (Longing Hill)","Best Of, Vol. 2","Mircea Baniciu",2011-11-10,201786,22,false,,2022-02-03T12:43:13Z,"folk","Colibri Music",0.477,0.89,7,-2.783,1,0.0297,0.162,0,0.39,0.799,84.898,4
spotify:track:7JAkQBl9JeI1JrZRGBziJh,"Vara la tara (Summer at Countryside)","Best Of, Vol. 2","Mircea Baniciu",2011-11-10,281266,25,false,,2022-02-03T12:28:44Z,"folk","Colibri Music",0.673,0.872,7,-3.666,1,0.0671,0.21,0,0.0575,0.846,84.014,4
spotify:track:6HcpBU2wCij5Z5uoekDnjn,"Tristeti provinciale (Provincial Sadness)","Best Of, Vol. 2","Mircea Baniciu",2011-11-10,202080,22,false,,2022-02-03T12:28:26Z,"folk","Colibri Music",0.604,0.885,4,-3.772,1,0.0468,0.642,0,0.124,0.495,85.005,4
spotify:track:2HnVIvq2CO5KuPBhZSntKZ,"Andrii Popa (Andrii Popa)","Best Of, Vol. 2","Mircea Baniciu",2011-11-10,187240,27,false,,2022-02-03T12:06:33Z,"folk","Colibri Music",0.621,0.715,0,-2.547,1,0.0316,0.136,0,0.126,0.521,95.003,4
spotify:track:3rnC8uMhI4tgChqT7DSQEE,"Pe Ape","O Lume Doar A Lor (35 De Ani)","Iris",2012-07-31,212133,0,false,,2022-02-02T15:56:14Z,"","Cat Music",0.514,0.844,2,-3.458,1,0.0391,0.00188,0.0000278,0.164,0.391,129.991,4
spotify:track:6DSG2kgC9zuulMOLu1wJj1,"Men Without Shame","Phantom, Rocker & Slick","Phantom, Rocker & Slick",1985,377733,26,false,,2022-02-01T07:37:39Z,"","Phantom, Rocker & Slick",0.355,0.865,7,-9.441,1,0.039,0.0111,0.0575,0.403,0.504,143.277,4
spotify:track:13NWwziLBGyV9pxwi7jA7F,"Fill your head with Rock","Somethings Drippin","Bonafide",2009-10-30,312853,30,false,,2022-01-25T15:43:00Z,"hard rock","Black Lodge Records",0.552,0.827,7,-3.349,1,0.0558,0.00855,0,0.255,0.544,149.915,4
spotify:track:4J0e4gEqaLQlG5EM0wws1K,"An der schönen blauen Donau, Waltz, Op. 314","Strauss, J.: An der schönen blauen Donau (The Blue Danube)","Johann Strauss II;Berliner Philharmoniker;Herbert von Karajan",1982-01-01,707173,60,false,,2022-01-15T10:42:44Z,"classical,orchestral,opera,ballet,impressionism,concerto","Deutsche Grammophon (DG)",0.233,0.0252,2,-24.824,1,0.0346,0.975,0.601,0.143,0.0936,94.736,4
spotify:track:4C8A3KLGhpm853Gd08X9Fv,"Hey-Hey","Dreaming","Michael Rother",2020-09-04,487146,3,false,,2022-01-14T11:16:20Z,"krautrock,space rock","Groenland Records",0.54,0.426,7,-13.29,1,0.0282,0.368,0.755,0.119,0.125,159.899,4
spotify:track:3YH8fv9beOjseRxxltqbz6,"Cha Cha 2000","Viva","La Düsseldorf",1978,1201999,12,false,,2022-01-12T10:55:39Z,"krautrock,space rock","WM Germany",0.337,0.509,0,-15.205,1,0.0349,0.583,0.243,0.115,0.0762,129.173,4
spotify:track:2EWT9FZy0mMMi9QiuaSRbj,"Rheinita","Viva","La Düsseldorf",1978,458226,23,false,,2022-01-12T10:19:40Z,"krautrock,space rock","WM Germany",0.547,0.65,0,-15.708,1,0.034,0.307,0.968,0.14,0.323,129.269,4
spotify:track:04oabVM1GMP990CuV5aAn2,"Ride with Yourself","Get Used To It","Rhino Bucket",1992,195173,29,false,,2022-01-05T10:24:51Z,"glam metal,hard rock","Rhino/Warner Records",0.637,0.837,6,-5.083,1,0.0318,0.0572,0.00000513,0.0421,0.653,117.834,4
spotify:track:1Q8eep34kepJk3XufocjW0,"Burn the World","Get Used To It","Rhino Bucket",1992,236306,15,true,,2022-01-05T10:24:42Z,"glam metal,hard rock","Rhino/Warner Records",0.427,0.832,1,-7.124,1,0.0419,0.024,0.00621,0.0414,0.678,170.752,4
spotify:track:6x0jQo85wL0iWb3DdStbMb,"Bar Time","Get Used To It","Rhino Bucket",1992,254493,23,false,,2022-01-05T10:24:31Z,"glam metal,hard rock","Rhino/Warner Records",0.632,0.803,1,-7.005,1,0.0367,0.119,0.628,0.142,0.836,114.873,4
spotify:track:1zf6gh5v02rLbByYIj8tiV,"She's a Screamer","Get Used To It","Rhino Bucket",1992,222200,23,false,,2022-01-05T10:24:29Z,"glam metal,hard rock","Rhino/Warner Records",0.663,0.897,8,-7.814,1,0.0681,0.0526,0.0213,0.118,0.658,135.516,4
spotify:track:3PLORk9DdOoBqePtbAQovI,"This Ain't Heaven","Get Used To It","Rhino Bucket",1992,261533,18,false,,2022-01-05T10:24:16Z,"glam metal,hard rock","Rhino/Warner Records",0.645,0.891,3,-7.904,1,0.0381,0.00955,0.0155,0.0598,0.854,114.19,4
spotify:track:46iKhgMuQTvOTq4vknELaL,"The Devil Sent You","Get Used To It","Rhino Bucket",1992,245373,25,false,,2022-01-05T10:24:14Z,"glam metal,hard rock","Rhino/Warner Records",0.621,0.905,1,-7.223,1,0.0367,0.0204,0.00461,0.0844,0.471,140.588,4
spotify:track:6pQAHgI79U7cECxbfpyb9p,"Hey There","Get Used To It","Rhino Bucket",1992,255560,36,false,,2022-01-05T10:24:11Z,"glam metal,hard rock","Rhino/Warner Records",0.626,0.827,8,-6.863,1,0.0636,0.0368,0.00629,0.292,0.743,126.54,4
spotify:track:5fBanbjc2yiuLhkticfmHK,"No Friend of Mine","Get Used To It","Rhino Bucket",1992,217973,27,false,,2022-01-05T10:23:54Z,"glam metal,hard rock","Rhino/Warner Records",0.619,0.795,6,-7.244,1,0.0439,0.00435,0.19,0.0615,0.762,118.758,4
spotify:track:15w5aIdsuJ87a1ocdSwZhA,"Ride the Rhino","Rhino Bucket","Rhino Bucket",1990,174200,13,false,,2022-01-05T10:23:21Z,"glam metal,hard rock","Rhino/Warner Records",0.559,0.862,8,-9.687,1,0.0365,0.000183,0.928,0.184,0.795,119.845,4
spotify:track:0dSGtf2qprfk93QUWNUX85,"Inside / Outside","Rhino Bucket","Rhino Bucket",1990,219373,12,false,,2022-01-05T10:23:19Z,"glam metal,hard rock","Rhino/Warner Records",0.62,0.561,1,-10.838,1,0.0395,0.000554,0.88,0.183,0.658,136.218,4
spotify:track:0YqkNfc3w8unqAdfZfKCMn,"I'd Rather Go Insane","Rhino Bucket","Rhino Bucket",1990,205026,13,false,,2022-01-05T10:23:15Z,"glam metal,hard rock","Rhino/Warner Records",0.536,0.64,8,-10.324,1,0.0449,0.000311,0.841,0.0708,0.89,152.321,4
spotify:track:5rKr6FXgjqTzvAaFsA5wve,"Shot Down","Rhino Bucket","Rhino Bucket",1990,266733,22,false,,2022-01-05T10:23:10Z,"glam metal,hard rock","Rhino/Warner Records",0.707,0.517,11,-11.155,1,0.0407,0.000492,0.88,0.0744,0.682,122.671,4
spotify:track:1xXwMvTFqg5k2n0tbsqq38,"Blood on the Cross","Rhino Bucket","Rhino Bucket",1990,234040,15,false,,2022-01-05T10:23:05Z,"glam metal,hard rock","Rhino/Warner Records",0.674,0.515,3,-11.848,0,0.0366,0.000976,0.0701,0.262,0.43,124.98,4
spotify:track:47Fp4vMHzBRKRx444B0q5O,"Even the Sun Goes Down","Rhino Bucket","Rhino Bucket",1990,239040,19,false,,2022-01-05T10:22:58Z,"glam metal,hard rock","Rhino/Warner Records",0.581,0.602,1,-9.901,1,0.0285,0.00132,0.759,0.0362,0.701,127.46,4
spotify:track:1MCN3gdjsty9X4zxMXz3ox,"Going Down Tonight","Rhino Bucket","Rhino Bucket",1990,244600,18,true,,2022-01-05T10:22:54Z,"glam metal,hard rock","Rhino/Warner Records",0.626,0.724,1,-9.457,1,0.0318,0.000446,0.895,0.0801,0.384,139.34,4
spotify:track:08jcVCjJY6qUkVdGy3nWUM,"Train Ride","Rhino Bucket","Rhino Bucket",1990,255573,21,false,,2022-01-05T10:22:45Z,"glam metal,hard rock","Rhino/Warner Records",0.525,0.669,8,-9.682,1,0.0317,0.000445,0.872,0.0801,0.286,134.057,4
spotify:track:4hntEI5xUq8sIw3Th3bIWh,"Beg for Your Love","Rhino Bucket","Rhino Bucket",1990,271626,25,false,,2022-01-05T10:22:27Z,"glam metal,hard rock","Rhino/Warner Records",0.476,0.833,1,-9.509,1,0.0379,0.0000508,0.788,0.0765,0.716,147.686,4
spotify:track:3B9QM8I6FcbX4mMXWby99N,"One Night Stand","Rhino Bucket","Rhino Bucket",1990,244173,34,true,,2022-01-05T10:22:12Z,"glam metal,hard rock","Rhino/Warner Records",0.585,0.608,1,-10.391,1,0.029,0.000847,0.714,0.0488,0.455,128.06,4
spotify:track:7bQjwNX2zmMMOMrlHtCMxG,"Dangerous Ground","H.E.A.T II","H.E.A.T",2020-02-21,246826,0,false,,2022-01-03T13:42:44Z,"aor,arena rock,hard rock,glam metal,glam rock","earMUSIC",0.439,0.975,1,-3.798,1,0.13,0.000105,0.0000875,0.228,0.645,172.023,4
spotify:track:5UNfTtKQwy3QmO90HexztP,"Spielzeit","Fernes Land","Sturm Café",2021-02-24,270994,4,false,,2021-12-29T17:22:56Z,"ebm,industrial,synthpop,darkwave,cold wave","SCR",0.715,0.523,6,-12.278,1,0.0585,0.000141,0.815,0.078,0.867,106.97,4
spotify:track:2gpLkSESX2AlFay6Kb1PBM,"Fernes Land","Fernes Land","Sturm Café",2021-02-24,259207,19,false,,2021-12-29T17:13:49Z,"ebm,industrial,synthpop,darkwave,cold wave","SCR",0.572,0.793,1,-12.638,1,0.0396,0.000489,0.209,0.0853,0.481,117.013,4
spotify:track:1loeISDwkgNe9yx6A13xyE,"So Lange Es Geht","Fernes Land","Sturm Café",2021-02-24,295005,11,false,,2021-12-29T17:12:44Z,"ebm,industrial,synthpop,darkwave,cold wave","SCR",0.795,0.376,6,-11.065,0,0.136,0.0000139,0.825,0.0934,0.892,129.995,4
spotify:track:0E4rF5ziX6WfJOKV7zpsGj,"Männer Gegen Männer","Fernes Land","Sturm Café",2021-02-24,239673,15,false,,2021-12-29T17:12:09Z,"ebm,industrial,synthpop,darkwave,cold wave","SCR",0.644,0.826,11,-10.987,0,0.0604,0.0102,0.774,0.042,0.958,114.974,4
spotify:track:3KUu5X6bRwl3AetJxSobgb,"Schauspiel - Strikkland Remix","Fernes Land 1987","Sturm Café;Strikkland",2021-12-11,188152,0,false,,2021-12-29T17:09:38Z,"ebm,industrial,synthpop,darkwave,cold wave","SCR",0.788,0.919,2,-9.913,1,0.0348,0.157,0.00392,0.08,0.971,125.994,4
spotify:track:5cTcS724Ey2tbSmqxhonYV,"Fernes Land - 1987 Version","Fernes Land 1987","Sturm Café",2021-12-11,310674,2,false,,2021-12-29T17:08:17Z,"ebm,industrial,synthpop,darkwave,cold wave","SCR",0.508,0.87,8,-9.801,1,0.0388,0.00285,0.218,0.0657,0.862,116.998,4
spotify:track:1NmMe4rxlSMpPbNwU4Spui,"Schweiss, Bier Und Stahl","Born/Evolve/Progress","Sturm Café",2005-07-06,214346,1,false,,2021-12-29T17:06:36Z,"ebm,industrial,synthpop,darkwave,cold wave","Progress Productions",0.81,0.583,11,-5.488,1,0.0543,0.0129,0.069,0.0603,0.494,116.99,4
spotify:track:13VbFEZvg3etUT8vz4YIhI,"Vision 2020 Vision","Vision 2020 Vision","Die Krupps",2019-11-08,263888,23,false,,2021-12-29T17:05:58Z,"ebm,industrial,industrial metal,industrial rock,darkwave","Oblivion",0.584,0.913,1,-3.83,1,0.041,0.0663,0.0918,0.144,0.613,100.019,4
spotify:track:1lHYYQACKWzKB5nLcaTxFM,"To Jupiter And Back","To Jupiter and Back","Kebu",2020-01-03,303750,29,false,,2021-12-29T16:54:33Z,"synthwave","ZYX Music",0.535,0.802,8,-8.12,1,0.0333,0.00331,0.85,0.0842,0.495,127.967,4
spotify:track:7j2Qoj5Q5tEPDFvtUl4KRM,"Exit","Lumineux Noir","Marsheaux",2009-07-10,241467,0,false,,2021-12-29T16:52:51Z,"synthpop,ebm,electroclash","Out of Line Music",0.595,0.664,9,-8.632,1,0.0256,0.148,0.736,0.117,0.204,110.014,4
spotify:track:7AtoMmLJREWLdN30gOBRn6,"Pop Corn","Ebay Queen","Marsheaux",2004-06-01,254733,33,false,,2021-12-29T16:48:26Z,"synthpop,ebm,electroclash","Undo",0.719,0.949,2,-6.288,0,0.0345,0.004,0.857,0.0791,0.861,130.007,4
spotify:track:5VcV7rrB4UdgosnlsBXGnz,"Radiosüchtig","So Seelisch, So Schön!","Sturm Café",2005-11-02,156093,6,false,,2021-12-29T16:44:52Z,"ebm,industrial,synthpop,darkwave,cold wave","Progress Productions",0.829,0.905,7,-7.195,1,0.0783,0.191,0.000174,0.0952,0.445,103.017,4
spotify:track:0XcDRy3q0hhB9lf3xtTgSs,"Ich rette dich!","Ich rette dich!","Welle: Erdball",2014-11-14,281983,0,false,,2021-12-29T16:37:07Z,"ebm,synthpop,industrial,darkwave,neue deutsche welle","Oblivion",0.587,0.971,5,-8.697,0,0.0676,0.0433,0.0412,0.106,0.751,157.958,4
spotify:track:5v0Ax8UGcv3YrwZi1zPN68,"Totes Fleisch","Kunstprodukt","Miss Construction",2008-04-25,276160,0,false,,2021-12-29T16:36:15Z,"industrial,ebm,industrial metal,industrial rock","Out of Line Music",0.517,0.935,8,-6.209,1,0.0328,0.00356,0.563,0.084,0.332,137.004,4
spotify:track:5TR7RlJa1jCOlTaViLewTB,"To the End","Inhale","Marsheaux",2013-04-20,287760,31,false,,2021-12-29T16:31:19Z,"synthpop,ebm,electroclash","Undo",0.599,0.644,5,-5.979,0,0.0378,0.000415,0.419,0.0849,0.606,118.016,4
spotify:track:4f3clT0aqNgi9mu31VKgFF,"Manchmal","Rarities 3","Sturm Café",2020-05-03,265280,4,false,,2021-12-29T16:30:26Z,"ebm,industrial,synthpop,darkwave,cold wave","SCR",0.7,0.811,5,-7.317,1,0.0348,0.00456,0.849,0.0919,0.939,122.003,4
spotify:track:3sLU6M9BAMn1eKPNrDb7hz,"Hope (Talla 2XLC Original Mix)","Hope (Talla 2XLC Remix)","Kebu;Talla 2XLC",2021-08-20,221196,5,false,,2021-12-29T16:24:30Z,"synthwave,trance,progressive trance","ZYX Music",0.413,0.972,1,-5.54,1,0.0441,0.000511,0.933,0.0568,0.28,139.993,4
spotify:track:64JiKHXT53c5AVYzt8QWn3,"The Carpet Crawlers","Vision 2020 Vision","Die Krupps",2019-11-15,326666,5,false,,2021-12-29T16:22:39Z,"ebm,industrial,industrial metal,industrial rock,darkwave","Oblivion",0.449,0.706,2,-7.882,1,0.028,0.0519,0.00118,0.19,0.405,73.999,4
spotify:track:3AgfatEXnOIUbVF5BkCZdX,"The Whistleblowers","Spectre","Laibach",2014-03-03,211000,32,false,,2021-12-29T16:21:27Z,"industrial,ebm,neofolk,industrial metal,industrial rock,darkwave","Mute",0.535,0.766,7,-7.787,0,0.056,0.0536,0.0082,0.0792,0.447,146.987,4
spotify:track:0G7OwLjot87vN1RKxAYmNg,"Headshot","Kunstprodukt","Miss Construction",2008-04-25,300053,0,false,,2021-12-29T16:20:33Z,"industrial,ebm,industrial metal,industrial rock","Out of Line Music",0.594,0.96,1,-6.386,1,0.0481,0.000751,0.613,0.0792,0.409,134.003,4
spotify:track:6KLAZ4GwrBw1m5bksp46zt,"Die Flut - Radio Edit","60 Hits - 60 Jahre Deutschland","Joachim Witt;Heppner",2010-01-29,252226,0,false,,2021-12-29T16:16:16Z,"neue deutsche welle,schlager,german pop","Sony Music Catalog",0.671,0.687,4,-10.357,1,0.0312,0.245,0.0000425,0.486,0.782,114.979,4
spotify:track:3DbHeKxer9sWEMiwd3tOBC,"Just Another Space Odyssey","To Jupiter and Back","Kebu",2020-01-03,314500,20,false,,2021-12-29T16:09:49Z,"synthwave","ZYX Music",0.63,0.664,8,-10.808,1,0.0369,0.0516,0.878,0.109,0.368,124.004,4
spotify:track:27cBk2bDNECslgdj8JIEdV,"Rös'chen","Willkommen","Maschinist",2016-03-01,209491,19,false,,2021-12-29T16:09:33Z,"industrial metal,industrial","Maschinist",0.652,0.839,2,-5.467,1,0.0321,0.0000762,0.0246,0.088,0.419,118.045,4
spotify:track:6sP4WRAlAhRSzeHuYKN9Ws,"Zeitverbot","1000 Engel","Welle: Erdball",2016-03-18,267546,21,false,,2021-12-29T16:08:33Z,"ebm,synthpop,industrial,darkwave,neue deutsche welle","Oblivion",0.719,0.966,0,-7.475,0,0.0439,0.0735,0.00226,0.19,0.706,142.972,4
spotify:track:3rmyXkpJ09bWdd7D5LOrhA,"Tanz Mit Laibach","Wat","Laibach",2000,258720,33,false,,2021-12-29T16:08:02Z,"industrial,ebm,neofolk,industrial metal,industrial rock,darkwave","Mute",0.783,0.872,9,-5.439,0,0.116,0.0671,0.0108,0.2,0.477,125.979,4
spotify:track:5Q3qJECYqYs2ROryex8ZFi,"Blut","F & M (Deluxe)","Lindemann",2019-11-22,242773,52,false,,2021-12-29T16:07:47Z,"industrial metal,industrial,industrial rock","Vertigo Berlin",0.485,0.813,4,-7.24,0,0.0287,0.000204,0.000396,0.0744,0.239,85.006,4
spotify:track:3czIkkqGPZXKrGo91SmpNZ,"Die Zombiejäger","So Seelisch, So Schön!","Sturm Café",2005-11-02,159053,5,false,,2021-12-29T16:06:59Z,"ebm,industrial,synthpop,darkwave,cold wave","Progress Productions",0.786,0.707,2,-9.421,1,0.0827,0.175,0.811,0.105,0.556,129.99,4
spotify:track:2gGAcBrxqnNaHzLTi8cuNB,"The Ladder","Endings and Beginnings","Red Cell",2016-12-09,253826,11,false,,2021-12-29T16:06:50Z,"ebm,synthpop,industrial,darkwave","Progress Productions",0.544,0.78,5,-10.001,1,0.0331,0.0503,0.0307,0.279,0.402,110.022,4
spotify:track:7Fb91RaxUUX9Bncs4LAXAa,"The Machineries Of Joy - Live","Industrial Machine Musick","Die Krupps",1999-07-13,377794,19,false,,2021-12-29T16:05:25Z,"ebm,industrial,industrial metal,industrial rock,darkwave","Cleopatra Records",0.653,0.868,4,-5.703,1,0.0501,0.257,0.0987,0.35,0.757,130.416,4
spotify:track:2XZV0HIL02QJqFMVFJ1SmH,"Purge","Mechanical Soul","Front Line Assembly",2021-01-15,323120,10,false,,2021-12-29T16:05:14Z,"industrial,ebm,industrial metal,industrial rock,darkwave","Metropolis Records",0.543,0.671,1,-9.566,1,0.0293,0.00725,0.0253,0.166,0.0593,110.007,4
spotify:track:04YObtYkElo3sNcr9hUe1w,"Eyes Without a Face","E-Bay Queen Is Dead","Marsheaux",2012-05-01,286120,43,false,,2021-12-29T16:04:21Z,"synthpop,ebm,electroclash","Undo",0.612,0.562,0,-10.232,1,0.0637,0.105,0.3,0.0588,0.576,87.993,4
spotify:track:6rEUpTt44h9DwL3hjkfPBt,"Liebe macht blind","Schönheit","Maschinist",2019-11-28,194029,10,false,,2021-12-29T16:00:06Z,"industrial metal,industrial","recordJet",0.502,0.961,6,-4.131,0,0.0537,0.0000189,0.709,0.877,0.66,134.015,4
spotify:track:007eiRRWnWonHPfWbh5VGh,"Too Much Talk","Pain & Suffering","Rhino Bucket;Simon Wright",2006,276333,7,false,,2021-12-17T12:39:36Z,"glam metal,hard rock,christmas","Acetate Records",0.508,0.952,1,-4.073,1,0.0812,0.00274,0.0735,0.232,0.562,139.371,4
spotify:track:1PkwS3KJ3zvHdVgHp5NIHk,"I Stand Before You","Pain & Suffering","Rhino Bucket;Simon Wright",2006,374933,7,false,,2021-12-17T12:37:48Z,"glam metal,hard rock,christmas","Acetate Records",0.498,0.898,10,-3.869,0,0.0742,0.00658,0.665,0.325,0.622,123.031,4
spotify:track:7fIPeBInMqcd06U5DD9PQy,"Pain","Pain & Suffering","Rhino Bucket;Simon Wright",2006,274426,9,false,,2021-12-17T12:37:37Z,"glam metal,hard rock,christmas","Acetate Records",0.397,0.762,1,-3.141,1,0.0462,0.118,0.00313,0.0921,0.723,140.833,4
spotify:track:01lvRtFPB51Sa3EzXKbH79,"I Was Told - Orig. Version","Pain & Suffering","Rhino Bucket;Simon Wright",2006,227600,29,false,,2021-12-17T12:37:16Z,"glam metal,hard rock,christmas","Acetate Records",0.609,0.928,1,-3.074,1,0.0391,0.00958,0.382,0.114,0.605,131.127,4
spotify:track:47TZc4LrWubVM6WgWMSz08,"She's A Screamer - Live","No Song Left Behind","Rhino Bucket",2006,375893,3,false,,2021-12-16T17:04:37Z,"glam metal,hard rock","Acetate Records",0.548,0.904,8,-6.339,1,0.0676,0.137,0.137,0.869,0.659,139.053,4
spotify:track:3OfwuRZhxCzzPjLHkZd8eh,"Beat To Death Like A Dog - Live","No Song Left Behind","Rhino Bucket",2006,292106,6,false,,2021-12-16T12:59:47Z,"glam metal,hard rock","Acetate Records",0.316,0.933,1,-5.334,1,0.055,0.172,0.709,0.697,0.416,149.633,4
spotify:track:7Bx7fEQT92YoQeQQyO6rAt,"One Night Stand - Live","No Song Left Behind","Rhino Bucket",2006,258600,2,false,,2021-12-16T12:48:21Z,"glam metal,hard rock","Acetate Records",0.417,0.94,1,-3.927,1,0.0411,0.0754,0.000377,0.824,0.322,131.288,3
spotify:track:3Yganeyte6pLAd5lUNz6mi,"Nothin' To Lose","No Song Left Behind","Rhino Bucket",2006,238866,13,false,,2021-12-16T12:43:25Z,"glam metal,hard rock","Acetate Records",0.45,0.934,8,-3.255,1,0.042,0.0062,0.1,0.0919,0.599,171.164,4
spotify:track:1fSfEDgAae3l99DiM1KPHh,"Been There, Done That","No Song Left Behind","Rhino Bucket",2006,294800,11,false,,2021-12-16T12:42:57Z,"glam metal,hard rock","Acetate Records",0.632,0.91,8,-3.983,1,0.0408,0.0284,0.0344,0.112,0.381,110.296,4
spotify:track:6pFUwBiaMohXsx2NFL55vN,"Sights Too High","No Song Left Behind","Rhino Bucket",2006,248626,11,false,,2021-12-16T12:38:19Z,"glam metal,hard rock","Acetate Records",0.394,0.981,1,-3.791,1,0.0917,0.0118,0.118,0.071,0.146,160.94,4
spotify:track:52lOxcQq1cQYPeHAucCONP,"I Was Told - Acoustic","And Then It Got Ugly","Rhino Bucket",2006-04-18,234400,5,false,,2021-12-16T12:02:50Z,"glam metal,hard rock","Acetate Records",0.669,0.662,1,-5.408,1,0.0296,0.63,0.00000145,0.101,0.484,131.365,4
spotify:track:2x5y8cA4Fd3t26jOMMriMI,"She Rides","And Then It Got Ugly","Rhino Bucket",2006-04-18,252840,9,false,,2021-12-16T12:00:32Z,"glam metal,hard rock","Acetate Records",0.351,0.9,8,-4.107,1,0.0479,0.0000784,0.0302,0.254,0.811,157.434,4
spotify:track:6d3EUALdzohz7ra1R3CfNn,"Word","And Then It Got Ugly","Rhino Bucket",2006-04-18,292333,3,false,,2021-12-16T11:57:21Z,"glam metal,hard rock","Acetate Records",0.546,0.698,8,-4.418,1,0.0356,0.00235,0.0233,0.0915,0.544,108.745,4
spotify:track:6FXHkVUTCZ85aerdfr98Hd,"Smile","And Then It Got Ugly","Rhino Bucket",2006-04-18,212640,10,false,,2021-12-16T11:56:11Z,"glam metal,hard rock","Acetate Records",0.326,0.932,10,-3.399,0,0.107,0.0000987,0.00795,0.0973,0.627,162.507,4
spotify:track:59GoTVkhQLmbXzOmRnqHze,"Monkey Boy Highway","And Then It Got Ugly","Rhino Bucket",2006-04-18,190866,13,false,,2021-12-16T11:55:04Z,"glam metal,hard rock","Acetate Records",0.587,0.801,8,-4.108,1,0.0513,0.146,0.00000371,0.152,0.614,124.73,4
spotify:track:5yNsjfPZOqr5Przk07CAM3,"Don't Bring Her Down","And Then It Got Ugly","Rhino Bucket",2006-04-18,180960,17,false,,2021-12-16T11:51:38Z,"glam metal,hard rock","Acetate Records",0.34,0.814,8,-4.012,1,0.0504,0.00183,0.00127,0.086,0.653,166.612,4
spotify:track:3gNhKgq5ZIVfPkRN5qSjhU,"Welcome To Hell","And Then It Got Ugly","Rhino Bucket",2006-04-18,250760,18,false,,2021-12-16T11:40:44Z,"glam metal,hard rock","Acetate Records",0.544,0.784,2,-4.818,1,0.0321,0.000795,0.453,0.209,0.464,147.108,4
spotify:track:4aqn1b78CO0E6WKYqkl5ws,"Dog Don't Bite","The Hardest Town","Rhino Bucket",2009-05-05,337306,10,true,,2021-12-10T16:57:03Z,"glam metal,hard rock","Acetate Records",0.65,0.916,1,-3.966,1,0.0365,0.0188,0.00655,0.0619,0.409,115.046,4
spotify:track:2TwhhBqEOpGepaSkEUsVkI,"Everything You Do","The Last Real Rock N' Roll","Rhino Bucket",2017-04-21,195344,15,false,,2021-12-10T12:12:04Z,"glam metal,hard rock","Acetate Records",0.545,0.716,1,-4.916,1,0.0349,0.000289,0.000493,0.0519,0.553,146.027,4
spotify:track:0k36f7PJn54BQGZPPdDvKS,"Devil's Child","No Guts. No Glory (Special Edition)","Airbourne",2010,132666,0,false,,2021-12-10T08:52:40Z,"hard rock","Roadrunner Records",0.482,0.954,1,-4.03,1,0.244,0.000536,0.0105,0.286,0.626,157.941,4
spotify:track:60sRoGxj6QTc8Eozf9neF6,"Kickin' It Old School","No Guts. No Glory (Special Edition)","Airbourne",2010,157813,0,false,,2021-12-10T08:52:18Z,"hard rock","Roadrunner Records",0.608,0.907,8,-2.999,1,0.105,0.00234,0.0000568,0.117,0.614,125.062,4
spotify:track:0F0UeLdUFEx8K8VNgJgXjU,"Rattle Your Bones","No Guts. No Glory (Special Edition)","Airbourne",2010,156546,0,false,,2021-12-10T08:51:53Z,"hard rock","Roadrunner Records",0.504,0.99,8,-3.678,1,0.136,0.00036,0.000926,0.0525,0.242,136.947,4
spotify:track:7a4jz7W6SluHWIAed6jJXS,"My Dynamite Will Blow You Sky High (And Get Ya Moanin' After Midnight)","No Guts. No Glory (Special Edition)","Airbourne",2010,204786,0,false,,2021-12-10T08:51:17Z,"hard rock","Roadrunner Records",0.629,0.907,8,-4.259,1,0.0565,0.0000308,0.0184,0.0253,0.796,127.069,4
spotify:track:4Wo2O4Rt6RZyVjEctlA3FP,"Loaded Gun","No Guts. No Glory (Special Edition)","Airbourne",2010,171120,0,false,,2021-12-10T08:50:36Z,"hard rock","Roadrunner Records",0.537,0.945,8,-3.095,1,0.0789,0.000207,0.000334,0.183,0.53,140.145,4
spotify:track:3njDHJJky0qb6ZvgadiLYm,"Overdrive","No Guts. No Glory (Special Edition)","Airbourne",2010,202760,0,false,,2021-12-10T08:48:23Z,"hard rock","Roadrunner Records",0.551,0.969,4,-3.097,1,0.0761,0.000057,0.129,0.18,0.62,126.969,4
spotify:track:00R1NAVo0SSruH6zU7Kaed,"Armed And Dangerous","No Guts. No Glory (Special Edition)","Airbourne",2010,252946,0,false,,2021-12-10T08:46:43Z,"hard rock","Roadrunner Records",0.288,0.985,9,-3.146,1,0.0972,0.0000498,0.0812,0.302,0.435,95.441,4
spotify:track:5FMjuBNx72shlwyyxt9W5a,"Get Busy Livin'","No Guts. No Glory (Special Edition)","Airbourne",2010,217333,0,false,,2021-12-10T08:46:21Z,"hard rock","Roadrunner Records",0.477,0.929,2,-2.751,1,0.062,0.000108,0.246,0.104,0.5,136.199,4
spotify:track:484HLew0DQZsxxW6qmDetA,"Chewin' The Fat","No Guts. No Glory (Special Edition)","Airbourne",2010,192426,0,false,,2021-12-10T08:43:54Z,"hard rock","Roadrunner Records",0.581,0.979,9,-2.405,1,0.0649,0.000115,0.00865,0.123,0.523,138.01,4
spotify:track:0zzhFVlD0kNoxndRlv4zqT,"Bottom Of The Well","No Guts. No Glory (Special Edition)","Airbourne",2010,270360,0,false,,2021-12-10T08:36:09Z,"hard rock","Roadrunner Records",0.5,0.918,4,-3.316,1,0.0606,0.00263,0.0963,0.106,0.311,119.91,4
spotify:track:10rTsUigkBvY1AZrqsQYvP,"Blonde, Bad And Beautiful","No Guts. No Glory (Special Edition)","Airbourne",2010,229240,0,false,,2021-12-10T08:33:04Z,"hard rock","Roadrunner Records",0.557,0.954,9,-2.788,1,0.0586,0.0000398,0.00291,0.0774,0.55,131.368,4
spotify:track:01IFo60oXCEZFsp5b73L3X,"No Way But The Hard Way","No Guts. No Glory (Special Edition)","Airbourne",2010,214840,0,false,,2021-12-10T08:32:02Z,"hard rock","Roadrunner Records",0.569,0.948,9,-3.216,1,0.065,0.00126,0.0378,0.0224,0.524,116.038,4
spotify:track:0PIBZFlvNmJ9FRfk73hqp8,"Born To Kill","No Guts. No Glory (Special Edition)","Airbourne",2010,219520,0,false,,2021-12-10T08:31:36Z,"hard rock","Roadrunner Records",0.292,0.998,9,-2.88,1,0.178,0.000141,0.509,0.149,0.112,166.436,4
spotify:track:2INlm221XD30Bscm4jqqN8,"Black Dog Barking","Black Dog Barking","Airbourne",2013-05-21,177706,0,false,,2021-12-10T08:29:43Z,"hard rock","Roadrunner Records",0.563,0.935,0,-4.253,1,0.126,0.000956,0.0347,0.0861,0.466,142.081,4
spotify:track:4ELplM9LUeuLyJaMEjRm9j,"Cradle To The Grave","Black Dog Barking","Airbourne",2013-05-21,202573,0,false,,2021-12-10T08:28:46Z,"hard rock","Roadrunner Records",0.492,0.959,2,-2.851,1,0.0736,0.0093,0.0169,0.178,0.389,134.763,4
spotify:track:4zUagdsiQM2EYm5ykpksyD,"Hungry","Black Dog Barking","Airbourne",2013-05-21,176640,0,false,,2021-12-10T08:26:53Z,"hard rock","Roadrunner Records",0.508,0.993,9,-3.287,0,0.151,0.000627,0.795,0.257,0.105,100.019,4
spotify:track:2NeGxU7jcIRfdzmhvpPSj6,"Woman Like That","Black Dog Barking","Airbourne",2013-05-21,194293,0,false,,2021-12-10T08:26:13Z,"hard rock","Roadrunner Records",0.602,0.976,0,-2.784,1,0.0838,0.00743,0.309,0.144,0.67,127.979,4
spotify:track:0uzqWt4sGSeyDNjlII2ck2,"Live It Up","Black Dog Barking","Airbourne",2013-05-21,265086,0,false,,2021-12-10T08:24:05Z,"hard rock","Roadrunner Records",0.369,0.919,3,-4.665,1,0.0381,0.00492,0.727,0.191,0.503,142.982,4
spotify:track:6k38cPUIrBjYNW6qsARp8I,"Firepower","Black Dog Barking","Airbourne",2013-05-21,179320,0,false,,2021-12-10T08:23:13Z,"hard rock","Roadrunner Records",0.533,0.991,9,-2.52,0,0.117,0.00062,0.751,0.207,0.361,147.01,4
spotify:track:470Fxi4c2a1oJKRNyd5dq4,"Back In The Game","Black Dog Barking","Airbourne",2013-05-21,205506,0,false,,2021-12-10T08:22:26Z,"hard rock","Roadrunner Records",0.585,0.959,0,-2.966,1,0.0682,0.00269,0.204,0.23,0.447,97.002,4
spotify:track:0ZgdAtqZZs5DC8BTc1ZItk,"No One Fits Me [Better Than You]","Black Dog Barking","Airbourne",2013-05-21,186600,0,false,,2021-12-10T08:22:08Z,"hard rock","Roadrunner Records",0.618,0.972,2,-2.358,1,0.0945,0.0275,0.0156,0.05,0.639,136.036,4
spotify:track:58l1Sv95df1iBkqOuN2tfT,"Animalize","Black Dog Barking","Airbourne",2013-05-21,183080,0,false,,2021-12-10T08:20:30Z,"hard rock","Roadrunner Records",0.618,0.959,4,-3.254,0,0.0484,0.00023,0.129,0.0852,0.518,134.027,4
spotify:track:747b34itGqeIRb3TQW3fp8,"Ready To Rock","Black Dog Barking","Airbourne",2013-05-21,324906,0,false,,2021-12-10T08:19:20Z,"hard rock","Roadrunner Records",0.185,0.995,7,-3.362,1,0.139,0.000135,0.852,0.133,0.0556,184.959,4
spotify:track:6CcPMBLok1t8jyiCFUvkTU,"You Got The Skills [To Pay The Bills]","Diamond Cuts: The B-Sides","Airbourne",2017-09-29,213666,0,false,,2021-12-10T08:03:06Z,"hard rock","Nettwerk Records",0.561,0.971,9,-4.406,1,0.0676,0.017,0.00158,0.195,0.385,120.063,4
spotify:track:5MYxBuSqPibY2IrwU2EdBZ,"Rattle Your Bones","Diamond Cuts: The B-Sides","Airbourne",2017-09-29,156546,0,false,,2021-12-10T08:00:41Z,"hard rock","Nettwerk Records",0.504,0.99,8,-3.678,1,0.136,0.00036,0.000926,0.0525,0.242,136.947,4
spotify:track:6VhhSm6a50fQw9KUXqJxzG,"Heavy Weight Lover","Diamond Cuts: The B-Sides","Airbourne",2017-09-29,205694,0,false,,2021-12-10T07:56:05Z,"hard rock","Nettwerk Records",0.502,0.907,11,-3.776,1,0.0842,0.000809,0.385,0.0698,0.525,131.986,4
spotify:track:1OLQFlO6XiLP3rEcDg2Gxr,"Live It Up","Back In the Game (The Un-Limited Release)","Airbourne",2021-01-08,265086,0,false,,2021-12-09T15:32:49Z,"hard rock","Nettwerk Records",0.369,0.92,3,-4.665,1,0.0381,0.00492,0.727,0.191,0.503,142.982,4
spotify:track:08fTB5M2uyhDkQNXIWeRW3,"Raise The Flag","Back In the Game (The Un-Limited Release)","Airbourne",2021-01-08,213146,0,false,,2021-12-09T15:30:19Z,"hard rock","Nettwerk Records",0.303,0.998,2,-2.668,1,0.0917,0.0000357,0.104,0.132,0.211,171.945,4
spotify:track:2qyKl1QuOtrh8Cqow8iMbZ,"Runnin' Wild","Back In the Game (The Un-Limited Release)","Airbourne",2021-01-08,218040,0,false,,2021-12-09T15:25:43Z,"hard rock","Nettwerk Records",0.503,0.96,10,-2.672,1,0.0626,0.0000924,0.595,0.274,0.488,162.021,4
spotify:track:2ONaOAxMPdpKZT7WaO0fc7,"Back In The Game","Back In the Game (The Un-Limited Release)","Airbourne",2021-01-08,205506,0,false,,2021-12-09T15:23:38Z,"hard rock","Nettwerk Records",0.586,0.96,0,-2.967,1,0.0691,0.00267,0.215,0.23,0.445,97.006,4
spotify:track:2pRowBbycDUyNOnoqxP3A6,"Cape Horn","Oceans of Fire","Celtica Pipes Rock!",2012,213653,33,false,,2021-11-26T13:54:37Z,"celtic rock,celtic,celtic punk,medieval metal,folk metal","Stringdependent Records",0.433,0.852,10,-9.329,0,0.0341,0.00000337,0.893,0.26,0.391,89.989,4
spotify:track:0Tzf51lglPv4qnoUzH6Ab7,"Kilt By Death","Burn","The Badpiper",2013-07-02,214280,13,false,,2021-11-26T08:39:51Z,"celtic rock,celtic,celtic punk","The Badpiper",0.195,0.951,6,-6.356,1,0.102,0.00034,0.95,0.21,0.301,187.673,4
spotify:track:3NJTljHJQJQMcLxNfDfm3t,"Excalibur","Legends and Visions","Celtica Pipes Rock!",2014-10-17,218266,21,false,,2021-11-26T08:33:40Z,"celtic rock,celtic,celtic punk,medieval metal,folk metal","Stringdependent Records",0.365,0.907,8,-4.258,0,0.0729,0.000181,0.742,0.298,0.258,93.948,4
spotify:track:5CHC30CW2Ssixwy3JrhRSo,"Sedalia","Hollands Goud","Tol & Tol",2005-12-12,206906,11,false,,2021-11-24T16:00:55Z,"nederpop,hollands,polka,indorock","CNR Entertainment BV",0.679,0.399,5,-14.321,1,0.0336,0.178,0.00679,0.0883,0.777,115.073,4
spotify:track:5WeMMlylGCVGc0ChHSysJA,"Joan Of Arc (Maid Of Orleans) - Remastered 2003","Architecture And Morality","Orchestral Manoeuvres In The Dark",1981-11-08,252053,52,false,,2021-11-24T09:47:25Z,"new wave,synthpop","EMI Marketing",0.522,0.744,8,-8.175,1,0.0371,0.027,0.682,0.0599,0.333,109.788,3
spotify:track:4Jxz1QyVPcZxFbXHbKVv1p,"Maid Of Orleans - Demo","Architecture & Morality Singles","Orchestral Manoeuvres In The Dark",2021-10-15,198786,26,false,,2021-11-24T09:22:41Z,"new wave,synthpop","UMC (Universal Music Catalogue)",0.645,0.551,2,-9.376,1,0.0344,0.00521,0.487,0.178,0.921,105.737,3
spotify:track:7ug7Kx3JJTF6rvr9sBHGMf,"Sounds Like a Melody - Special Long Version; 2019 Remaster","Forever Young (Super Deluxe Edition; 2019 Remaster)","Alphaville",1984,464506,37,false,,2021-11-24T09:07:21Z,"synthpop","WM Germany",0.652,0.859,11,-7.788,0,0.036,0.0197,0.364,0.217,0.38,97.131,4
spotify:track:6Y6eGlRvHlvU5rFnZ4OawU,"Ich Spekuliere","So Seelisch, So Schön! (2019 reissue)","Sturm Café",2019-01-25,186706,7,false,,2021-11-23T11:08:55Z,"ebm,industrial,synthpop,darkwave,cold wave","Record Union",0.732,0.721,1,-8.081,1,0.0704,0.00716,0.6,0.123,0.933,156.979,4
spotify:track:45rMSuzaYUDX7GaFrc8XaF,"Europa","Europa!","Sturm Café",2015-03-16,269215,26,false,,2021-11-19T14:34:36Z,"ebm,industrial,synthpop,darkwave,cold wave","Record Union",0.776,0.922,7,-7.337,1,0.0362,0.233,0.138,0.176,0.977,127.978,4
spotify:track:5KqldkCunQ2rWxruMEtGh0,"The Gambler","The Gambler","Kenny Rogers",1978-11-20,214880,77,false,,2021-11-17T11:20:26Z,"country,classic country","Capitol Nashville",0.668,0.501,4,-13.119,1,0.0629,0.342,0,0.194,0.858,87.086,4
spotify:track:3D9TYPbNo1nnTwE4eLKxnJ,"I Still Have Faith In You","Voyage","ABBA",2021-11-05,309160,48,false,,2021-11-16T07:45:43Z,"","Polar Music International AB",0.445,0.337,5,-8.485,1,0.0281,0.412,0.00000634,0.126,0.381,75.041,3
spotify:track:46OKHucGhjhskazqD8tKnH,"When You Danced With Me","Voyage","ABBA",2021-11-05,170333,52,false,,2021-11-16T07:45:43Z,"","Polar Music International AB",0.477,0.687,2,-6.469,1,0.0295,0.385,0.00394,0.403,0.724,88.001,4
spotify:track:1vLPyotXnRlM2EJIHK16LW,"Little Things","Voyage","ABBA",2021-11-05,188320,58,false,,2021-11-16T07:45:43Z,"","Polar Music International AB",0.647,0.165,10,-16.328,1,0.0315,0.894,0.00187,0.116,0.59,75.978,4
spotify:track:3ARUWZ4hryYXhp6X7KHcaD,"Don't Shut Me Down","Voyage","ABBA",2021-11-05,236293,56,false,,2021-11-16T07:45:43Z,"","Polar Music International AB",0.727,0.575,0,-8.247,1,0.0286,0.105,0,0.113,0.55,99.991,4
spotify:track:3ZqqHOM10rD7y3G6bxDXTv,"Just A Notion","Voyage","ABBA",2021-11-05,211933,54,false,,2021-11-16T07:45:43Z,"","Polar Music International AB",0.584,0.795,0,-5.705,1,0.0287,0.259,0.000361,0.302,0.83,131.997,4
spotify:track:2JNzo5lIfJNFXV1ttcLD7r,"I Can Be That Woman","Voyage","ABBA",2021-11-05,241893,46,false,,2021-11-16T07:45:43Z,"","Polar Music International AB",0.588,0.358,10,-11.302,1,0.0337,0.837,0,0.106,0.366,133.932,4
spotify:track:1OC16r1BdQO6hK2iqmvwXF,"Keep An Eye On Dan","Voyage","ABBA",2021-11-05,245053,50,false,,2021-11-16T07:45:43Z,"","Polar Music International AB",0.67,0.591,2,-8.385,0,0.0266,0.728,0.000484,0.134,0.407,115.977,4
spotify:track:4dmSIn2DxtfX1rySnUDamj,"Bumblebee","Voyage","ABBA",2021-11-05,237466,45,false,,2021-11-16T07:45:43Z,"","Polar Music International AB",0.455,0.271,10,-11.129,1,0.0295,0.722,0.000138,0.31,0.227,135.016,3
spotify:track:293qCzqLqTYoqAkv1gqkdR,"No Doubt About It","Voyage","ABBA",2021-11-05,176573,41,false,,2021-11-16T07:45:43Z,"","Polar Music International AB",0.615,0.707,2,-5.909,1,0.0288,0.2,0,0.0729,0.795,149.981,4
spotify:track:5OfCD9LJbl7jitYVThliKk,"Ode To Freedom","Voyage","ABBA",2021-11-05,212160,43,false,,2021-11-16T07:45:43Z,"","Polar Music International AB",0.354,0.245,4,-13.671,1,0.0288,0.879,0.734,0.107,0.213,75.041,4
spotify:track:0emZkiOfUEW2rMw2Mhim4L,"Kraftwerk (Roboterkönige)","Persona De Lo-Fi","VOITH",2017-11-20,234791,24,false,,2021-10-27T10:55:18Z,"ebm,darkwave,cold wave,synthpop","Record Union",0.616,0.647,5,-10.591,1,0.0331,0.00964,0.853,0.0984,0.748,127.985,4
spotify:track:1xibJizqahhxTyBa6C9LxE,"Latarnik","Kolory muzyki - Klincz","Klincz",2013-09-30,408093,25,false,,2021-10-19T09:29:53Z,"","MTJ",0.347,0.655,2,-8.072,0,0.0356,0.174,0.917,0.436,0.147,139.893,4
spotify:track:3w3FNdoX0K3XvfE9o3ENoj,"Symphony (feat. Yann Menge)","Symphony (feat. Yann Menge)","Alar;Korolova;Yann Menge",2021-05-21,263606,41,false,,2021-10-13T12:00:30Z,"melodic techno,indie dance,melodic house,progressive house","AFTR:HRS",0.677,0.89,5,-6.28,0,0.032,0.0000814,0.777,0.19,0.273,122.011,4
spotify:track:15oMCi8ow7oKhY39scXdAf,"Yebo! (feat. Mahlathini and the Mahotella Queens)","Below the Waste","The Art Of Noise;Mahlathini;Mahotella Queens",1989-09-04,431493,25,false,,2021-10-13T08:10:20Z,"synthpop,afropop,highlife","Rhino",0.536,0.641,2,-12.849,0,0.0548,0.382,0.403,0.0482,0.823,180.107,4
spotify:track:4ClGNWLK9vZMBtO0CpnyOE,"Land of Confusion","Ten Thousand Fists","Disturbed",2005-09-19,287066,63,false,,2021-10-12T12:35:23Z,"metal,nu metal,alternative metal,rap metal,hard rock","Reprise",0.553,0.991,8,-3.703,1,0.0925,0.0000444,0.0729,0.179,0.324,114.919,4
spotify:track:2pOk2SDsJhO7o8xtfXf1jy,"Thug - 2008 Remaster","Eliminator","ZZ Top",1983-03-23,259440,0,false,,2021-10-08T11:00:06Z,"southern rock,classic rock,blues rock,rock","Rhino/Warner Records",0.868,0.706,0,-6.849,1,0.0752,0.0322,0.519,0.24,0.643,120.15,4
spotify:track:4J9y5LprMF16xSPwxn3FLf,"Flieg mit mir","Computer Karriere","Puhdys",1995-09-25,235000,8,false,,2021-09-28T22:48:44Z,"neue deutsche welle,schlager,schlagerparty","Amiga",0.498,0.76,2,-10.838,1,0.0411,0.076,0,0.0764,0.594,186.484,4
spotify:track:4AygYVDJMaNw6nKK9WtJed,"Sehnsucht","Computer Karriere","Puhdys",1995-09-25,215066,8,false,,2021-09-28T22:47:35Z,"neue deutsche welle,schlager,schlagerparty","Amiga",0.629,0.594,7,-12.349,1,0.0251,0.00131,0.0000266,0.262,0.961,116.044,4
spotify:track:67CReRs55ETM7KztMMvifQ,"Hiroshima","Computer Karriere","Puhdys",1995-09-25,254506,23,false,,2021-09-28T22:47:27Z,"neue deutsche welle,schlager,schlagerparty","Amiga",0.482,0.298,4,-13.725,0,0.0257,0.00184,0.000655,0.178,0.244,79.628,4
spotify:track:169tYLFL8xLZNEKIHuUNfH,"Alone","Alone","Daav One",2021-03-12,186000,0,false,,2021-09-22T20:57:09Z,"","Gemstone Records",0.626,0.954,10,-5.36,0,0.0428,0.234,0.69,0.36,0.097,124.996,4
spotify:track:09rK8Qkszp54ED3OscHXZB,"Inside My Head","Illusion EP","Roumex",2021-02-01,380750,13,false,,2021-09-22T20:57:00Z,"melodic techno,melodic house,progressive house","Somatic Records",0.752,0.7,2,-8.747,1,0.0467,0.0777,0.721,0.0975,0.665,126.019,4
spotify:track:26PmDVFt92uS3WDBRw6HPp,"Roller Coaster - Jan Blomqvist Remix","Fable: The Remixes","Mako;Jan Blomqvist",2021-04-09,260280,0,false,,2021-09-22T20:56:48Z,"melodic house,melodic techno","Ultra Records",0.61,0.64,2,-9.416,0,0.0536,0.0356,0.388,0.0803,0.388,122.935,4
spotify:track:5bzpWslrM0lY2bE5lw4DLe,"Vienna - 2009 Remaster","Vienna","Ultravox",1981-01-05,279586,0,false,,2021-08-26T10:15:21Z,"synthpop,new wave","Chrysalis Records",0.532,0.581,5,-10.115,1,0.0628,0.15,0.227,0.0969,0.498,80.496,4
spotify:track:21Uy48GqBF6W19vD5aNLHk,"Double Nature","Scandinavian Strings","Scandinavian Strings;Mustasch",2010-01-01,287200,34,false,,2021-08-25T15:54:12Z,"stoner rock","Universal Music AB",0.457,0.873,2,-4.865,1,0.047,0.00000894,0.00116,0.113,0.305,126.431,4
spotify:track:5tuKngqkbVPcyxw60fNDg3,"Clansman","Full Throttle","Saor Patrol",2007,373493,30,false,,2021-08-25T11:44:20Z,"celtic rock,celtic,medieval,medieval metal","Madman",0.161,0.568,6,-10.076,0,0.0508,0.00000487,0.766,0.125,0.306,165.297,4
spotify:track:7aThZ1tGkB3iYQlZiasrSw,"The Dreadful End Of Marianna For Sorcery","Last Leaves","Malinky",2000-01-01,242920,19,false,,2021-08-25T11:43:15Z,"celtic,traditional folk,folk","Greentrax Recordings",0.62,0.409,11,-7.847,0,0.03,0.896,0,0.117,0.5,121.542,4
spotify:track:2Mk7RG81L8O3dhfaJAZDL9,"The 13 Brave","Highland Rebels & Lowland Buskers","Kilkenny Knights",2016-06-04,258037,26,false,,2021-08-25T11:31:51Z,"celtic rock,celtic punk,celtic,medieval metal,folk punk,folk rock","Kilkenny Knights",0.571,0.959,4,-5.218,0,0.0757,0.0148,0.000609,0.0698,0.672,144.51,4
spotify:track:648jNGxqGVBFfFSSWishhd,"Iridium","Another Way to Fly","The Sidh",2018-05-18,248341,50,false,,2021-08-25T11:11:23Z,"celtic,celtic rock","Artis Records",0.533,0.907,10,-5.835,0,0.0532,0.0000617,0.868,0.396,0.745,128.006,4
spotify:track:0spCLRRS6uJqQcQ0KF9u0q,"The £10 Float","The Chase","Wolfstone",1992-01-01,316466,13,false,,2021-08-25T11:01:55Z,"celtic rock,celtic,folk rock,folk","Iona Records",0.635,0.621,4,-11.212,0,0.0354,0.744,0.738,0.092,0.46,120.158,4
spotify:track:1TJG4k1Lilg05p9fix52wM,"Drunk Again","Pro Libertate","Scrum",2012-07-18,233853,34,false,,2021-08-25T10:53:27Z,"celtic punk,celtic rock,celtic,folk rock,folk punk","SCR",0.581,0.789,3,-4.988,1,0.0404,0.000816,0.0182,0.11,0.865,137.896,4
spotify:track:2KTV76dc34ZsLOoSUMNdVF,"Gillies","Not Enough Shouting","Wolfstone",2001,400813,23,false,,2021-08-25T10:32:09Z,"celtic rock,celtic,folk rock,folk","Once Bitten Records",0.26,0.744,11,-7.499,0,0.0383,0.0699,0.852,0.957,0.277,104.926,4
spotify:track:39m87lOMd5ccENPVvAT7gH,"Bismarck","Bismarck","Sabaton",2019-05-17,313984,63,false,,2021-08-25T10:17:24Z,"power metal,metal,heavy metal,symphonic metal,folk metal","Stuffed Beaver Ltd.",0.505,0.859,6,-5.546,0,0.0431,0.00346,0.0012,0.263,0.434,95.036,4
spotify:track:24HfHq5IEGPOXfHnCINwVv,"Początek światła","Po drugiej stronie światła","Marek Bilinski",2015,357493,1,false,,2021-08-20T11:01:04Z,"","Marek Biliński",0.384,0.802,0,-8.781,1,0.0449,0.000289,0.396,0.424,0.237,176.001,4
spotify:track:5FdLiZXUYq2rs4GJLFuJpd,"This Train","Blues Of Desperation","Joe Bonamassa",2016-03-25,260933,33,false,,2021-08-19T11:48:21Z,"blues,blues rock,modern blues,classic blues","J&R Adventures",0.423,0.943,0,-4.912,1,0.0321,0.0000399,0.576,0.118,0.905,183.981,4
spotify:track:1BVZbL5tYMvdoAQtRAAybs,"Last Of The Mohicans","Spirit of the Glen","Trevor Jones;The Royal Scots Dragoon Guards;Cliff Masterson;The Czech Film Orchestra",2007-01-01,326666,50,false,,2021-08-02T09:32:03Z,"soundtrack,celtic,classical crossover,opera","Decca (UMO)",0.152,0.514,0,-9.935,0,0.0353,0.00217,0.195,0.117,0.0504,135.967,4
spotify:track:13mFHw8vgUBOD5nAtS4uSa,"Shake That Bagpipe","Another Way to Fly","The Sidh",2018-05-18,228613,55,false,,2021-08-02T09:21:55Z,"celtic,celtic rock","Artis Records",0.285,0.723,10,-6.251,0,0.0383,0.0000366,0.879,0.132,0.379,138.015,4
spotify:track:74qRQ2n7gullbiNyI3cIfY,"The Gaels","Wanderings","Artesia",2012-06-01,253626,0,false,,2021-08-02T09:09:37Z,"celtic,neoclassical,medieval,neofolk,dark ambient","Prikosnovenie",0.235,0.282,0,-10.45,1,0.0315,0.903,0.891,0.193,0.268,100.121,4
spotify:track:0RV10Fcmfv9pqEbDj8gnDU,"Computer Eyes","Actual Fantasy Revisited","Ayreon",1996-10-01,436973,0,false,,2021-07-30T10:35:45Z,"progressive metal,progressive rock,symphonic metal,power metal,metal","Music Theories",0.501,0.69,4,-7.635,0,0.0314,0.00572,0.000805,0.16,0.0492,96.988,4
spotify:track:7aEtlGHoiPAfRB084NiDmx,"Beer Never Broke My Heart","What You See Is What You Get","Luke Combs",2019-11-08,186360,74,false,,2021-07-29T04:41:46Z,"country","River House Artists/Columbia Nashville",0.538,0.863,1,-4.483,1,0.0481,0.0139,0,0.0874,0.637,77.001,4
spotify:track:0rusFS05UkLT7lBQBhZuy5,"Elav The Terrible","Almost An Island","Wolfstone",2002,207266,7,false,,2021-07-29T03:31:27Z,"celtic rock,celtic,folk rock,folk","Once Bitten Records",0.459,0.926,2,-6.903,1,0.0414,0.0000136,0.0267,0.223,0.559,108.004,4
spotify:track:4f6IilgmtF4RJhQV2Lwl7U,"The Piper And The Shrew","Almost An Island","Wolfstone",2002,212426,12,false,,2021-07-29T03:25:38Z,"celtic rock,celtic,folk rock,folk","Once Bitten Records",0.554,0.779,11,-7.355,0,0.0428,0.013,0.00067,0.319,0.0788,107.988,4
spotify:track:1tj2Z70J6p0TGPYzmzTJ2S,"Cleveland Park","Unleashed","Wolfstone",1991-01-01,256160,21,false,,2021-07-28T17:55:12Z,"celtic rock,celtic,folk rock,folk","Iona Records",0.312,0.579,10,-10.97,1,0.0392,0.135,0.74,0.0966,0.533,127.969,4
spotify:track:2Hra1Yqhrn6MDgrpN4MYTI,"Hector the Hero","Unleashed","Wolfstone",1991-01-01,308266,20,false,,2021-07-28T17:22:05Z,"celtic rock,celtic,folk rock,folk","Iona Records",0.219,0.269,10,-14.773,1,0.034,0.0654,0.101,0.118,0.202,110.531,3
spotify:track:2MyY14ICdkehAoz1K6AZSg,"Torag","Outlander","Saor Patrol",2014-07-01,440048,0,false,,2021-07-28T16:58:14Z,"celtic rock,celtic,medieval,medieval metal","ARC",0.235,0.917,8,-6.177,1,0.0631,0.0000119,0.662,0.108,0.336,98.102,4
spotify:track:70adVBG0fg5HOiw9QKIedg,"Copper Tun","Battle of Kings","Saor Patrol",2018-06-22,277293,0,false,,2021-07-28T13:46:14Z,"celtic rock,celtic,medieval,medieval metal","ARC",0.266,0.862,11,-6.306,1,0.0465,0.00000398,0.0449,0.0787,0.334,160.996,4
spotify:track:6QlS6MJ5s0kJUcveTUNMuF,"The Chase","Battle of Kings","Saor Patrol",2018-06-22,273960,0,false,,2021-07-28T12:50:14Z,"celtic rock,celtic,medieval,medieval metal","ARC",0.334,0.831,3,-5.486,1,0.0526,0.000057,0.857,0.326,0.19,111.169,4
spotify:track:5DYUIpW74sJHP6LDbOGAYg,"Aftermath (Battle of the Field of Shirts)","Scottish Pipes and Drums Untamed: The Stomp","Saor Patrol",2010-02-01,281293,0,false,,2021-07-28T12:40:16Z,"celtic rock,celtic,medieval,medieval metal","ARC",0.138,0.358,3,-8.505,1,0.0339,0.0169,0,0.0926,0.0368,82.161,4
spotify:track:0l5tBxrg9L87PQgVNoNl0p,"T.F.T.","XV: 15 Year Anniversary Edition – Total Reworx, Vol. 1","Saor Patrol",2015-07-31,379400,0,false,,2021-07-28T08:54:20Z,"celtic rock,celtic,medieval,medieval metal","ARC",0.312,0.801,5,-9.408,0,0.0426,0.00000226,0.829,0.516,0.34,121.755,4
spotify:track:5S666jMcX5CDTBSc2hFQmH,"Chamalihitchin","Saor Patrol: Duncarron","Saor Patrol",2012-07-03,212400,0,false,,2021-07-28T08:38:36Z,"celtic rock,celtic,medieval,medieval metal","ARC",0.393,0.639,1,-8.76,1,0.0792,0.0000168,0.88,0.108,0.418,104.698,1
spotify:track:4zNYAaePNRHcFVv4ZER70v,"Three Wee Jigs","Saor Patrol Two Headed Dog","Saor Patrol",2012-07-03,333480,0,false,,2021-07-28T07:37:46Z,"celtic rock,celtic,medieval,medieval metal","ARC",0.288,0.927,10,-4.84,0,0.0955,0.00000315,0.935,0.143,0.163,126.189,4
spotify:track:0024tEymsoc9FyKUauQngQ,"To the Unknown Man","Spiral","Vangelis",1977,546106,41,false,,2021-07-27T06:55:34Z,"new age","Windham Hill Records",0.305,0.234,1,-18.255,1,0.0259,0.752,0.929,0.132,0.078,82.453,3
spotify:track:2R4siHns6J5KWkdvEKAP74,"Gerdundula","Dog of Two Head","Status Quo",1971-11-01,229133,0,false,,2021-07-26T14:55:50Z,"glam rock,blues rock","Castle Communications",0.535,0.58,7,-11.347,1,0.0311,0.751,0.653,0.128,0.728,86.859,4
spotify:track:4bQNusmmVudLxIiexglzh6,"Orinoco Flow - 2009 Remaster","Watermark (2009 Remaster)","Enya",1988-09-05,266200,69,false,,2021-07-23T22:24:16Z,"new age,celtic","WM UK",0.692,0.466,0,-10.741,1,0.0292,0.743,0.109,0.1,0.561,114.999,4
spotify:track:4yqtwO7MQIIXqoiRBPHAgR,"Money for Nothing","Brothers in Arms","Dire Straits",1985-05-13,506400,69,false,,2021-07-23T16:34:17Z,"classic rock","Warner Records",0.667,0.655,2,-9.339,0,0.0367,0.0491,0.000894,0.0641,0.657,134.212,4
spotify:track:4VmmNHz5nigftA0B3GR0M5,"Japanese Boy","Aneka","Aneka",1981,237988,53,false,,2021-07-22T06:33:56Z,"italo disco","Holyrood",0.704,0.789,2,-4.909,1,0.0466,0.026,0.169,0.144,0.534,120.587,4
spotify:track:1QJxCwd1WqderUeSsvllft,"Sounds Like A Melody","Forever Young","Alphaville",1984-09-27,285360,0,false,,2021-07-22T05:48:30Z,"synthpop","Atlantic Records",0.701,0.745,11,-9.439,0,0.0362,0.0489,0.309,0.138,0.498,97.069,4
spotify:track:4jBHJDHmet3Ms00S1ouWL9,"Even in the Shadows","Dark Sky Island","Enya",2015-11-20,254240,54,false,,2021-07-21T14:30:20Z,"new age,celtic","Warner Records",0.535,0.34,2,-13.135,1,0.0244,0.837,0.978,0.115,0.262,95.891,4
spotify:track:1wpiJznxsgVPfWS8Qepxcj,"King for a Day","Bringer of Pain","Battle Beast",2017-02-17,273520,0,false,,2021-07-21T13:40:24Z,"power metal,symphonic metal,metal,heavy metal","Nuclear Blast Records",0.608,0.922,6,-5.524,0,0.0501,0.00112,0.000212,0.312,0.78,104.99,4
spotify:track:5xUzFaz5909keCT05TO9PP,"Kova maa","Jääkö meistä jälkeäkään","Varjola",2021-07-16,270000,0,false,,2021-07-21T07:55:35Z,"finnish rock,finnish pop","2115563 Records DK2",0.4,0.811,0,-5.759,0,0.0349,0.0243,0.000109,0.113,0.184,85.036,4
spotify:track:2Xxql6V5OXwWXpeGMTI6xZ,"The Hellion / Electric Eye - Live at The Summit, Houston, 1986","The Hellion / Electric Eye (Live at The Summit, Houston, 1986)","Judas Priest",2021-07-15,256799,0,false,,2021-07-21T07:47:36Z,"heavy metal,metal,hard rock,glam metal","Sony Music CG",0.318,0.958,9,-8.228,1,0.0635,0.000154,0.491,0.751,0.288,101.131,4
spotify:track:2tbuhUjqkeF2RVORPaa2UJ,"Pražskej démon","Best Off","Vítkovo kvarteto",2008-09-01,313213,40,false,,2021-07-21T07:13:08Z,"big beat","Master Music",0.578,0.348,1,-12.461,0,0.0381,0.549,0.0173,0.347,0.0398,124.981,4
spotify:track:72CmDpJ0xhBitFCMC7SpRN,"The Ghost of Tom Joad - Live in Anaheim, CA with Tom Morello - April 2008","Magic Tour Highlights","Bruce Springsteen",2008-07-15,519826,38,false,,2021-07-21T07:04:17Z,"","Columbia",0.344,0.921,4,-4.801,0,0.128,0.26,0.0000782,0.955,0.171,80.664,4
spotify:track:6DFsDo5u8ljULrzaPSRO51,"Plunderstruck","Burn","The Badpiper",2013-07-02,119280,30,false,,2021-07-21T06:50:41Z,"celtic rock,celtic,celtic punk","The Badpiper",0.449,0.923,3,-9.281,1,0.0624,0.00288,0.956,0.107,0.376,133.444,4
spotify:track:7BujMCC8IhoBorzOgBnj88,"Why Aye Man","The Ragpicker's Dream","Mark Knopfler",2002-09-30,372480,45,false,,2021-07-21T06:36:17Z,"soft rock","EMI",0.681,0.484,2,-10.84,0,0.0259,0.364,0.022,0.165,0.232,111.08,4
spotify:track:0Yv9MDrnTWI2LjvTMCS0i2,"Hypocrisy","Nordic Union","Nordic Union",2016-01-29,224680,31,false,,2021-07-21T03:49:05Z,"arena rock,aor,hard rock,power metal","Frontiers Music s.r.l",0.58,0.954,0,-4.156,0,0.0485,0.000281,0.383,0.175,0.325,122.994,4
spotify:track:2uvZT4ChQ6fIeFtvZPiJmb,"Nälkämaan laulu","Juuret","Vesku Jokinen;Sundin Pojat",2012-04-25,180106,26,false,,2021-07-21T03:31:42Z,"finnish rock,finnish pop,iskelmä","RCA Records Label",0.387,0.76,4,-4.91,0,0.0628,0.0128,0,0.185,0.71,149.143,4
spotify:track:1ZmEfcFeKpZIMhI69pvaTT,"In Taberna","Tavernakel","Saltatio Mortis",2003-01-01,142866,0,false,,2021-07-20T16:38:37Z,"medieval metal,medieval,folk metal,folk rock","Napalm Records",0.311,0.857,9,-6.666,0,0.159,0.000245,0.00182,0.415,0.607,180.092,4
spotify:track:7FcaH0RRGsFNHu4CwskGLU,"Carmina Celtica","Steamphonia","Celtica Pipes Rock!",2016-07-15,292266,14,false,,2021-07-20T16:27:46Z,"celtic rock,celtic,celtic punk,medieval metal,folk metal","Stringdependent Records",0.161,0.781,1,-4.242,0,0.055,0.000205,0.75,0.0967,0.115,175.832,4
spotify:track:2RBe77OrVmNXrSieXLurYU,"Harbour In The Sky","Steamphonia","Celtica Pipes Rock!",2016-07-15,304520,14,false,,2021-07-20T16:23:52Z,"celtic rock,celtic,celtic punk,medieval metal,folk metal","Stringdependent Records",0.435,0.861,1,-3.822,0,0.0343,0.00057,0.947,0.112,0.305,101.966,4
spotify:track:67fmD7CEBQKwuRQgEcjVrQ,"Shipping up to Boston / Enter Sandman","Shipping up to Boston / Enter Sandman","Goddesses of Bagpipes",2018-03-13,199796,40,false,,2021-07-20T08:23:40Z,"celtic rock,celtic","Goddesses of Bagpipes",0.202,0.872,5,-3.847,1,0.0685,0.0000125,0.904,0.233,0.538,124.801,4
spotify:track:3VpwD6kDNfI4DxKoq5lfA0,"N.i_T-R_(O)","Nitro","The Sidh",2014-10-28,268986,43,false,,2021-07-20T07:27:32Z,"celtic,celtic rock","Artis Records",0.503,0.746,0,-8.576,0,0.0744,0.00121,0.738,0.11,0.533,128.007,4
spotify:track:3Ou03rTJ7aLDoZNdZCc4ZG,"Ye Jacobites by Name","Jacobite","Highland Reign",2018-10-01,204546,8,false,,2021-07-20T07:16:10Z,"celtic rock,celtic,celtic punk","Piper Records",0.608,0.898,1,-4.532,0,0.0322,0.0918,0,0.0766,0.844,134.186,4
spotify:track:5jIf3zhFhmNFSsMNJRZbkS,"Ötzi","Moonshine","Prima Nocta",2013-06-03,283346,30,false,,2021-07-20T07:10:51Z,"celtic,medieval,folk metal,celtic rock","Prima Nocta",0.464,0.941,9,-4.346,0,0.117,0.000022,0.00000338,0.319,0.227,140.044,4
spotify:track:2vcGznKMVQxTLulpdGvumu,"Shai Shai - Siberia","Shai Shai (Siberia)","Korpiklaani;Nytt Land",2020-06-12,185619,26,false,,2021-07-20T07:06:26Z,"folk metal,power metal,metal,medieval metal,folk,neofolk,celtic,ambient folk,medieval","Nuclear Blast",0.522,0.655,9,-8.283,0,0.0895,0.00982,0.00527,0.227,0.361,170.172,4
spotify:track:4tISc0iuNRBfwDsnPsbsxP,"Hummingbird","Midnight Sun","The Gothard Sisters",2018-05-04,208186,45,false,,2021-07-20T07:01:25Z,"celtic","Independent",0.642,0.745,2,-8.599,1,0.0488,0.803,0.398,0.111,0.606,118.959,4
spotify:track:7IMtOhl07wzzfMdb9zPG0t,"Main Theme from the Last of the Mohicans / The Gael","Highland Cathedral","The Royal Scots Dragoon Guards",2006-01-01,238826,39,false,,2021-07-20T06:54:01Z,"celtic","Scotdisc",0.0912,0.526,0,-11.42,0,0.0427,0.00939,0.72,0.129,0.076,165.487,4
spotify:track:6QufLxhkFNaaoAfnzKFSCc,"Megawatt","Steamphonia","Celtica Pipes Rock!",2016-07-15,219026,24,false,,2021-07-20T06:46:49Z,"celtic rock,celtic,celtic punk,medieval metal,folk metal","Stringdependent Records",0.36,0.888,11,-4.572,1,0.051,0.000035,0.96,0.346,0.56,90.082,4
spotify:track:4oku8relT7Hnip5EfhPpK4,"Outlander","Outlander","Saor Patrol",2014-07-01,431200,0,false,,2021-07-20T06:38:16Z,"celtic rock,celtic,medieval,medieval metal","ARC",0.286,0.964,5,-6.361,0,0.0565,0.00000181,0.818,0.0545,0.214,130.339,4
spotify:track:71gmM0sgn722PhOFCaJr4K,"Scotland The Brave","Pride Of Scotland","The Pipes & Drums of Leanisch",2007-01-01,178813,45,false,,2021-07-20T06:30:23Z,"celtic","REL",0.158,0.831,10,-4.473,0,0.165,0.000133,0.927,0.19,0.412,180.19,4
spotify:track:0WqL7PB2Zt82xWsSGWaqUn,"Hey Joe","The Essential Popa Chubby","Popa Chubby",2010-12-14,363266,25,false,,2021-07-18T16:27:14Z,"blues rock,blues,modern blues","Blind Pig Records",0.267,0.796,7,-5.826,1,0.0498,0.086,0.197,0.936,0.492,161.967,4
spotify:track:1Uk3N1ayracgnAgw8jk7Zf,"Respect the Wind","Music From The Motion Picture Twister-The Dark Side Of Nature","Eddie Van Halen;Alex Van Halen",1996-05-07,346533,32,false,,2021-07-18T15:54:35Z,"","Warner Sunset/Warner Records",0.353,0.52,7,-9.344,0,0.0275,0.0301,0.788,0.134,0.0628,167.794,3
spotify:track:2uDqZnwjwolMLYTliZ9aBS,"Roseville Fair","Roseville Fair","Órla Fallon",2020-07-03,257022,10,false,,2021-07-03T09:46:13Z,"celtic","Green Hill Productions",0.606,0.293,0,-11.888,1,0.0299,0.841,0.0000621,0.119,0.35,127.9,4
spotify:track:7EOWJvX0OnnbY1AlJSNjsm,"The Devil's Right Hand","The Road Goes On Forever","The Highwaymen",1995,194293,45,false,,2021-07-03T07:40:23Z,"outlaw country,classic country,country","Capitol Nashville",0.602,0.826,11,-4.21,1,0.0269,0.183,0.00000129,0.372,0.668,129.134,4
spotify:track:0XhdRWx2LT4OIAy8e36TYE,"The Galway Girl","The Diamond Mountain Sessions","Sharon Shannon;Steve Earle",2000-01-01,181813,0,false,,2021-07-03T07:35:48Z,"celtic,traditional folk,alt country,outlaw country,americana,country rock","The Daisy Label",0.537,0.816,2,-4.883,1,0.0339,0.308,0,0.173,0.913,84.409,4
spotify:track:7k37IOHc7D1xlXcKjeUvo8,"The Little Beggarman","The High Kings","The High Kings",2008-01-01,174746,37,false,,2021-07-02T16:58:05Z,"celtic,sea shanties,celtic rock,celtic punk","Angel Records",0.719,0.667,7,-7.546,1,0.103,0.655,0,0.0865,0.793,100.006,4
spotify:track:6zX3HwSuoQThrabeoHJvCs,"Irish Pub Song","Irish Pub Song","The High Kings",2013-04-05,180123,58,false,,2021-07-02T14:37:42Z,"celtic,sea shanties,celtic rock,celtic punk","Celtic Collections",0.742,0.717,0,-6.48,1,0.0622,0.724,0,0.199,0.968,126.081,4
spotify:track:6dqgA3oEfZdVikFpK0gkCH,"All For Love - From ""The Three Musketeers"" Soundtrack","Anthology (set - UK)","Bryan Adams;Sting;Rod Stewart",2005-01-01,282773,0,false,,2021-07-01T11:47:09Z,"soft rock","Universal Music Group",0.46,0.548,2,-6.938,1,0.0276,0.186,0,0.0967,0.129,149.818,4
spotify:track:3QHThjKGMW7y89xIEvB0J4,"So Far Away - Full Version","Brothers In Arms","Dire Straits",1985-05-13,308800,0,false,,2021-07-01T10:42:04Z,"classic rock","EMI",0.698,0.473,4,-11.741,1,0.0283,0.244,0.211,0.063,0.694,114.453,4
spotify:track:0CzeAbfKFnxnWjwo5iYiCG,"Brothers In Arms","Brothers In Arms","Dire Straits",1985-05-13,424000,1,false,,2021-07-01T10:12:59Z,"classic rock","EMI",0.413,0.296,8,-13.904,0,0.0277,0.531,0.801,0.183,0.144,79.273,4
spotify:track:7w2L6SqEwbIk49SkxjH9MX,"Burn the Witch","Silver Spoons & Broken Bones","Stone Gods",2008-07-06,284853,26,true,,2021-07-01T09:45:04Z,"","Stone Gods",0.279,0.934,4,-4.982,1,0.0782,0.00121,0.00267,0.153,0.329,101.929,4
spotify:track:0SlVngDKKsbGjo1V0mOtG7,"More-More-More","Hardware","Billy F Gibbons",2021-06-04,182306,26,false,,2021-07-01T09:03:17Z,"blues rock,blues,modern blues","Concord Records",0.5,0.93,5,-4.056,0,0.0641,0.0108,0.00694,0.484,0.519,108.033,4
spotify:track:7srUPwuOiau3NLVfpqKrXV,"Giu la testa - Originale","Giu' la testa (Edizione speciale 35 anniversario)","Ennio Morricone",2007-01-31,256706,29,false,,2021-07-01T07:14:56Z,"soundtrack","Cinevox",0.13,0.201,0,-13.331,1,0.0321,0.804,0.344,0.0749,0.146,66,4
spotify:track:1iCbAqODmFfdXPN45ia31b,"Per un pugno di dollari - Titoli","Per un pugno di dollari (Original Motion Picture Soundtrack) [Remastered]","Ennio Morricone",2006,178173,50,false,,2021-07-01T07:08:45Z,"soundtrack","Universal Music Publishing Ricordi srl",0.439,0.464,2,-7.246,0,0.0323,0.624,0.799,0.116,0.407,114.992,4
spotify:track:0c89GbbUO3degznx9eYrq0,"Once Upon a Time in the West - Main Theme","Once Upon a Time in the West (Original Motion Picture Soundtrack) [Remastered]","Ennio Morricone",2016-08-19,223120,33,false,,2021-07-01T06:56:50Z,"soundtrack","Universal Music Publishing Ricordi srl",0.123,0.214,2,-10.946,1,0.037,0.836,0.676,0.13,0.0451,90.408,4
spotify:track:5eqZWYQ5tbIehx00NeKXz7,"The Robots - 2009 Remaster","The Man-Machine (2009 Remaster)","Kraftwerk",1978,372760,48,false,,2021-07-01T06:15:02Z,"krautrock,neue deutsche welle,synthpop,electronic,new wave,electro","Parlophone UK",0.806,0.765,2,-9.665,0,0.0583,0.0236,0.617,0.148,0.353,115.023,4
spotify:track:1MeMfXuGPbO4qWVFZ1MeAV,"Peter Gunn (feat. Duane Eddy)","In Visible Silence","The Art Of Noise;Duane Eddy",1986-04-14,228000,42,false,,2021-07-01T06:06:21Z,"synthpop,surf rock,doo-wop,rockabilly","Rhino",0.657,0.917,10,-6.586,1,0.0321,0.00921,0.832,0.201,0.879,119.899,4
spotify:track:1QSDyrDAvL0E0JklLZmqDc,"Cry Of The Celts","Michael Flatley's Lord Of The Dance","Ronan Hardiman",1996-01-01,268133,43,false,,2021-07-01T05:45:29Z,"celtic,new age","UMC (Universal Music Catalogue)",0.33,0.658,2,-12.46,1,0.0451,0.388,0.00734,0.115,0.166,124.951,4
spotify:track:4Dbhbzt4H1RUphY7ZxxUj7,"It's Never Too Loud For Me","Breakin' Outta Hell","Airbourne",2016-09-23,204184,0,false,,2021-06-30T17:56:03Z,"hard rock","Spinefarm Records UK",0.56,0.992,9,-1.949,1,0.0608,0.000981,0.636,0.0893,0.526,132.977,4
spotify:track:7qvhovft1v2d91w2tNsMjm,"Heads Are Gonna Roll","Diamond Cuts: The B-Sides","Airbourne",2017-09-29,232506,0,false,,2021-06-30T09:42:48Z,"hard rock","Nettwerk Records",0.337,0.98,11,-3.199,1,0.0807,0.00167,0.91,0.313,0.252,170.035,4
spotify:track:4XtvZqX9zj5pvPdXm5PFd7,"Burnout The Nitro","Boneshaker","Airbourne",2019-10-25,211961,0,true,,2021-06-30T09:39:47Z,"hard rock","Spinefarm Records UK",0.351,0.969,2,-4.133,1,0.116,0.00874,0.00216,0.463,0.193,166.735,4
spotify:track:4xlh1zNYkjZbXAoTPQ35y3,"Born To Kill","No Guts. No Glory","Airbourne",2010,219520,0,false,,2021-06-30T09:35:03Z,"hard rock","Roadrunner Records",0.292,0.998,9,-2.88,1,0.178,0.000141,0.509,0.149,0.112,166.436,4
spotify:track:5eoPZpUrn8zrntA78DVesa,"Firepower","Black Dog Barking (Special Edition)","Airbourne",2013-05-21,179320,0,false,,2021-06-30T09:29:32Z,"hard rock","Roadrunner Records",0.533,0.991,9,-2.52,0,0.117,0.00062,0.751,0.207,0.361,147.01,4
spotify:track:3boEXzeW4oBdAAUAWqU89o,"Rattle Your Bones","Back In the Game (The Un-Limited Release)","Airbourne",2021-01-08,156546,0,false,,2021-06-30T09:26:24Z,"hard rock","Nettwerk Records",0.503,0.99,8,-3.678,1,0.136,0.00036,0.000724,0.0525,0.243,136.945,4
spotify:track:4Uj8nBnk0tKpu2qIeLqUvZ,"Backseat Boogie","Boneshaker","Airbourne",2019-10-25,203137,0,false,,2021-06-30T09:08:24Z,"hard rock","Spinefarm Records UK",0.428,0.963,3,-3.297,1,0.123,0.0503,0.672,0.143,0.498,144.744,4
spotify:track:6d8xsCydBzk1kEGhiMdjzu,"Black Dog Barking","Black Dog Barking (Special Edition)","Airbourne",2013-05-21,177706,0,false,,2021-06-30T09:00:39Z,"hard rock","Roadrunner Records",0.563,0.935,0,-4.253,1,0.126,0.000956,0.0347,0.0861,0.466,142.081,4
spotify:track:4P7rljZxoO2qWQYUWx7gZz,"Blackjack","Runnin' Wild","Airbourne",2007-01-01,162066,0,false,,2021-06-30T08:49:30Z,"hard rock","Roadrunner Records",0.388,0.981,7,-2.489,1,0.0761,0.0000119,0.612,0.0676,0.242,185.059,5
spotify:track:6seQdTp9Vi0BE3z4DdJSAE,"It's All For Rock N' Roll","Breakin' Outta Hell","Airbourne",2016-09-23,212190,0,false,,2021-06-30T06:46:19Z,"hard rock","Spinefarm Records UK",0.513,0.957,2,-2.73,1,0.0707,0.00808,0.00703,0.149,0.509,91.003,4
spotify:track:07rw12OZzeyJMphtye0WOQ,"Stand & Deliver","Diamond Cuts: The B-Sides","Airbourne",2017-09-29,264133,0,false,,2021-06-30T06:30:18Z,"hard rock","Nettwerk Records",0.352,0.981,9,-2.95,1,0.125,0.00119,0.437,0.583,0.216,178.101,4
spotify:track:6fhpnwCBLVamyD7gkZhXjt,"Too Much, Too Young, Too Fast","Runnin' Wild","Airbourne",2007-01-01,224773,0,false,,2021-06-30T06:26:40Z,"hard rock","Roadrunner Records",0.592,0.813,9,-7.154,1,0.0465,0.0014,0.000966,0.336,0.384,114.038,4
spotify:track:6TlYefsIihGDBtk4bjwRfB,"Raise The Flag","No Guts. No Glory","Airbourne",2010,213146,0,false,,2021-06-30T06:22:58Z,"hard rock","Roadrunner Records",0.303,0.998,2,-2.668,1,0.0916,0.0000357,0.104,0.132,0.211,171.939,4
spotify:track:1wXuogT7bvqnhuWzDBNOdV,"Runnin' Wild","Runnin' Wild","Airbourne",2007-01-01,218040,2,false,,2021-06-30T06:10:56Z,"hard rock","Roadrunner Records",0.503,0.96,10,-2.672,1,0.0626,0.0000925,0.578,0.274,0.489,162.022,4
spotify:track:3hdGhuRYBMznmtJwlSQeBz,"Night On Fire","Night On Fire","Reckless Love",2013-01-01,196626,38,false,,2021-06-30T06:06:56Z,"glam metal,glam rock,aor,finnish rock,arena rock","Universal Music Oy",0.519,0.858,10,-4.622,0,0.0437,0.00224,0,0.34,0.644,104.939,4
spotify:track:3hfgxj1PpTUUdgU0P8Nt7e,"Down from the Mountain","The Great Divide","Allen Lande",2014-10-17,246295,39,false,,2021-06-30T05:54:59Z,"power metal,progressive metal,arena rock,aor,symphonic metal","Frontiers Records",0.374,0.982,9,-3.748,0,0.0757,0.000475,0.0586,0.254,0.338,179.86,4
spotify:track:6HNruFQlzQx4ulL4ppRLYI,"The Pretender","Greatest Hits","Foo Fighters",2009-11-03,267360,53,false,,2021-06-29T16:19:06Z,"rock,post-grunge,alternative rock,grunge","RCA Records Label",0.43,0.955,9,-4.767,1,0.0424,0.000807,0,0.044,0.366,172.975,4
spotify:track:75zVpdjXwmy6SLr2hDnJYo,"Bad Case Of Loving You (Doctor, Doctor)","Secrets","Robert Palmer",1979-01-15,192440,0,false,,2021-06-29T16:03:57Z,"yacht rock","Island Records",0.677,0.748,4,-12.328,1,0.038,0.00701,0.0000399,0.093,0.746,146.03,4
spotify:track:7FRfYOql61DGDp9VPPe2qA,"Down In A Hole (2022 Remaster)","Dirt (2022 Remaster)","Alice In Chains",1992-09-29,338226,72,false,,2021-06-29T15:36:49Z,"grunge,post-grunge","Columbia",0.356,0.818,6,-5.343,1,0.0335,0.0122,0.000118,0.123,0.389,97.528,4
spotify:track:6iin2Jkujp2UbOHHJqWC0W,"Boléro","Tomita's Greatest Hits","Maurice Ravel;Isao Tomita",1986-11-18,558693,26,false,,2021-06-28T14:39:37Z,"impressionism,classical,classical piano,neoclassical,electronic classical,new age,space music","BMG Music",0.307,0.164,0,-23.146,1,0.0398,0.0232,0.913,0.0633,0.0937,144.496,3
spotify:track:5cjCeXnZDaljutam2gnm4m,"Oxygene, Pt. 12","Oxygene Trilogy","Jean-Michel Jarre",2016-12-02,340750,30,false,,2021-06-28T10:34:18Z,"new age,electronic,space music","Sony Music Catalog",0.514,0.972,0,-6.608,0,0.0518,0.03,0.809,0.572,0.273,140.024,4
spotify:track:37EMTlg8KIQRED2lsxuNhj,"Epiphany","Mammoth WVH","Mammoth",2021-06-11,268921,0,false,,2021-06-28T09:17:26Z,"","EX1 Records",0.439,0.894,6,-4.973,0,0.0894,0.0000529,0.0147,0.115,0.44,165.087,4
spotify:track:5krt6T7C0ZKxEzqWtcdxPG,"Holmgång - Svitjod Edition","Holmgång","Hulkoff",2021-05-28,211386,14,false,,2021-06-28T08:46:02Z,"folk metal,power metal","Faravid Recordings",0.575,0.982,8,-5.037,1,0.117,0.00463,0.000424,0.102,0.364,120.006,4
spotify:track:3TonaQwJRjWumOCTTelEkh,"Sane - Radio Edit","Sane","Fozzy",2021-05-28,230939,18,false,,2021-06-28T08:43:46Z,"","Another Century",0.391,0.887,10,-3.93,0,0.0496,0.000012,0.00000735,0.271,0.653,93.681,4
spotify:track:7b1i92NJbwa8RwlxiSBsuc,"Shot-A-Blängare","Shot-A-Blängare","Sungen",2021-06-11,197744,19,false,,2021-06-28T08:02:44Z,"epadunk","Tallcan Records",0.602,0.822,1,-6.143,0,0.0327,0.00102,0,0.24,0.353,132.971,4
spotify:track:09ORSynamyltVPUrxJzxkZ,"Long Stick Goes Boom","One Vice At A Time","Krokus",1982-05-23,312760,38,false,,2021-06-25T20:08:22Z,"glam metal,hard rock,heavy metal,glam rock","Arista",0.442,0.744,2,-10.347,1,0.0574,0.00138,0.651,0.166,0.244,128.002,4
spotify:track:0C80GCp0mMuBzLf3EAXqxv,"Shoot to Thrill","Back In Black","AC/DC",1980-07-25,318231,76,false,,2021-06-23T09:54:23Z,"rock,hard rock,classic rock,rock and roll","Columbia",0.457,0.904,2,-5.303,1,0.0747,0.000239,0.0879,0.396,0.48,141.038,4
spotify:track:28TcG73tbc4iGrGBFjiBnR,"Kings of Metal","Kings of Metal","Manowar",1988-11-01,223866,56,false,,2021-06-23T09:50:32Z,"power metal,heavy metal,metal,hard rock","Atlantic Records",0.575,0.881,9,-13.012,1,0.0357,0.000117,0.0000269,0.147,0.699,132.127,4
spotify:track:6QLspHLCLftSGPa6vNzKuo,"In The Army Now","In The Army Now","Status Quo",1986,281746,64,false,,2021-06-23T09:38:18Z,"glam rock,blues rock","UMC (Universal Music Catalogue)",0.686,0.722,9,-7.094,0,0.0233,0.101,0.00000337,0.11,0.904,104.665,4
spotify:track:2SiXAy7TuUkycRVbbWDEpo,"You Shook Me All Night Long","Back In Black","AC/DC",1980-07-25,210328,83,false,,2021-06-23T09:15:57Z,"rock,hard rock,classic rock,rock and roll","Columbia",0.532,0.767,7,-5.509,1,0.0574,0.00287,0.000513,0.39,0.755,127.361,4
spotify:track:31DvHUCSioX0JD7B4kZMJ9,"Money For Nothing","Brothers In Arms","Dire Straits",1985-05-13,510933,2,false,,2021-06-23T09:04:19Z,"classic rock","EMI",0.666,0.667,2,-9.305,0,0.0371,0.043,0.0005,0.074,0.679,134.219,4
spotify:track:6MURvcOB6jHTN5ScOkfizw,"Somebody New","Somebody New","Kickin Valentina",2020-10-30,282146,4,false,,2021-06-23T06:54:16Z,"hard rock,glam metal","Mighty Music",0.512,0.88,11,-8.003,0,0.0417,0.00000915,0.000106,0.36,0.312,131.996,4
spotify:track:1gHKcuYZvycfTQVLMw3xhS,"Hello Citizens","The Last Real Rock N' Roll","Rhino Bucket",2017-04-21,242907,25,false,,2021-06-20T15:31:53Z,"glam metal,hard rock","Acetate Records",0.655,0.826,8,-5.324,1,0.0508,0.00106,0.000212,0.0689,0.353,140.069,4
spotify:track:4lmPXQLbMpVxdSXydsZVcP,"Ashes to Ashes","Everest","Shakra",2009-06-19,231400,20,false,,2021-06-20T14:50:44Z,"arena rock,hard rock,aor","Columbia",0.436,0.832,1,-6.092,1,0.0312,0.0000366,0.355,0.238,0.233,172.018,4
spotify:track:0TpukZ7KJGyxYGFe6AgtOD,"Viva La Victoria","Viva La Victoria","Eclipse",2019-08-23,191669,41,false,,2021-06-18T10:21:28Z,"aor,arena rock,power metal,hard rock","Frontiers Records s.r.l.",0.544,0.944,4,-6.161,1,0.0522,0.00266,0.00000148,0.103,0.572,135.076,4
spotify:track:7kJWJ60v9SRrOxLzd1JhxL,"Limbo Man","Limbo Man","The Dust Coda",2020-11-20,263156,0,false,,2021-06-18T10:00:46Z,"","Earache Records Ltd",0.55,0.916,8,-4.216,1,0.103,0.000889,0.00000106,0.0669,0.706,144.95,4
spotify:track:6ZtrGCcn38kGImt2GPFbJB,"Shot In The Dark","Shot In The Dark","AC/DC",2020-10-07,185131,50,false,,2021-06-17T05:58:37Z,"rock,hard rock,classic rock,rock and roll","Columbia",0.599,0.787,2,-4.708,1,0.0338,0.0000207,0.0000527,0.064,0.822,114.065,4
spotify:track:05RgAMGypEvqhNs5hPCbMS,"Panama - 2015 Remaster","1984 (Remastered)","Van Halen",1984-01-04,210226,74,false,,2021-06-17T05:55:51Z,"glam metal,classic rock,rock,hard rock","Rhino/Warner Records",0.526,0.978,8,-5.436,1,0.108,0.00122,0.0000475,0.0744,0.451,141.167,4
spotify:track:28urem2KpSOkljclEk8X8G,"What If I Was Nothing","A War You Cannot Win","All That Remains",2012-11-06,277346,60,false,,2021-06-16T08:46:31Z,"metalcore,metal","Razor & Tie",0.436,0.772,4,-5.81,1,0.0377,0.00556,0,0.104,0.229,144.015,4
spotify:track:3cnHO8mFG1tqSNWChMI1zh,"Saturday Night (Hallelujah)","Saturday Night (Hallelujah)","Eclipse",2021-05-21,196549,25,false,,2021-06-16T08:20:19Z,"aor,arena rock,power metal,hard rock","Frontiers Records s.r.l.",0.596,0.951,9,-6.398,1,0.0545,0.00155,0,0.0353,0.649,129.967,4
spotify:track:6NUaqFtDdKj4YUZQRhSJzj,"Dead Words","1986","Val Santos;Felipe Machado;Leandro Caçoilo",2021-05-28,318800,0,false,,2021-06-16T08:09:42Z,"brazilian rock","Wikimetal",0.59,0.8,8,-6.166,1,0.0334,0.0000435,0.0125,0.278,0.353,110.001,4
spotify:track:1Z2Geql5z5rE6q6yAd3AHI,"Every Heart Is Burning","Every Heart Is Burning","Dirkschneider & The Old Gang;U.D.O.",2021-05-28,330800,0,false,,2021-06-16T08:07:48Z,"heavy metal,norsk rock,metal,power metal,speed metal","AFM Records",0.577,0.837,4,-4.591,0,0.0285,0.000347,0.00255,0.136,0.596,129.933,4
spotify:track:4Ri5DZQb98Ho6SbRuDvB4b,"My Lucky Card","Hardware","Billy F Gibbons",2021-06-04,153760,39,false,,2021-06-16T08:01:32Z,"blues rock,blues,modern blues","Concord Records",0.527,0.896,7,-4.552,1,0.0346,0.00772,0.000245,0.587,0.547,88.064,4
spotify:track:3H0Q8JvXQ77aSiC2g90GLC,"UYAVY","UYAVY","ONUKA;DakhaBrakha",2021-06-04,320714,17,false,,2021-06-16T07:59:57Z,"","VIDLIK",0.702,0.639,0,-6.169,1,0.0426,0.146,0.33,0.0454,0.0507,119.968,4
spotify:track:6r8n6KSc83rBDn6bEViox0,"10 Times Bigger Than Love","X, Yeah! & Songs From The Sparkle Lounge: Rarities From The Vault","Def Leppard",2021-06-11,237466,13,false,,2021-06-16T07:57:35Z,"glam metal,glam rock,classic rock","UMC (Universal Music Catalogue)",0.574,0.788,7,-7.05,1,0.0357,0.00117,0,0.126,0.257,124.991,4
spotify:track:6rJp58OLLIRWaVsIZahKjF,"Mammoth","Mammoth WVH","Mammoth",2021-06-11,270380,0,false,,2021-06-16T07:54:18Z,"","EX1 Records",0.428,0.957,9,-4.439,1,0.187,0.0000125,0.00481,0.264,0.138,97.556,4
spotify:track:3klr703oglZwVMiugDTDm7,"Wait A Minute My Girl","Wait A Minute My Girl / Dagen Før","Volbeat",2021-06-02,140053,1,false,,2021-06-16T07:48:28Z,"rock,metal","Vertigo Berlin",0.409,0.936,1,-5.712,0,0.0524,0.0000698,0.00126,0.622,0.678,183.981,4
spotify:track:2yAI6FssGr5WfoqU7NSmPg,"Meteor","Meteor","Architects",2021-02-08,241034,0,false,,2021-06-11T15:49:30Z,"metalcore,djent,metal,mathcore,post-hardcore,deathcore","Epitaph",0.431,0.957,1,-3.071,0,0.106,0.000214,0.00000177,0.0718,0.263,136.108,4
spotify:track:2R6UrJ8uWbSIiHWmvRQvN8,"Whiskey In The Jar","Garage Inc.","Metallica",1998-01-01,304693,75,false,,2021-06-11T15:43:58Z,"metal,thrash metal,rock,heavy metal,hard rock","Blackened Recordings / Universal Music",0.511,0.97,10,-3.72,1,0.0414,0.0000056,0.00136,0.18,0.566,132.986,4
spotify:track:7FaCTPPQ9bINJQLT2HKpvH,"Can't Live Without You - 2015 Remaster","Blackout","Scorpions",1982-03-29,228653,0,false,,2021-06-11T06:33:09Z,"hard rock,glam metal,rock","BMG Rights Management GmbH",0.475,0.958,2,-2.177,1,0.143,0.0343,0.0000997,0.0673,0.483,151.747,4
spotify:track:0M5wW96q1hkvIlmuw131g9,"Caroline","Hello","Status Quo",1973,259413,0,false,,2021-06-10T15:40:22Z,"glam rock,blues rock","Universal Music Group",0.431,0.715,5,-6.878,1,0.0347,0.00486,0.0000128,0.185,0.822,153.344,4
spotify:track:0v0dQQ67gIYO5qUkLonbAD,"Wild Side Of Life","Accept No Substitute – The Definitive Hits","Status Quo",2015-11-20,197693,0,false,,2021-06-10T15:36:31Z,"glam rock,blues rock","UMOD (Universal Music On Demand)",0.64,0.874,10,-5.149,1,0.0271,0.151,0.0000734,0.37,0.961,141.795,4
spotify:track:2kUzt5LsTUR0ggquP7O3eN,"Whatever You Want","Whatever You Want","Status Quo",1979,243546,63,false,,2021-06-10T15:28:38Z,"glam rock,blues rock","UMC (Universal Music Catalogue)",0.56,0.705,2,-6.761,1,0.0498,0.772,0.00259,0.264,0.501,122.456,4
spotify:track:4pbxTNBsQokjsh278iJ1FH,"Gerdundula","Dog of Two Head","Status Quo",1971,229133,0,false,,2021-06-10T15:21:38Z,"glam rock,blues rock","Sanctuary",0.535,0.58,7,-11.347,1,0.0311,0.751,0.653,0.128,0.728,86.859,4
spotify:track:2oUeXNq3vYqB60LB1D219g,"Rockin' All Over The World","Rockin' All Over The World","Status Quo",1977,217453,0,false,,2021-06-10T15:17:50Z,"glam rock,blues rock","Universal Music Group",0.617,0.962,0,-5.314,1,0.0449,0.129,0.00171,0.511,0.968,131.434,4
spotify:track:6TPAhgpBvhMIDUzmDnWJmj,"In The Army Now","In The Army Now - The Collection","Status Quo",2002-01-01,281146,50,false,,2021-06-10T15:04:11Z,"glam rock,blues rock","Mercury",0.681,0.729,9,-7.571,0,0.024,0.108,0.000012,0.136,0.937,104.669,4
spotify:track:5MwaG8ONJVFFrf2gqGNRFe,"Rain","Accept No Substitute – The Definitive Hits","Status Quo",2015-11-20,275600,0,false,,2021-06-10T14:58:15Z,"glam rock,blues rock","UMOD (Universal Music On Demand)",0.527,0.812,2,-5.797,1,0.0323,0.0064,0.0000013,0.206,0.329,128.546,4
spotify:track:6Yr9YTfsGUAlGlz9lRXHVV,"Two Way Traffic","Quid Pro Quo","Status Quo",2011,240013,0,false,,2021-06-10T14:51:29Z,"glam rock,blues rock","Edsel",0.419,0.85,7,-3.52,1,0.0332,0.00342,0,0.318,0.58,169.95,4
spotify:track:0tzk7eYdvbXTiDIhU65EWO,"Down Down - Single Version","On The Level","Status Quo",1975-02-01,230200,38,false,,2021-06-10T14:46:24Z,"glam rock,blues rock","UMC (Universal Music Catalogue)",0.402,0.836,4,-7.089,1,0.0305,0.06,0.0000199,0.236,0.206,90.173,4
spotify:track:5DX5obOE0tEEerHM60BtL3,"Roll Over Lay Down","Hello","Status Quo",1973,342920,0,false,,2021-06-10T14:44:34Z,"glam rock,blues rock","Universal Music Group",0.599,0.591,2,-6.779,1,0.0454,0.00217,0.00816,0.199,0.149,126.83,4
spotify:track:2yxfioD4zeELCTLwJGGYaF,"Paper Plane","Piledriver","Status Quo",1972,180146,8,false,,2021-06-10T14:37:07Z,"glam rock,blues rock","UMC (Universal Music Catalogue)",0.429,0.842,10,-5.181,1,0.032,0.0516,0,0.167,0.93,160.406,4
spotify:track:5bCsmyA2pjZtwNvahQxHXw,"The Wanderer","Accept No Substitute – The Definitive Hits","Status Quo",2015-11-20,208000,0,false,,2021-06-10T14:33:27Z,"glam rock,blues rock","UMOD (Universal Music On Demand)",0.603,0.793,4,-3.6,1,0.0333,0.208,0.00000891,0.11,0.835,124.769,4
spotify:track:3nhpHXLDOjNDPeE8sxYq2g,"What You're Proposing","Just Supposin'","Status Quo",1980,258986,53,false,,2021-06-10T14:24:31Z,"glam rock,blues rock","UMC (Universal Music Catalogue)",0.468,0.756,1,-5.152,1,0.0334,0.0233,0.0000159,0.101,0.45,177.37,4
spotify:track:6FtU3dQflOPrjtOQbg5E6L,"Mystery Song - Single Edit","Accept No Substitute – The Definitive Hits","Status Quo",2015-11-20,240600,0,false,,2021-06-10T14:18:03Z,"glam rock,blues rock","UMOD (Universal Music On Demand)",0.32,0.915,2,-5.481,1,0.0379,0.153,0,0.29,0.813,181.512,4
spotify:track:04YcK17ODgJEMF8MFFIn6D,"Caroline","Accept No Substitute – The Definitive Hits","Status Quo",2015-11-20,259413,0,false,,2021-06-10T14:13:43Z,"glam rock,blues rock","UMOD (Universal Music On Demand)",0.429,0.702,5,-6.871,1,0.0341,0.00532,0.00000505,0.159,0.841,153.266,4
spotify:track:3pOMQhSSzx6IZ96kMef6i1,"Be Legendary","Pop Evil","Pop Evil",2018-02-16,203273,0,false,,2021-06-10T13:49:15Z,"","eOne Music",0.548,0.945,4,-3.126,0,0.0519,0.000054,0.0421,0.199,0.383,93.96,4
spotify:track:71i8FzLUHpO3UqMBCvW6gn,"Runaways","Runaways","Eclipse",2016-02-29,179927,41,false,,2021-06-10T13:36:17Z,"aor,arena rock,power metal,hard rock","Blowout Productions",0.565,0.95,1,-3.944,0,0.0603,0.000515,0,0.0845,0.691,142.036,4
spotify:track:7g9nkMae9kLQ8pmUhQoSbX,"Dogs Are Talking","Beyond Salvation","The Angels",1990-07-17,203066,34,false,,2021-06-10T13:26:51Z,"","Bloodlines",0.511,0.693,2,-11.926,1,0.0337,0.0119,0.0000147,0.338,0.906,166.773,4
spotify:track:5gnjaZqOaqE5GZKjby8KoT,"Electric Crown","The Ritual","Testament",1992-04-28,330226,50,false,,2021-06-10T13:26:16Z,"thrash metal,metal,speed metal,groove metal,heavy metal","Atlantic Records",0.357,0.905,1,-7.787,1,0.0523,0.00395,0.000417,0.375,0.546,81.294,4
spotify:track:4GBFEzcZgELX69s7wimIqj,"When the Devil Calls","Полицейский с Рублёвки 2 (Музыка к сериалу)","Blues Saraceno",2017-06-02,235957,0,false,,2021-06-10T13:16:49Z,"southern gothic,blues rock,country rock,country blues","ТНТ-Телесеть / Первое музыкальное Издательство",0.529,0.851,6,-7.008,1,0.0316,0.000227,0.000246,0.114,0.532,84.018,4
spotify:track:1qMGbe3UlqU9mJBBq1ziHD,"This Corrosion","A Perfect Mess","Maryslim",2007-02-21,264360,23,false,,2021-06-10T13:11:48Z,"","Wild Kingdom",0.411,0.905,7,-4.254,1,0.0695,0.000248,0.0164,0.654,0.314,154.139,4
spotify:track:07Vk1JPd5MgBJxdrMpnLNh,"The Book of Heavy Metal (March of the Metallians)","The Book of Heavy Metal","Dream Evil",2004-07-13,325800,45,false,,2021-06-10T13:02:57Z,"power metal,metal,heavy metal,symphonic metal,speed metal","Century Media",0.386,0.944,0,-4.334,1,0.0941,0.0000679,0.0153,0.338,0.374,154.175,4
spotify:track:6Ns6ZLgRKPym5Rxj3BZzzG,"sweet mary c","The Last Great Hope","Electric Mary",2014-08-01,184093,35,false,,2021-06-10T11:59:32Z,"blues rock","Electric Mary",0.17,0.888,5,-4.115,1,0.0462,0.00109,0.00625,0.234,0.394,88.651,4
spotify:track:1ziSLaHbCQHhn9BSCQnIzY,"Rust","Repeat Until Death","Bombus",2016-02-26,244093,24,false,,2021-06-10T10:56:41Z,"stoner metal,stoner rock","Century Media",0.52,0.79,5,-5.125,1,0.0407,0.0000117,0.0029,0.104,0.733,117.003,4
spotify:track:1ydZRag9jS1VAXcUs8DAu9,"Heavy Fuel","On Every Street","Dire Straits",1991-09-10,309866,56,false,,2021-06-10T07:16:09Z,"classic rock","EMI",0.616,0.813,9,-8.069,1,0.0275,0.0164,0.0498,0.235,0.778,131.99,4
spotify:track:1y6HJqWv71bML3FEZNFOrS,"Red Sky","In The Army Now","Status Quo",1986,255226,40,false,,2021-06-10T07:12:13Z,"glam rock,blues rock","UMC (Universal Music Catalogue)",0.691,0.907,0,-7.087,1,0.0392,0.0316,0.0855,0.105,0.653,149.713,4
spotify:track:6kooDsorCpWVMGc994XjWN,"Black Betty","Ram Jam","Ram Jam",1977-06-20,240335,74,false,,2021-06-10T07:09:54Z,"southern rock","Epic",0.465,0.907,11,-6.404,0,0.113,0.0241,0.00118,0.13,0.681,117.293,4
spotify:track:163Kb2pSLLduhfbO6Zn0sL,"Inside Out","F8","Five Finger Death Punch",2020-02-28,226348,57,true,,2021-06-01T15:40:02Z,"metal,groove metal,heavy metal,hard rock,rock","Better Noise Music",0.476,0.991,4,-2.855,0,0.15,0.00191,0,0.121,0.202,82.997,4
spotify:track:28sMmBCmfHoy6NjZnovEYG,"Balls to the Wall","Balls To The Wall","Accept",1983,342600,0,false,,2021-06-01T14:59:24Z,"heavy metal,speed metal,metal,thrash metal,hard rock","Epic",0.544,0.739,9,-7.383,1,0.0517,0.00392,0.000143,0.168,0.328,118.287,4
spotify:track:7GonnnalI2s19OCQO1J7Tf,"Kickstart My Heart","Dr. Feelgood","Mötley Crüe",1989,282653,6,false,,2021-06-01T14:54:55Z,"glam metal,glam rock,hard rock","Mötley Records",0.359,0.981,7,-3.622,0,0.303,0.00125,0.00236,0.284,0.271,178.98,4
spotify:track:2RaA6kIcvomt77qlIgGhCT,"Breaking the Law","British Steel","Judas Priest",1980,153840,70,false,,2021-06-01T14:46:12Z,"heavy metal,metal,hard rock,glam metal","Sony Music CG",0.362,0.961,2,-5.664,1,0.0857,0.024,0.00000935,0.159,0.491,164.019,4
spotify:track:4aVThKiLUQamvNEgrQinqb,"Big Disaster","Shake the World","Black Swan",2020-02-14,277153,22,false,,2021-05-26T15:49:14Z,"arena rock,aor,hard rock,glam metal","Frontiers Records s.r.l.",0.482,0.902,8,-6.752,1,0.0347,0.0000773,0.398,0.385,0.67,140.02,4
spotify:track:4NPwG8bMFoBPqCKUi02e7I,"Step Up (I'm On It)","III","Maylene And The Sons Of Disaster",2009-06-22,207453,39,false,,2021-05-26T09:44:55Z,"southern rock","Ferret Music",0.488,0.98,0,-3.205,1,0.0449,0.00000348,0.148,0.25,0.544,140.045,4
spotify:track:7ejeH1jjWj4zgxJwSJUacf,"Rock'n'roll Survivors","Fistful of Fire","Bonfire",2020-04-03,233293,20,false,,2021-05-26T09:19:36Z,"arena rock,aor,glam metal,hard rock","AFM Records",0.563,0.932,1,-4.306,1,0.0408,0.0000769,0.462,0.0156,0.745,131.984,4
spotify:track:4kUMfefHiemc0qPqCzbOa5,"Games People Play","In The Land Of Salvation And Sin","The Georgia Satellites",1989,220893,38,false,,2021-05-26T07:41:24Z,"southern rock","Rhino/Elektra",0.308,0.747,7,-11.524,1,0.0615,0.0175,0,0.596,0.608,179.573,4
spotify:track:5Q1kDli74zvXpNYFhQKrxU,"Tweeter And The Monkey Man","Picture Of Health (International Version)","Headstones",1993-01-01,218093,45,false,,2021-05-26T07:37:37Z,"","Universal Music Canada",0.553,0.867,9,-9.599,1,0.0473,0.000171,0.525,0.101,0.785,140.006,4
spotify:track:5mCuc8RrujOdKaqQ5dH9so,"Big Mouth","Pearl River","Mike Zito",2009-09-22,248080,35,false,,2021-05-25T09:32:12Z,"modern blues,blues,blues rock","Eclecto Groove Records",0.604,0.743,5,-6.442,0,0.0349,0.0971,0.000131,0.0604,0.823,99.37,4
spotify:track:7wSyVCWwyFVLTjiokQKX8O,"Youth Gone Wild","Youth Gone Wild","Sershen&Zaritskaya",2019-08-26,195291,26,false,,2021-05-25T09:00:36Z,"","926049 Records DK",0.555,0.935,8,-3.196,0,0.0554,0.000194,0.0000501,0.493,0.552,118.997,4
spotify:track:3vrbqBTavQ6vIjr2HpzCfB,"No Easy Way Out","From Hell With Love","Beast In Black",2019-02-08,245267,52,false,,2021-05-25T08:50:36Z,"power metal,symphonic metal,metal","Nuclear Blast",0.519,0.89,10,-5.799,0,0.0431,0.000204,0.00000564,0.12,0.617,132.023,4
spotify:track:0Icr31tIWqpjNquLrbJ3oT,"Chrome Horse","Burning Flame","Bryce Janey",2013-11-01,281640,23,false,,2021-05-25T07:47:52Z,"blues rock,modern blues,blues","Grooveyard Records",0.589,0.728,2,-5.818,1,0.0312,0.00276,0.0752,0.257,0.388,123.316,4
spotify:track:0jlkR7EpKrJGY3asX63rm3,"Louder Harder Faster","Louder Harder Faster","Warrant",2017-05-12,176616,0,false,,2021-05-25T07:34:57Z,"glam metal,glam rock","Frontiers Music s.r.l",0.325,0.927,1,-2.924,1,0.0502,0.00777,0,0.222,0.617,79.658,4
spotify:track:4nCxotAmI2GedrKNO2IXrL,"I'm so High","Ten Years of Pussy","Nashville Pussy;Danko Jones",2015-05-08,232546,0,false,,2021-05-25T07:27:05Z,"psychobilly,punk","Steamhammer",0.346,0.959,9,-6.071,1,0.0547,0.000146,0.555,0.322,0.651,149.243,4
spotify:track:4PnocRqEU3XBa2qC6xG4gB,"Count On Me","Count On Me","Bullseye",2010-05-29,258453,23,false,,2021-05-25T07:24:23Z,"","ExtendedPixel",0.392,0.971,8,-5.99,1,0.0875,0.0000189,0.0283,0.0862,0.302,163.251,4
spotify:track:1YEMHIIUFK1XzaTkGuaCQ5,"Heavy Metal Love","No Rest for the Wicked","Helix",1983,183333,40,false,,2021-05-25T07:19:23Z,"glam metal,glam rock","EMI Music Canada",0.477,0.846,1,-4.976,1,0.0511,0.000362,0.000092,0.546,0.877,123.298,4
spotify:track:6lJKwx9q3qiB7vgvIYL3FA,"New Day Rising","New Day Rising","Von Hertzen Brothers",2015-03-20,330533,28,false,,2021-05-25T07:11:11Z,"finnish rock,progressive rock,progressive metal,finnish pop","Universal Music Oy",0.423,0.945,2,-5.552,1,0.0457,0.0000178,0.0134,0.381,0.384,158.019,4
spotify:track:3kkZMOxToQslMHB4UF0W4W,"Bite Back","Power Crazy","The Treatment",2019-03-13,205293,3,false,,2021-05-25T06:55:47Z,"hard rock,aor","AVALON LABEL",0.655,0.91,8,-2.762,0,0.0376,0.0419,0.000964,0.07,0.551,131.987,4
spotify:track:2fCXGyWLazfdiChzAkm6Wq,"Working on It","New Light Through Old Windows","Chris Rea",1988-10-17,265226,42,false,,2021-05-25T06:40:33Z,"christmas","Rhino",0.57,0.815,4,-11.413,1,0.0676,0.22,0.0000423,0.444,0.329,127.693,4
spotify:track:7FiWAETL6Ca1xhP8ZeI1UZ,"Lay Down Your Guns (feat. The Living End)","Hindsight","Jimmy Barnes;The Living End",2014-10-24,213400,0,false,,2021-05-24T18:35:21Z,"psychobilly","Mascot Records",0.565,0.917,2,-3.954,1,0.0329,0.00182,0.00000622,0.0738,0.489,132.001,4
spotify:track:0Ge7eymnq7B3UJkDV1duOJ,"R.I.P.","Beyond Control","Polution",2012-05-25,216186,11,false,,2021-05-06T04:49:20Z,"","Escape Music Ltd.",0.637,0.906,7,-3.361,1,0.0486,0.00197,0.0785,0.109,0.531,141.98,4
spotify:track:2H7gF0tE5chH8x66pNBQLU,"No Bull","Welcome to Town Now Get the Hell Out","The Killbilly 5'ers",2012-10-25,197000,8,true,,2021-05-06T04:35:00Z,"","Nö Büll Recörds",0.641,0.834,11,-4.969,1,0.031,0.00963,0.00108,0.187,0.664,97.026,4
spotify:track:32pi4R434sfXcicxJN4Jsa,"Burn Down the Trailer Park","Welcome to Town Now Get the Hell Out","The Killbilly 5'ers",2012-10-25,288000,29,true,,2021-05-05T16:38:29Z,"","Nö Büll Recörds",0.537,0.932,4,-5.665,1,0.065,0.000352,0.0000362,0.37,0.765,156.021,4
spotify:track:08IBauGKxfuKmM1v625iHo,"HELL RAISING WOMEN","CRAZY LIXX","Crazy Lixx",2014-11-05,210080,0,false,,2021-05-05T16:29:49Z,"glam metal,aor,arena rock,glam rock,hard rock","KING RECORDS",0.417,0.984,5,-3.368,0,0.0656,0.000469,0.000764,0.297,0.338,142.046,4
spotify:track:6sLugY7EOCptvCNZxyGkOT,"High Society Bitch","The Blackened Heart","Hard Riot",2014-06-06,194703,0,true,,2021-05-05T16:26:17Z,"hard rock","Pitch Black Records",0.574,0.849,0,-1.886,1,0.0391,0.000147,0,0.169,0.84,134.958,4
spotify:track:7iN1LM76N4GeLMQHzXKHDh,"Ain't Ever Gonna Win (Without A Little Bit of Sin)","Ironwood","Hogjaw",2010-05-20,389786,4,false,,2021-05-05T16:23:24Z,"southern rock,country rock,blues rock","swampjawbeamusic L.L.C",0.371,0.973,9,-3.86,1,0.211,0.000288,0.00735,0.128,0.335,180.179,4
spotify:track:2tUXVOcSjiqhRQlG5Yie8s,"Leave Nothing Behind","Chapter One","Black Swamp Water",2016-08-26,256909,17,false,,2021-05-05T16:16:57Z,"southern rock","Mighty Music",0.342,0.963,0,-4.237,1,0.0957,0.0000222,0.0389,0.369,0.408,170.158,4
spotify:track:4Zs0lItWVrolIZg47xef78,"Black Betty","Booze 'N' Boogie","Whiskey Hell",2013-05-17,234146,4,false,,2021-05-05T16:11:46Z,"blues rock,southern rock,hard rock","Keiler-Records",0.328,0.79,1,-6.611,0,0.0423,0.0000129,0.0194,0.192,0.334,115.923,4
spotify:track:4MR6Ly1jZVbN31crvjrokg,"El Camino","Devil In The Details","Hogjaw",2008-05-28,212346,20,false,,2021-05-05T15:47:12Z,"southern rock,country rock,blues rock","Hogjaw",0.619,0.894,4,-4.21,1,0.0963,0.0256,0.000794,0.0579,0.612,100.532,4
spotify:track:5SPvEN21v3k3ky0BU6xa7n,"Up On Bricks","BMF Ball","Los Bastardos Finlandeses",2015-01-30,248826,4,false,,2021-05-05T14:49:34Z,"finnish rock","100%",0.492,0.948,9,-3.223,0,0.0386,0.0000306,0.00000683,0.148,0.362,127.991,4
spotify:track:0baZSyZzsKSigMmoDno6Uk,"Cat Scratch Fever","Reinventing the Steel (20th Anniversary Edition)","Pantera",2020-10-30,229015,45,false,,2021-05-05T11:46:04Z,"groove metal,metal,thrash metal,heavy metal","Rhino/Elektra",0.425,0.94,4,-4.475,1,0.0768,0.00016,0.81,0.323,0.419,128.605,4
spotify:track:3hNC0RtfJNKPXzK03vMeXa,"Bitch in the Box","Pounding the Pavement","Anvil",2018-01-19,268242,16,false,,2021-05-05T10:31:13Z,"speed metal,heavy metal,thrash metal,metal","Steamhammer",0.544,0.909,9,-3.208,1,0.0865,0.00443,0.00000959,0.407,0.727,119.377,4
spotify:track:3Ua7JnD2b2XeS2G3kEPPK3,"I'm Coming Home","No Way out of Hell","Wild Rooster",2013-10-11,166333,32,false,,2021-05-04T03:56:26Z,"rockabilly,psychobilly,rock and roll","Rockin'Rollin' Products",0.577,0.918,4,-8.04,0,0.0339,0.00489,0.0000769,0.249,0.723,95.069,4
spotify:track:3dAjuDCMfPwGVfnFVXowfL,"Bite The Bullet","Bite The Bullet","Bullet",2008,163800,30,false,,2021-05-04T03:28:32Z,"heavy metal,speed metal,hard rock","Black Lodge",0.474,0.884,11,-6.207,0,0.0443,0.0000203,0.455,0.108,0.371,152.077,4
spotify:track:10UlU5E5RfydywnKmA1nFL,"Chip","Off the Leash","The Real McKenzies",2008-08-05,194453,8,false,,2021-04-30T13:18:51Z,"celtic punk,celtic rock,celtic,sea shanties,folk punk,punk","Fat Wreck Chords",0.43,0.887,5,-5.656,1,0.0435,0.00294,0.00000134,0.0804,0.892,159.981,4
spotify:track:0B0y2FImat9j9MJTNRZWfW,"Automatic","Platinum","Miranda Lambert",2014-06-02,247826,55,false,,2021-04-29T17:26:24Z,"country","RCA Records Label Nashville",0.591,0.703,10,-6.211,1,0.0256,0.0435,0.00000234,0.145,0.402,95.993,4
spotify:track:0kOG4bwpKgRlcJw1NA6csR,"Long Hot Summer Day","Diamonds & Gasoline","Turnpike Troubadours",2010-08-31,252480,60,false,,2021-04-29T17:08:10Z,"red dirt,texas country,alt country,country,outlaw country,americana","Bossier City Records",0.476,0.652,9,-5.783,1,0.0277,0.0981,0,0.0923,0.557,145.356,4
spotify:track:0ya80Qhw7hgeJp2L6zvxcj,"Shoot Me Straight - Radio Edit","Shoot Me Straight (Radio Edit)","Brothers Osborne",2018-01-19,207053,43,false,,2021-04-29T16:52:53Z,"country,country rock","EMI Music Nashville (ERN)",0.643,0.782,2,-6.012,1,0.0445,0.00751,0.0000135,0.082,0.571,96.97,4
spotify:track:3hLuHKzG1cmlRpq53ZVWd8,"The Good Ones","Goldmine","Gabby Barrett",2020-06-19,215140,70,false,,2021-04-29T16:10:31Z,"country","Warner Records Nashville",0.519,0.552,2,-5.023,1,0.0259,0.18,0,0.149,0.331,89.957,4
spotify:track:6Ymvlzom4TQeoKqAWsZRD8,"Somethin' 'Bout A Truck","Up All Night","Kip Moore",2012-01-01,213826,64,false,,2021-04-29T14:53:38Z,"country","MCA Nashville",0.554,0.794,11,-5.417,1,0.035,0.0697,0,0.63,0.79,176.01,4
spotify:track:2ruYYd5CAlXujmzomLpweJ,"Don't Get Better Than That","Don't Get Better Than That","LOCASH",2017-12-29,197524,0,false,,2021-04-29T14:50:49Z,"country,country hip hop","Reviver Records, LLC.",0.532,0.917,4,-3.319,1,0.0373,0.0757,0.0000122,0.0775,0.448,130.036,4
spotify:track:0dbzWSYpMcRtwjI1S7Pkql,"Huntin', Fishin' And Lovin' Every Day","Kill The Lights (Deluxe)","Luke Bryan",2015-08-07,278613,64,false,,2021-04-29T14:46:43Z,"country,acoustic country","Capitol Records Nashville",0.543,0.81,0,-4.275,1,0.0368,0.14,0.0000123,0.145,0.395,76.978,4
spotify:track:6h0FOQxhnq0iqVsf0I9WsZ,"White Trash Story","Casey Donahew Band","Casey Donahew",2006-01-01,220586,52,false,,2021-04-29T14:42:14Z,"texas country,red dirt,country","Casey Donahew Band",0.669,0.716,4,-6.651,1,0.038,0.125,0,0.117,0.773,91.972,4
spotify:track:2WKLUgklz0VDX5bKTZ3eYD,"Buy Me a Boat","Buy Me a Boat","Chris Janson",2015-10-30,179077,65,false,,2021-04-29T14:36:33Z,"country","Warner Records",0.574,0.745,2,-6.663,1,0.0507,0.319,0,0.11,0.693,154.042,4
spotify:track:6viHvc13l9A6Ua6xugpeX6,"Last Shot","SLOWHEART","Kip Moore",2017-09-08,228480,53,false,,2021-04-29T14:33:22Z,"country","MCA Nashville",0.487,0.859,4,-4.403,1,0.0488,0.00204,0,0.322,0.377,148.037,4
spotify:track:1cktZnxiONH0hR6Q3DKy8h,"Drink In My Hand","Chief","Eric Church",2011-01-01,191306,71,false,,2021-04-29T14:28:21Z,"country,acoustic country","EMI Records Nashville",0.626,0.913,0,-4.452,1,0.0317,0.00635,0,0.293,0.946,113.045,4
spotify:track:3EWQsarNCItwHn9hE2MHTn,"Last Time for Everything","Love and War","Brad Paisley",2017-04-21,230831,44,false,,2021-04-29T14:26:22Z,"country","Arista Nashville",0.482,0.739,7,-5.476,1,0.0342,0.422,0.0000187,0.468,0.613,155.932,4
spotify:track:10ps1I1sIMRNZW11eceN7W,"Where I Come From","Rebels on the Run","Montgomery Gentry",2011-10-18,201840,50,false,,2021-04-29T14:18:07Z,"country,acoustic country","Average Joes Entertainment",0.62,0.852,1,-4.203,1,0.0308,0.0108,0.00000494,0.279,0.479,90.038,4
spotify:track:5fKbYBhU4iTm81YTqpYa0t,"Somebody to Thank","Come Back Road","Logan Mize",2017-07-28,211224,0,false,,2021-04-29T14:05:57Z,"country","Big Yellow Dog Music, a division of Big Yellow Dog, LLC. All rights reserved.",0.615,0.675,2,-4.717,1,0.0263,0.0209,0,0.111,0.512,135.965,4
spotify:track:5XQv5uep3VmhEuDWeFwRep,"Kinda Don't Care","Kinda Don't Care","Justin Moore",2016-01-01,261800,50,false,,2021-04-29T13:52:17Z,"country,acoustic country","The Valory Music Co., LLC",0.584,0.752,1,-5.674,1,0.0309,0.0974,0.0000305,0.0544,0.735,150.046,4
spotify:track:3I74lFPU8RE17EIfYz351J,"The Ones That Like Me","The Devil Don't Sleep","Brantley Gilbert",2017-01-27,205266,48,false,,2021-04-29T13:48:56Z,"country,country rock,country hip hop,acoustic country","The Valory Music Co., LLC",0.437,0.834,6,-3.807,1,0.0404,0.0329,0.00000103,0.383,0.436,154.053,4
spotify:track:5fWedJWElZ56cjiBGMUzwL,"Hotter Than Hell","Diamond Cuts: The B-Sides","Airbourne",2017-09-29,243357,0,false,,2021-04-29T09:45:50Z,"hard rock","Nettwerk Records",0.44,0.953,9,-3.571,1,0.08,0.00279,0.253,0.338,0.331,165.096,4
spotify:track:2QfcGf6OhxF2TK769d3rFs,"Heartbreaker","Runnin' Wild","Airbourne",2007-01-01,236160,0,false,,2021-04-29T09:42:04Z,"hard rock","Roadrunner Records",0.546,0.942,7,-3.036,1,0.0451,0.000178,0.145,0.362,0.407,151.055,4
spotify:track:2FJuVVDbfrVunAK0MR7IRx,"Blonde, Bad And Beautiful","No Guts. No Glory","Airbourne",2010,229240,0,false,,2021-04-29T09:36:14Z,"hard rock","Roadrunner Records",0.557,0.954,9,-2.788,1,0.0586,0.0000398,0.00291,0.0774,0.55,131.368,4
spotify:track:4leeqTvjJeSlfj45lajaTA,"We Fight for Rock n Roll","Thundermother","Thundermother",2018-02-23,178052,0,false,,2021-04-29T09:13:52Z,"hard rock","Despotz Records",0.572,0.831,2,-3.904,1,0.0447,0.00191,0,0.137,0.536,126.025,4
spotify:track:0jSfhmCVSmS7bYHk9ZZWqU,"Man with Blues","Rock 'N' Roll Disaster","Thundermother",2014-01-01,271986,0,false,,2021-04-29T09:09:57Z,"hard rock","Despotz Records",0.373,0.793,1,-3.947,1,0.0372,0.000321,0.00235,0.313,0.273,137.211,4
spotify:track:0KU8BYpNr112tz68grzVVp,"Bear the Cross","A Dead Heavy Day","Poisonblack",2008-07-13,230506,25,false,,2021-04-20T13:06:46Z,"gothic metal,gothic rock,finnish rock,doom metal","Century Media",0.418,0.916,9,-4.695,1,0.0705,0.000801,0.0000297,0.117,0.482,139.87,4
spotify:track:4iTlGw3WqMzBpQslxNZo4D,"Driving In Style","Driving In Style","Thundermother",2020-04-17,223666,36,false,,2021-04-20T10:07:01Z,"hard rock","AFM Records",0.495,0.948,9,-3.295,0,0.0527,0.0000098,0.00000194,0.0891,0.418,90.021,4
spotify:track:13WxL3gtXqI3CI7TlYDLqP,"My Hometown","Life Of The Party","Charlie Robison",1998-08-04,262866,51,false,,2021-04-19T12:16:02Z,"texas country,red dirt,alt country,outlaw country","Lucky Dog",0.565,0.503,7,-8.638,1,0.0283,0.138,0,0.0945,0.567,141.042,4
spotify:track:7qvbVYCBCgPYUntoTcUUC2,"Son of a Witch","The Bootleg Series, Vol. 3: Son of a Witch","Justin Johnson",2021-03-21,297360,37,false,,2021-04-15T14:11:18Z,"blues,southern gothic,country blues,blues rock","Justin Johnson",0.381,0.206,2,-12.575,0,0.0331,0.689,0.9,0.111,0.123,166.282,4
spotify:track:0Fc3Mpv7q5nKLPZLCRQ5vj,"Taking My Time","Battering Ram","Battering Ram",2020-01-24,310253,14,false,,2021-04-13T13:47:22Z,"","Skivtryck, DiscRepublic",0.542,0.942,5,-5.282,0,0.0699,0.000485,0.0000635,0.525,0.574,141.96,4
spotify:track:0tKjVEJlX3IZ5L1rEJc5hh,"When I See You Smile","Bad English","Bad English",1989-06-15,257440,63,false,,2021-04-13T12:15:52Z,"aor,glam metal","Epic",0.495,0.609,7,-9.902,1,0.0339,0.42,0,0.187,0.33,135.671,4
spotify:track:0GAHEl0oyur0Z3qxbCmt8s,"Whatever Gets You Off","Whatever Gets You Off","The Last Vegas",2009-04-14,228840,0,false,,2021-04-13T12:10:40Z,"glam metal","Eleven Seven Music",0.415,0.886,2,-3.977,1,0.046,0.000111,0.0139,0.161,0.534,150.071,4
spotify:track:4qgZs0RNjdzKAS22lP0QjY,"Where The Streets Have No Name - Remastered","The Joshua Tree (Super Deluxe)","U2",1987-03-03,337505,70,false,,2021-04-13T11:48:20Z,"rock","UMC (Universal Music Catalogue)",0.49,0.724,2,-9.581,1,0.0366,0.00976,0.0046,0.159,0.292,125.812,4
spotify:track:0qCQ4qe6fO4cRQsG0eqY4C,"Drums of War","Drums of War","Tindrum",1988-01-01,260666,30,false,,2021-04-09T16:54:30Z,"norsk rock,aor,arena rock,glam metal","Starbeat",0.521,0.823,2,-11.678,1,0.0296,0.111,0.0000209,0.128,0.535,94.059,4
spotify:track:2RpK4rx8wfXJS1brkMDeT6,"The Great White Buffalo","Tooth, Fang & Claw","The Amboy Dukes",1974,297842,35,false,,2021-04-09T16:51:10Z,"acid rock,proto-punk,psychedelic rock,garage rock","BizarrePlanet Entertainment",0.485,0.807,8,-10.632,1,0.0336,0.00409,0.494,0.0488,0.896,146.762,4
spotify:track:1xgOEjPTp3dpTsqHiKPBFx,"I've Got the Fire","Ecstasy","Kissin' Dynamite",2018-07-06,272160,34,false,,2021-04-09T13:38:08Z,"glam metal,arena rock","Columbia Local",0.547,0.904,5,-5.006,1,0.0368,0.0000442,0,0.131,0.137,117.032,4
spotify:track:1edoYv7eYCeTzzQqFjvsDu,"Baby","Weekend Man","Royal Republic",2016-02-26,172600,51,false,,2021-04-09T11:31:02Z,"","Vertigo Berlin",0.575,0.932,7,-2.72,1,0.0376,0.0000161,0.0188,0.0476,0.659,109.989,4
spotify:track:5NL2CWbPqD9T4p0M7vI6ES,"Riding with the Angels","Shock Tactics (Bonus Track Edition)","Samson",1981-05-01,223026,0,false,,2021-04-09T11:17:07Z,"heavy metal,speed metal","Castle Communications",0.31,0.939,2,-7.906,1,0.0612,0.0353,0.0000095,0.216,0.33,174.005,4
spotify:track:0nTiEhQGihSefnVOKzsLmm,"Driving In Style","Heat Wave","Thundermother",2020-07-31,223666,52,false,,2021-04-09T11:14:19Z,"hard rock","AFM Records",0.495,0.948,9,-3.295,0,0.0527,0.0000098,0.00000194,0.0891,0.418,90.021,4
spotify:track:6CgXnYdhElvqtfEXfvmxA3,"Got No Shame","Brother Cane","Brother Cane",1993-01-01,274600,39,false,,2021-04-09T11:04:45Z,"southern rock","Virgin Records",0.48,0.978,1,-5.636,1,0.0773,0.0257,0.00247,0.403,0.655,150.319,4
spotify:track:3hMxAPl8lko0bnq7C0qPbW,"Dead, Jail Or Rock 'N' Roll","Not Fakin' It","Michael Monroe",1989,271026,33,false,,2021-04-09T11:00:04Z,"glam metal,finnish rock,glam rock","Island Def Jam",0.271,0.981,4,-6.497,1,0.121,0.0527,0.0028,0.17,0.373,168.339,4
spotify:track:4MyhuP2i79j40wXNDdR4zo,"Until I Die","Inglorious","Inglorious",2016-02-19,354773,28,false,,2021-04-09T10:56:43Z,"hard rock,aor,arena rock","Frontiers Records",0.352,0.798,1,-5.974,1,0.0613,0.000362,0.164,0.127,0.133,158.035,4
spotify:track:2EOOVBCor9RI8DP0zjKXrB,"Shakin' Hands With the Holy Ghost","The Whippoorwill (3 Bonus Track UK/EU Edition)","Blackberry Smoke",2012,225640,36,false,,2021-04-09T10:44:02Z,"southern rock,country rock,outlaw country,red dirt","Earache Records Ltd",0.492,0.878,7,-3.842,1,0.0357,0.0454,0,0.112,0.387,119.802,4
spotify:track:4SJMUQp7M4MaUZL8vjR2IO,"Nothing But Trouble","Tropical Hazards","The Lazys",2018-02-16,228400,32,false,,2021-04-09T10:40:38Z,"","HRD Music Inc.",0.533,0.923,8,-2.766,1,0.0335,0.000525,0.00227,0.0243,0.652,140.102,4
spotify:track:1KSvIKU3BUsYo0rvLu1G0W,"Damn That Man","Sick My Duck","Backstreet Girls",2009-04-27,251560,0,false,,2021-04-08T13:31:33Z,"norsk rock","FaceFront",0.16,0.982,4,-4.167,1,0.0985,0.0000515,0.0195,0.351,0.297,194.109,4
spotify:track:7txxAtOMwLLnQTpKeBL6bp,"Mother","Danzig","Danzig",1988-01-01,204866,73,true,,2021-04-08T10:58:22Z,"horror punk","American Recordings Catalog P&D",0.365,0.763,11,-9.45,0,0.0591,0.00726,0.000457,0.0865,0.342,148.366,4
spotify:track:72vjPBpLyuwS5ik1y1E5YE,"Heroes","Under Cöver","Motörhead",2017-09-01,276999,11,false,,2021-04-08T10:39:13Z,"heavy metal,metal,speed metal,hard rock,rock","Motörhead Music",0.464,0.955,6,-5.55,1,0.0556,0.000194,0.611,0.0954,0.312,124.993,4
spotify:track:3nlGByvetDcS1uomAoiBmy,"The Number of the Beast - 2015 Remaster","The Number of the Beast (2015 Remaster)","Iron Maiden",1982,290586,70,false,,2021-04-08T10:19:26Z,"heavy metal,metal,hard rock,rock","Parlophone UK",0.409,0.89,0,-6.839,1,0.0558,0.088,0.107,0.0935,0.268,100.409,4
spotify:track:3PtaFRuHFIlF6ZcMVE4lF8,"Princess Of The Dawn","Restless And Wild","Accept",1982,376306,47,false,,2021-04-08T09:57:26Z,"heavy metal,speed metal,metal,thrash metal,hard rock","Brain",0.631,0.495,2,-13.374,1,0.0326,0.00976,0.06,0.174,0.413,128.818,4
spotify:track:6J2VvzKwWc2f0JP5RQVZjq,"Yuve Yuve Yu","Yuve Yuve Yu","The HU",2018-10-14,282920,0,false,,2021-02-26T17:02:42Z,"folk metal","Eleven Seven Music",0.624,0.857,10,-6.25,0,0.0542,0.0208,0.206,0.11,0.324,131.926,4
spotify:track:0XIvZ82aDF7JiSi3ZE320u,"Rock You Like A Hurricane","Love At First Sting","Scorpions",1984-05-04,252493,1,false,,2021-02-26T16:49:15Z,"hard rock,glam metal,rock","Universal/Island Def Jam",0.482,0.601,7,-12.846,1,0.0486,0.00853,0.000187,0.249,0.774,125.619,4
spotify:track:1Fr7OlVZrc3mDvru8j2cFi,"No Surrender","Firepower","Judas Priest",2018-03-09,173973,48,false,,2021-02-26T16:02:32Z,"heavy metal,metal,hard rock,glam metal","Columbia",0.605,0.897,7,-6.08,1,0.0384,0.000414,0.000719,0.0666,0.708,130.054,4
spotify:track:2ZUwWeKqATndRNoUOwoPyV,"Hellevator","Hellevator","Thundermother",2016-11-04,193613,43,false,,2021-02-26T08:57:05Z,"hard rock","Despotz Records AB",0.662,0.716,4,-4.186,0,0.0343,0.00174,0.000306,0.444,0.699,111.975,4
spotify:track:3RkPz9rLmwOlAL07KhSUID,"I'm Going To Hell For This","Breakin' Outta Hell","Airbourne",2016-09-23,225408,0,false,,2021-02-26T08:46:40Z,"hard rock","Spinefarm Records UK",0.56,0.979,11,-2.234,0,0.131,0.000243,0.477,0.165,0.206,124.029,4
spotify:track:40SxklYjszPAxNbMze1psT,"Let's Ride","Runnin' Wild (Special Edition)","Airbourne",2007-01-01,207500,0,false,,2021-02-26T08:17:05Z,"hard rock","Nettwerk Records",0.429,0.987,9,-2.734,0,0.167,0.000619,0.0767,0.134,0.181,174.993,4
spotify:track:0ftI6xufArmfb3zJYcApYw,"Ransacker","Killing It For Life","Mustasch",2019-11-15,312534,37,false,,2021-02-26T08:09:26Z,"stoner rock","Tritonus Records / Mustasch AB",0.53,0.955,2,-2.834,1,0.0809,0.000155,0,0.347,0.414,158.031,4
spotify:track:3UWYmWg9j8KVV08ANBqcLB,"White Trash Millionaire","Between the Devil & the Deep Blue Sea (Special Edition)","Black Stone Cherry",2011-05-27,198680,53,false,,2021-02-26T08:08:07Z,"southern rock,post-grunge,hard rock","Roadrunner Records",0.485,0.898,4,-3.75,1,0.0568,0.000776,0.00244,0.642,0.494,99.983,4
spotify:track:7pkWZL0kA26s754CwyK0SH,"Once Bitten Twice Shy","Twice Shy","Great White",1989-01-01,322896,0,false,,2021-02-26T08:03:10Z,"glam metal,glam rock,hard rock","Capitol Records",0.722,0.54,0,-14.025,1,0.0303,0.028,0.00319,0.133,0.608,131.676,4
spotify:track:5eY6P3W3feqWipGM5MuHqj,"Mighty Quinn","G.","Gotthard",1996,195640,43,false,,2021-02-26T07:48:06Z,"aor,arena rock,hard rock","Ariola",0.556,0.913,4,-4.856,1,0.036,0.00149,0.000011,0.109,0.811,98.432,4
spotify:track:2vtIydWBcUBvlJfRZ4kRrq,"Miss You","Golgotha","W.A.S.P.",2015-10-02,461440,49,false,,2021-02-26T07:31:30Z,"glam metal,heavy metal,glam rock,hard rock,metal","Napalm Records Handels GmbH",0.225,0.668,4,-5.517,0,0.0377,0.00299,0.128,0.111,0.0687,83.005,4
spotify:track:4DdUNOnJqMaIexPgrkZORr,"Party Like Tomorrow is the End of the World","All You Can Eat","Steel Panther",2014-04-01,241009,0,true,,2021-02-26T07:23:04Z,"glam metal,glam rock","STEEL PANTHER / DELBENO LLC.",0.588,0.969,8,-6.822,1,0.0674,0.00468,0,0.311,0.292,133.943,4
spotify:track:2wE7eJkf3IvxKwqiK3UoiO,"The Gods Made Heavy Metal","Louder Than Hell","Manowar",1996-01-01,363893,46,false,,2021-02-26T07:10:19Z,"power metal,heavy metal,metal,hard rock","Geffen",0.492,0.963,4,-5.328,0,0.0692,0.0000625,0.461,0.329,0.523,162.047,4
spotify:track:2PbVdIOJxI9ZhiPSjfmze2,"Thank You for the Demon","Thank You for the Demon","Mustasch",2014-01-15,221986,39,false,,2021-02-26T07:06:46Z,"stoner rock","GAIN",0.27,0.727,0,-4.928,1,0.0472,0.0000531,0.0000126,0.13,0.404,160.088,3
spotify:track:22KezdnLpayPKz4aTDt899,"Animal (Fuck Like A Beast)","W.A.S.P.","W.A.S.P.",1984,187493,50,true,,2021-02-25T17:54:55Z,"glam metal,heavy metal,glam rock,hard rock,metal","Snapper Music",0.299,0.963,1,-5.735,1,0.158,0.0159,0.00000702,0.549,0.15,143.539,4
spotify:track:4BAhIRDG9GNeMvcigDKF7L,"Wasted Time","Slave to the Grind","Skid Row",1991,348800,0,false,,2021-02-25T17:54:24Z,"glam metal,glam rock,hard rock","Rhino Atlantic",0.36,0.881,0,-6.815,0,0.048,0.0113,0,0.0742,0.295,84.861,4
spotify:track:3lllVJlWYVc2iwXXzQqVCu,"Do Me Like You Do Yourself","Breakin' Outta Hell","Airbourne",2016-09-23,237166,0,false,,2021-02-25T05:45:48Z,"hard rock","Spinefarm Records UK",0.586,0.985,2,-1.857,1,0.0461,0.00169,0.654,0.0367,0.706,125.07,4
spotify:track:06aCtrrExI18NgNwodjnql,"Ready To Rock","Black Dog Barking (Special Edition)","Airbourne",2013-05-21,324906,0,false,,2021-02-25T05:39:17Z,"hard rock","Roadrunner Records",0.185,0.995,7,-3.362,1,0.139,0.000135,0.852,0.133,0.0556,184.959,4
spotify:track:52sfkCimUqTPaS8Gu6Ur2a,"Live It Up","Black Dog Barking (Special Edition)","Airbourne",2013-05-21,265086,0,false,,2021-02-24T18:28:05Z,"hard rock","Roadrunner Records",0.369,0.919,3,-4.665,1,0.0381,0.00492,0.727,0.191,0.503,142.982,4
spotify:track:75P9eJ4OtShvS70Zw1KXNF,"Beat to Death Like a Dog","Get Used To It","Rhino Bucket",1992,294560,38,false,,2021-02-24T18:15:04Z,"glam metal,hard rock","Rhino/Warner Records",0.548,0.837,8,-8.136,1,0.0366,0.039,0.038,0.081,0.613,145.877,4
spotify:track:7cW2T26X4c2HhMDtlaM7sf,"The Rise of Chaos","The Rise of Chaos","Accept",2017-08-04,316906,26,false,,2021-02-24T17:45:06Z,"heavy metal,speed metal,metal,thrash metal,hard rock","Nuclear Blast",0.378,0.99,4,-4.438,0,0.0641,0.0000928,0.121,0.0934,0.504,194.046,4
spotify:track:3rxP9Bbs4avXKbEDJqqwRA,"Cold Sweat","Thunder And Lightning (Deluxe Edition)","Thin Lizzy",1983,186800,46,false,,2021-02-24T17:42:26Z,"classic rock,hard rock","UMC (Universal Music Catalogue)",0.254,0.89,6,-8.969,0,0.136,0.000577,0.321,0.115,0.203,170.454,4
spotify:track:71NvO4cZEmDcVg0s1ryrfg,"Rivalry","Breakin' Outta Hell","Airbourne",2016-09-23,243385,0,false,,2021-02-24T17:21:24Z,"hard rock","Spinefarm Records UK",0.496,0.967,2,-2.523,1,0.0988,0.016,0.0138,0.123,0.241,83.954,4
spotify:track:2v9855tCBy97Qp4BmMZscS,"Future World","Future World","Pretty Maids",1987-04-07,323960,39,false,,2021-02-24T17:16:44Z,"aor,arena rock,hard rock,glam metal,heavy metal,power metal","Columbia",0.529,0.843,7,-11.934,0,0.0548,0.00131,0.231,0.18,0.212,111.364,4
spotify:track:0pBGfw2mV9oQQZyipFDYxt,"Long Live The Renegades","レイズ・ア・リトル・ヘル","The Answer",2015-03-04,258213,0,false,,2021-02-24T15:01:58Z,"hard rock,blues rock","Universal Music LLC",0.586,0.744,2,-3.729,1,0.0961,0.00155,0.00245,0.346,0.609,127.087,4
spotify:track:3HFqO1Khvk1pdmhjz3tXsk,"Breakin' Outta Hell","Breakin' Outta Hell","Airbourne",2016-09-23,232425,0,true,,2021-02-24T14:57:18Z,"hard rock","Spinefarm Records UK",0.429,0.993,2,-2.772,1,0.157,0.0000465,0.762,0.163,0.256,172.08,4
spotify:track:0Dnvd0nZDfyumqiC2fSWhe,"Down On You","Breakin' Outta Hell","Airbourne",2016-09-23,258463,0,false,,2021-02-24T14:53:12Z,"hard rock","Spinefarm Records UK",0.533,0.997,9,-1.144,1,0.136,0.00307,0.156,0.0642,0.185,140.977,3
spotify:track:48IW9erDc07KlQRc6cKzAR,"Stand Up For Rock 'N' Roll","Runnin' Wild","Airbourne",2007-01-01,241200,0,false,,2021-02-24T13:43:46Z,"hard rock","Roadrunner Records",0.205,0.996,9,-3.581,0,0.419,0.00052,0.0171,0.316,0.048,183.028,4
spotify:track:0m3ykrDYndkWVKj8LL5zZl,"Never Been Rocked Like This","Breakin' Outta Hell","Airbourne",2016-09-23,187342,0,false,,2021-02-24T13:35:12Z,"hard rock","Spinefarm Records UK",0.562,0.978,0,-1.86,1,0.0659,0.000713,0.388,0.0675,0.54,138.03,4
spotify:track:0Ry2bTdNDnGaozETo7BBVj,"When I Drink I Go Crazy","Breakin' Outta Hell","Airbourne",2016-09-23,161482,0,false,,2021-02-24T13:29:18Z,"hard rock","Spinefarm Records UK",0.471,0.992,2,-2.391,1,0.154,0.000317,0.246,0.432,0.309,168.552,4
spotify:track:5S5GRSDNdEPjNjj07gORMf,"Back In The Game","Black Dog Barking (Special Edition)","Airbourne",2013-05-21,205506,0,false,,2021-02-24T13:14:56Z,"hard rock","Roadrunner Records",0.585,0.959,0,-2.966,1,0.0682,0.00269,0.204,0.23,0.447,97.002,4
spotify:track:2mr90zL2q0ZTMO3x5Gd3YW,"(Here Comes The) Rain","Love (Expanded Edition)","The Cult",2009-08-18,379066,31,false,,2021-02-24T05:30:22Z,"hard rock,gothic rock,glam metal","Beggars Banquet",0.544,0.72,0,-6.879,1,0.0384,0.000158,0.855,0.176,0.43,122.734,4
spotify:track:2YbHdXlXvAgLbZgb7kROJr,"Missin’ Yo’ Kissin’","The Big Bad Blues","Billy F Gibbons",2018-09-21,199386,46,false,,2021-02-24T04:56:42Z,"blues rock,blues,modern blues","Concord Records",0.549,0.905,9,-3.974,1,0.0433,0.0054,0.467,0.161,0.703,137.977,4
spotify:track:1WstbqWEOzi3FgZeQPDClQ,"Fred Bear","Spirit of the Wild","Ted Nugent",1995-05-02,462106,47,false,,2021-02-24T04:44:24Z,"classic rock,southern rock","Round Hill Music",0.421,0.867,9,-7.266,0,0.0764,0.132,0.00196,0.0267,0.438,158.505,4
spotify:track:1Aq8Qe3RrDbRSsnpTAgouc,"Fall Of The Peacemakers","No Guts, No Glory","Molly Hatchet",1983-05-19,483626,33,false,,2021-02-23T16:36:55Z,"southern rock,classic rock,country rock","Epic",0.244,0.725,7,-11.619,1,0.0404,0.0692,0.099,0.336,0.559,163.498,4
spotify:track:7u0b4DthVvd2F2EzCiOx0Z,"Turn up the Radio","Sign In Please","Autograph",1984,278506,52,false,,2021-02-23T16:26:36Z,"glam metal,aor,glam rock","RCA Records Label",0.629,0.79,2,-13.496,1,0.0429,0.0375,0.00034,0.13,0.428,110.295,4
spotify:track:6DVC4WmdKR19C3KfTzyg6D,"Night of the Demon","Night of the Demon","Demon",1981,198426,40,false,,2021-02-23T16:01:01Z,"heavy metal,speed metal,aor","Spaced Out Music",0.516,0.962,2,-2.528,0,0.0893,0.194,0.0142,0.559,0.62,131.818,4
spotify:track:0fBksbWGzxrnqqM45h4M7a,"Gear Jammer","Maverick","George Thorogood & The Destroyers",1985,279306,47,false,,2021-02-23T15:53:10Z,"classic rock,blues rock,southern rock","Capitol Records",0.218,0.932,7,-11.744,1,0.0674,0.00232,0.262,0.195,0.233,182.908,4
spotify:track:5DoLHMnjBvnJK1pih9XBbe,"Harder Faster - Live","Live... In the Raw","W.A.S.P.",1987,450120,38,false,,2021-02-23T12:41:39Z,"glam metal,heavy metal,glam rock,hard rock,metal","Madfish Music",0.231,0.947,8,-4.181,1,0.084,0.001,0.0000267,0.887,0.208,153.195,4
spotify:track:6Wn3pdFtAcnYJyJVITwt7N,"Girls Got Rhythm","Highway to Hell","AC/DC",1979-07-27,203918,66,false,,2021-02-19T07:59:29Z,"rock,hard rock,classic rock,rock and roll","Columbia",0.512,0.979,4,-4.267,0,0.156,0.0513,0.00102,0.358,0.535,137.794,4
spotify:track:2Ng8rpzfNPWHxCy91598wE,"Rock 'N' Roll Outlaw","Rose Tattoo","Rose Tattoo",1978,201200,0,false,,2021-02-17T09:53:16Z,"hard rock","Albert Productions",0.533,0.772,4,-11.588,1,0.0312,0.151,0.468,0.27,0.617,93.057,4
spotify:track:4ncVYIs3UFvitjvc8RIPkM,"(Ghost) Riders In the Sky - Digitally Remastered, 1996","Ghost Riders","The Outlaws",1980-09-03,351400,47,false,,2021-02-16T19:40:25Z,"southern rock,country rock","Legacy Recordings",0.228,0.896,9,-7.241,0,0.13,0.0132,0.0273,0.795,0.146,128.433,4
spotify:track:349Eq2qlIeKUYYjS47sMzV,"Solid Ball of Rock","Solid Ball of Rock","Saxon",1990,280533,0,false,,2021-02-16T19:37:35Z,"heavy metal,metal,hard rock,speed metal","Edsel",0.625,0.796,8,-7.888,1,0.0317,0.00911,0.0339,0.0642,0.677,126.065,4
spotify:track:4CZSFxinZi6ZspQnZndEDt,"Wheel In The Sky","Revelation","Journey",2008,301506,41,false,,2021-02-16T17:53:35Z,"aor,classic rock","Frontiers Records",0.469,0.918,2,-4.215,0,0.0667,0.00638,0,0.0915,0.664,104.925,4
spotify:track:1tTXWqYA0DPxhEGURogUA5,"Bad Seamstress Blues / Fallin' Apart At The Seams","Long Cold Winter","Cinderella",1988,319200,53,false,,2021-02-16T17:40:34Z,"glam metal,glam rock,hard rock","Mercury Records",0.511,0.86,7,-9.558,1,0.0491,0.0233,0.448,0.178,0.398,112.507,4
spotify:track:2Cdvbe2G4hZsnhNMKyGrie,"I Love Rock 'N Roll","I Love Rock 'N' Roll (Expanded Edition)","Joan Jett & the Blackhearts",1981-11-18,175173,78,false,,2020-12-16T22:56:46Z,"rock","Legacy Recordings",0.535,0.716,4,-5.025,1,0.0431,0.326,0,0.659,0.901,94.379,4
